text,intent,profession,source
مستعجل: نحتاج طباخة اليوم في سكيكدة,urgent_service,caterer,synth
وين نشري الزرع والورد للجنان في Bejaia؟,out_of_scope,none,synth
soudure ta3 porte metallique!! chkoun yji fissa3?,urgent_service,welder,synth
besoin d un ماصون serieux f بومرداس,find_worker,mason,synth
dork dork refaire la dalle ta3 la terrasse,urgent_service,mason,synth
الصباغة تقشرت في البيت شكون عندو حل,find_worker,painter,synth
les amis kifach nzid des photos l khedmti?,app_question,none,synth
خويا الكارلاج تاع الحمام تڨلع وولى يجمع الما شكون يجي يشوفها,find_worker,mason,synth
واش الأحوال؟ ياخو,greeting_chitchat,none,synth
je cherche un reparateur climatiseur à Oran,find_worker,ac_repair,synth
نحتاج sebbagh يجي غدوة الصباح لـ Boumerdes,find_worker,painter,synth
3awnouni tabbakha tji ttayeb f dar w rani 7asel,urgent_service,caterer,synth
camion sghir bach nne2lou les meubles chkoun 3ando solution,find_worker,mover,synth
ndiro des marches 9oddam el bab,find_worker,mason,synth
واش الأحوال؟ بارك الله فيكم,greeting_chitchat,none,synth
ya cheikh wach ne9der nesta3mel l appli offline?,app_question,none,synth
نحوس على طبيب أسنان مليح في Alger والله غير حاصل,out_of_scope,none,synth
nettoyage des vitres nta3 villa,find_worker,cleaner,synth
وين نشري الزرع والورد للجنان في بجايه؟,out_of_scope,none,synth
toute la maison sans courant!! chkoun yji fissa3?,urgent_service,electrician,synth
sa7bi gateaux traditionnels lel 3ers,find_worker,caterer,synth
دلوني على مول الضو شاطر ومعقول,find_worker,electrician,synth
كيفاش نديار كونت فيسبوك,out_of_scope,none,synth
nheb sebbak yji lyoum l Setif,find_worker,plumber,synth
win nechri gazon w les plantes f Chlef?,out_of_scope,none,synth
السياج الأخضر نتاع الجنان يحتاج تقليم,out_of_scope,none,synth
نحتاج واحد يعاونني في خدمة في الدار يجي غدوة الصباح لـ بومرداس,find_worker,none,synth
شحال يدير سودور في بومرداس؟,price_inquiry,welder,synth
rani n7awes 3la plaquiste f Batna,find_worker,plasterer,synth
راهي عندي نقل بيانو من الطابق الرابع وحاصل,find_worker,mover,synth
combien pour toute la maison sans courant?,price_inquiry,electrician,synth
combien pour reparer les volets ta3 fenetres?,price_inquiry,carpenter,synth
win nechri machine a coudre f Blida?,out_of_scope,none,synth
"saha, win nel9a pizzeria mli7a f Jijel?",out_of_scope,none,synth
ya khouya pc ta3i wela lourd bezzaf wach ndir?,out_of_scope,none,synth
شكون عندو نيميرو تاع kwafur في Annaba؟,find_worker,barber,synth
بشحال الخدمة تاع عاملة تنظيف تقريبا؟,price_inquiry,cleaner,synth
واش الأحوال؟ يعطيكم الصحة,greeting_chitchat,none,synth
كيفاش نشارك في العروض تاع الخدمات؟,app_question,none,synth
"saha, chokran",greeting_chitchat,none,synth
n7awes 3la dentiste mli7 f Alger,out_of_scope,none,synth
"bonjour, clim tetlok ri7a khayba!! chkoun yji fissa3?",urgent_service,ac_repair,synth
نحتاج تنظيف الدار قبل ما نسكنو فيها ونحتاج فام دو ميناج ديركت توا,urgent_service,cleaner,synth
restaurant mli7 l le diner f Bejaia?,out_of_scope,none,synth
plafond placo tah mennou tarf w ma 3reftch win nrou7,find_worker,plasterer,synth
"bonjour, win kayen pharmacie 9riba f Boumerdes?",out_of_scope,none,synth
يعطيكم الصحة، نحوس مول البناء ناشط في مستغانم,find_worker,mason,synth
حالة مستعجلة: السياج تاع الحديد تكسر ومحتاج سودير,urgent_service,welder,synth
شكون عندو نيميرو تاع واحد يعاونني في خدمة في الدار في تلمسان؟,find_worker,none,synth
شحال يكلف نحتاج نتوايا وصيانة الكليمة قبل الصيف؟,price_inquiry,ac_repair,synth
rani n7awes 3la wa7ed y3aweni f khedma f dar f Tiaret,find_worker,none,synth
كيفاه نمسح الحساب تاعي؟,app_question,none,synth
toilette bouchée w el ma ytla3 3awnouni,find_worker,plumber,synth
بشحال الخدمة تاع مول السباكة تقريبا,price_inquiry,plumber,synth
win kayen pharmacie 9riba f Bejaia? merci,out_of_scope,none,synth
drouk dork cuisine en bois sur mesure,urgent_service,carpenter,synth
نقدر نلقى كوافور يجي اليوم لـ بجاية؟,find_worker,barber,synth
عندي التابلو الكهربائي گديم ويخوف في الدار، واش نديار؟,find_worker,electrician,synth
wach ne9der ncancel demande b3aththa?,app_question,none,synth
شحال نخلص باش نصلح نحتاج نتوايا وصيانة الكليمة ابل الصيف؟,price_inquiry,ac_repair,synth
صاحبي نحب نديار كوزينة خشب على اياس شكون عندو حل,find_worker,carpenter,synth
صحا، نحوس أستاذ يعطي دروس خصوصية في الرياضيات,out_of_scope,none,synth
شحال نخلص باش نصلح كاين ريحة مجاري في الحمام,price_inquiry,plumber,synth
kifach nbeddel numero ta3i f compte? rabi y7afdkom,app_question,none,synth
يا شيخ كيفاش نزيد تصاور لخدماتي؟,app_question,none,synth
تركيب بلاكو بلاتر مع السبوتات,find_worker,plasterer,synth
شحال نخلص باش نصلح نحب نركب باب رئيسية جديدة,price_inquiry,carpenter,synth
3andi transporter frigo w machine merci,find_worker,mover,synth
ch7al ykalefni bennay pour une journee?,price_inquiry,mason,synth
تنظيف الدار بعد العرس,find_worker,cleaner,synth
البورطاي ما عادش يتسكر مليح، شكون يعرف سودور مليح؟,find_worker,welder,synth
kifach neb3et demande de service? ya kho,app_question,none,synth
وين نشري ماكينه خياطه جديده في باتنه؟,out_of_scope,none,synth
بليز لي يصلح الكليمة في قسنطينة دوك دوك، الكليمة ناقصها غاز,urgent_service,ac_repair,synth
بشحال الخدمة تاع بنّاء تقريبا؟,price_inquiry,mason,synth
عندي نحب نديار سياج حول الجنان ونحتاج واحد يصلحهالي,find_worker,mason,synth
عندي الطابلة تاع الصالون محتاجة تصليح,find_worker,carpenter,synth
"3andi installation chauffe-eau jdid, chkoun ye3ref plombi mli7?",find_worker,plumber,synth
3andi nbeddel les robinets nta3 cuisine,find_worker,plumber,synth
نحتاج بلومبيي مليح في تيارت,find_worker,plumber,synth
ch7al ykalefni soudor pour une journee? w chokran,price_inquiry,welder,synth
نفض الغبرة ومسح البلاط تاع الفيلا، شكون يعرف لي يدير الميناج مليح,find_worker,cleaner,synth
restaurant mli7 l le diner f Bordj Bou Arreridj?,out_of_scope,none,synth
ياخو نحوس على شأة للكراء في مستغانم,out_of_scope,none,synth
الحيوط مخبشين ونحتاجو تصليح وصباغة واش نديار,find_worker,painter,synth
شحال يكلف الجبس تاع البيت طاح مع الشتا؟,price_inquiry,plasterer,synth
ya cheikh win nel9a pizzeria mli7a f Jijel?,out_of_scope,none,synth
pc ta3i wela lourd bzzzaf wach ndir?,out_of_scope,none,synth
الدار فيها تقصير الكم تاع القميجة من سيمانة كاملة,find_worker,tailor,synth
راني نحوس على تريتور في الجزائر العاصمة,find_worker,caterer,synth
sa7bi comment ca marche l'application?,app_question,none,synth
راني نحوس على بلاكيست في مستغانم,find_worker,plasterer,synth
nebghi net3allem la couture kayen des cours? rabi y7afdkom,out_of_scope,none,synth
ch7al ydir electricien f Alger?,price_inquiry,electrician,synth
les prix ta3 sebbak f Setif,price_inquiry,plumber,synth
نحتاج واحد يقص الحشيش تاع الجنان والله غير حاصل,out_of_scope,none,synth
بشحال الخدمة تاع kwafur تقريبا؟,price_inquiry,barber,synth
je cherche un khayat à Annaba,find_worker,tailor,synth
les prix ta3 مول السباكة f تلمسان?,price_inquiry,plumber,synth
combien coute un trisyan?,price_inquiry,electrician,synth
transporter frigo w machine wach ndir,find_worker,mover,synth
كيفاه نزيد تصاور لخدماتي؟,app_question,none,synth
نحب نتعلم الكهرباء واش كاين تكوين؟ وشكرا مسبڨا,out_of_scope,none,synth
crepissage ta3 façade wach ndir,find_worker,mason,synth
راني نحوس على واحد يعاونني في خدمة في الدار في غرداية,find_worker,none,synth
شكون عندو نيميرو تاع تريسيان في تلمسان؟,find_worker,electrician,synth
les prix ta3 maçon f Bordj Bou Arreridj?,price_inquiry,mason,synth
يا خويا دلوني على ديمناجور شاطر ومعقول,find_worker,mover,synth
kifach rah el jaw f Bejaia? wallah ghir 7asel,out_of_scope,none,synth
مستعجل: نحتاج couturier اليوم في Oran,urgent_service,tailor,synth
nbi3 telephone samsung presque jdid,out_of_scope,none,synth
arrosage automatique lel jnina chkoun yrakbou? wallah ghir 7asel,out_of_scope,none,synth
نحب نتعلم الحلاقة باش نحل صالون بارك الله فيكم,out_of_scope,none,synth
واش هي الأسعار تاع واحد يعاونني في خدمة في الدار في برج بوعريريج؟,price_inquiry,none,synth
الما يڨطر من سڨف الحمام، شكون يعرف plombier مليح؟,find_worker,plumber,synth
نحتاج لي ينقل الأثاث مليح في بسكرة,find_worker,mover,synth
شحال نخلص باش نصلح الكليمة تجري الما من الداخل؟ ياخو,price_inquiry,ac_repair,synth
صباغة الأبواب والفنيترات,find_worker,painter,synth
faux plafond avec lumiere indirecte chkoun 3ando solution,find_worker,plasterer,synth
نحب نركب باب رئيسية جديدة، شكون يعرف منوزيي مليح؟ الله يخليك,find_worker,carpenter,synth
نبغي نديار قفص حديد فوق السطح، شكون يعرف لحّام مليح؟,find_worker,welder,synth
win kayen pharmacie qriba f Oran? w chokran,out_of_scope,none,synth
chkoun 3ando numero ta3 ميكانيكي f الجزائر العاصمة?,find_worker,mechanic,synth
ya kho nheb net3allem la couture kayen des cours?,out_of_scope,none,synth
راهي عندي الموتور يسخن ياسر وحاصل,find_worker,mechanic,synth
wach n9der nkoun worker w client f meme temps? merci,app_question,none,synth
les amis ya3tik saha,greeting_chitchat,none,synth
سلام، ضروك دورك الكناپي ولا مصفر من الاولاد ويحتاج غسيل عميق,urgent_service,cleaner,synth
ارجو المساعدة بسرعة، نقل عفش عروسة يعطيكم الصحة,urgent_service,mover,synth
n7awes 3la appartement l kra f Alger,out_of_scope,none,synth
le paiement fel appli kifah ykoun,app_question,none,synth
des etageres l biro ... chkoun ysal7hali?,find_worker,carpenter,synth
نحتاج تريتور لفطور رمضان لعائلة كبيرة واش نديار,find_worker,caterer,synth
وين نقرا لانجليزيه في باتنه؟,out_of_scope,none,synth
reparer les volets ta3 fenetres wach ndir,find_worker,carpenter,synth
chkoun rbe7 el match lbare7,out_of_scope,none,synth
الدار فيها الكشابية محتاجة ترقيع من سيمانة كاملة,find_worker,tailor,synth
ya kho nb7ath 3la babysitter l wladi,out_of_scope,none,synth
جاري االي نسأسي هنا على كهربائي في اسنطينة,find_worker,electrician,synth
ريحة كابل محروق ومازال ما لقيتش لي يصلحها,find_worker,electrician,synth
combien coute un مول البناء?,price_inquiry,mason,synth
حفرة كبيرة في حيط الجبس فيسع فيسع,urgent_service,plasterer,synth
صحا، نحب نزيد بريزة جديدة في البيرو شكون عندو حل,find_worker,electrician,synth
disjoncteur yti7 kol chwiya wach ndir,find_worker,electrician,synth
clim ta3 tonobil ma tberredch w ma 3reftch win nrou7 rabi y7afdkom,find_worker,mechanic,synth
سلام، واش راك؟,greeting_chitchat,none,synth
ch7al ydir barbier f Jijel,price_inquiry,barber,synth
الدرج الخشبي يزقزق واش نديار,find_worker,carpenter,synth
شحال تكلف خدمة: فو بلافون مع اضاءة مخبية,price_inquiry,plasterer,synth
شكون عندو نيميرو نتاع صباغ في باتنة؟,find_worker,painter,synth
ياخو دلوني على مول السباكة شاطر ومعأول,find_worker,plumber,synth
ch7al ykalefni بلاكيست pour une journee?,price_inquiry,plasterer,synth
صاحبي نحب نحفف قبل العيد فيسع فيسع,urgent_service,barber,synth
les amis nheb net3allem la soudure kayen formation?,out_of_scope,none,synth
les haies y7tajo taille chkoun ydirha,out_of_scope,none,synth
بشحال الخدمة تاع حلاأ تأريبا؟,price_inquiry,barber,synth
كيفاش نشوف تگييمات العامل گبل ما نخدم معاه؟,app_question,none,synth
ya cheikh besoin d un منوزيي serieux f سطيف,find_worker,carpenter,synth
"svp agent de nettoyage f Tiaret vite, femme de menage teji kol jem3a",urgent_service,cleaner,synth
ch7al taman bach ndir repeindre la façade ta3 dar?,price_inquiry,painter,synth
واش راك؟ وشكرا مسبقا,greeting_chitchat,none,synth
ya khouya kifah rah el jaw f Tlemcen?,out_of_scope,none,synth
الكونتور يدق كي نشعلو زوج ماشينات,find_worker,electrician,synth
نحتاج خياط مليح في بومرداس,find_worker,tailor,synth
من فضلكم واش معنى الاشتراك برو للعامل؟,app_question,none,synth
يا جماعة شحال يكلف الما ضعيف ما يطلعش للطابق؟,price_inquiry,plumber,synth
ya kho wesh rak?,greeting_chitchat,none,synth
je cherche un khayat à Tizi Ouzou,find_worker,tailor,synth
نحوس على شگة للكراء في بليدة,out_of_scope,none,synth
دوك دورك جبس السقف طايح شوية شوية,urgent_service,plasterer,synth
nettoyage nta3 dar kamla 3awnouni,find_worker,cleaner,synth
les prix ta3 soudor f Ouargla?,price_inquiry,welder,synth
besoin d un mol clima serieux f Boumerdes,find_worker,ac_repair,synth
cas urgent: les murs mkharbchin ye7tajo enduit,urgent_service,painter,synth
combien pour gateaux traditionnels lel 3ers?,price_inquiry,caterer,synth
واش التطبيڨ مجاني ولا بالخلاص؟,app_question,none,synth
شكون يركب سقي أوتوماتيك في الجنينة؟ والله غير حاصل,out_of_scope,none,synth
راني نحوس على لحّام في وهران,find_worker,welder,synth
نحتاج كاميو صغير ننقل بيه الأثاث، شكون يعرف لي ينقل الأثاث مليح؟,find_worker,mover,synth
نقل تلاجة وماشينة للطابق الثالث واش نديار,find_worker,mover,synth
شحال السوم تاع مول الحلاقة؟,price_inquiry,barber,synth
"bonjour, cas urgent: coiffure a domicile pour le mariage",urgent_service,barber,synth
وين نشري ماكينة خياطة جديدة في Annaba؟,out_of_scope,none,synth
labas? rabi y7afdkom,greeting_chitchat,none,synth
le portail khrej men blasstou!! chkoun yji fissa3,urgent_service,welder,synth
ch7al ydir مصلح تلاجات f جيجل? rabi y7afdkom,price_inquiry,appliance_repair,synth
نأدر نلأى مول البلاكو يجي اليوم لـ اسنطينة؟,find_worker,plasterer,synth
سلام، التابلو الكهربائي قديم ويخوف,find_worker,electrician,synth
sa7bi merci bcp,greeting_chitchat,none,synth
لاباتري راهي ميتة عاونوني,find_worker,mechanic,synth
نحب نبدل لون الصالون ومازال ما لڨيتش لي يصلحها,find_worker,painter,synth
cas urgent: voiture ma techa3lch,urgent_service,mechanic,synth
batterie morte n7taj mecanicien tawa dork,urgent_service,mechanic,synth
ya kho restaurant ghaya l le diner f Mostaganem?,out_of_scope,none,synth
"3andi escalier en bois yzegzeg, chkoun ye3ref menuisier zin",find_worker,carpenter,synth
ارجو المساعدة بسرعة، نحب صباغة غرفة الأطفال بألوان شابة,urgent_service,painter,synth
خويا نحب نبدل الروبينات تاع الكوزينة شكون يجي يشوفها,find_worker,plumber,synth
ya khouya win nechri gazon w les plantes f Bejaia?,out_of_scope,none,synth
nheb سودور yji lyoum l غرداية,find_worker,welder,synth
kifach nes7ab compte ta3i? wallah ghir 7asel,app_question,none,synth
ch7al taman bach ndir retouche ta3 costume?,price_inquiry,tailor,synth
وين كاين أقرب صيدلية في ورقلة؟,out_of_scope,none,synth
3andi la clim ma tsakhanch f chta,find_worker,ac_repair,synth
كيفاه نشارك في العروض تاع الخدمات؟ الله يخليك,app_question,none,synth
راهي عندي راسي شعث بزاف ونحتاج نحفف وحاصل,find_worker,barber,synth
دلوني على مول البلاكو شاطر ومعقول,find_worker,plasterer,synth
الضو مقطوع في الدار كامل فيسع فيسع,urgent_service,electrician,synth
نحب نشري طوموبيل مستعملة، واش تنصحوني؟,out_of_scope,none,synth
win nechri machine a coudre f Skikda? merci,out_of_scope,none,synth
يا خويا نأدر نلأى مول السباكة يجي اليوم لـ سطيف؟,find_worker,plumber,synth
شحال نخلص باش نصلح الكليمه تجري الما من الداخل؟,price_inquiry,ac_repair,synth
يا شيخ واش التطبيڨ يخدم بلا انترنات؟,app_question,none,synth
الماشينة تاع الصابون تجري الما من تحت من فضلكم,find_worker,appliance_repair,synth
ya cheikh le portail khrej men blasstou ... chkoun ysal7hali?,find_worker,welder,synth
ya kho kifah nghayyer profession fel compte ta3i?,app_question,none,synth
شحال يكلفني صباغ لليوم كامل؟,price_inquiry,painter,synth
femme de menage l villa kol khemis w ma 3reftch win nrou7,find_worker,cleaner,synth
وين نشري ماكينة خياطة جديدة في Boumerdes؟,out_of_scope,none,synth
le platre ta3 plafond tcheqqeq ... chkoun ysal7hali?,find_worker,plasterer,synth
الكونتور يدق كي نشعلو زوج ماشينات شكون عندو حل,find_worker,electrician,synth
decor jebs fel plafond w ma 3reftch win nrou7,find_worker,plasterer,synth
nheb najjar yji lyoum l Biskra,find_worker,carpenter,synth
les prix ta3 تريسيان f وهران?,price_inquiry,electrician,synth
يعطيكم الصحة، نحوس بلومبيي ناشط في سطيف,find_worker,plumber,synth
ma l9itch agent de nettoyage disponible f Annaba,find_worker,cleaner,synth
je cherche un menuisier à Oran,find_worker,carpenter,synth
wach neqder nesta3mel l appli offline?,app_question,none,synth
كيفاش نبدل رڨم تيليفوني في الكونت؟,app_question,none,synth
monter un mur en parpaing n7taj bennay tawa dork,urgent_service,mason,synth
ya khouya win kayen pharmacie 9riba f تيارت?,out_of_scope,none,synth
ارجو المساعدة بسرعة، الباب تاع الكوزينة تكسر الله يخليك,urgent_service,carpenter,synth
نقدر نلقى واحد يعاونني في خدمة في الدار يجي اليوم لـ سكيكدة؟,find_worker,none,synth
rani n7awes 3la reparateur climatiseur f Ouargla,find_worker,ac_repair,synth
نحوس على طبيب أسنان مليح في بليدة يعطيكم الصحة,out_of_scope,none,synth
ربي يحفظكم والله غير حاصل,greeting_chitchat,none,synth
واش كاين شي حلاق قريب من بجاية؟,find_worker,barber,synth
وين نشري الزرع والورد للجنان في Chlef؟,out_of_scope,none,synth
ياخو شحال يدير peintre في Chlef؟,price_inquiry,painter,synth
nebghi najjar yji lyoum l Alger,find_worker,carpenter,synth
صحيت خويا يعطيكم الصحة,greeting_chitchat,none,synth
شكون عندو نيميرو نتاع maçon في Skikda؟,find_worker,mason,synth
wach kayen peintre qrib meni f Batna? rabi y7afdkom,find_worker,painter,synth
"3andi rideaux lel salon sur mesure, chkoun ye3ref couturiere mli7?",find_worker,tailor,synth
wach ne9der nesta3mel l appli offline,app_question,none,synth
ch7al ydir 7addad f Oran?,price_inquiry,welder,synth
ma l9itch bennay disponible f Setif,find_worker,mason,synth
ngel les meubles l dar jdida wach ndir,find_worker,mover,synth
كيفاه نمسح الحساب تاعي؟ ياخو,app_question,none,synth
من فضلكم البلاط تاع الساحة تحرك وتكسر فيسع فيسع,urgent_service,mason,synth
3andi lave-vaisselle y7bes f nos svp,find_worker,appliance_repair,synth
ma l9itch demenageur disponible f Biskra,find_worker,mover,synth
ya kho rani n7awes 3la wa7ed y3aweni f khedma f dar f Ouargla,find_worker,none,synth
wach negder ncancel demande b3aththa,app_question,none,synth
drouk dork cuisiniere ma tech3elch,urgent_service,appliance_repair,synth
je cherche un femme de ménage à Constantine,find_worker,cleaner,synth
installation sonnette ta3 el bab w ma 3reftch win nrou7,find_worker,electrician,synth
واش نقدر نستعمل التطبيق كضيف بلا كونت؟ والله غير حاصل,app_question,none,synth
les amis kifach nghayyer profession fel compte ta3i?,app_question,none,synth
نحوس على طبيب أسنان مليح في سكيكدة,out_of_scope,none,synth
wach men film zin nchoufou lyoum,out_of_scope,none,synth
grand menage ta3 printemps w ma 3reftch win nrou7,find_worker,cleaner,synth
ya khouya wach men film mli7 nchoufou lyoum?,out_of_scope,none,synth
combien coute un électricien?,price_inquiry,electrician,synth
وين نشري الزرع والورد للجنان في Mostaganem؟,out_of_scope,none,synth
الصباغة تڨشرت في البيت!! نحتاج واحد يجي فيسع ياخو,urgent_service,painter,synth
chkoun 3ando numero nta3 trisyan f Chlef,find_worker,electrician,synth
traiteur pour mariage 100 personnes n7taj traiteur tawa dork,urgent_service,caterer,synth
rani n7awes 3la reparateur machine a laver f Annaba,find_worker,appliance_repair,synth
svp ecran ta3 telephone therres win nsal7ou?,out_of_scope,none,synth
واش هي الأسعار نتاع خياطة في باتنة؟,price_inquiry,tailor,synth
retouche nta3 costume men fadlkom,find_worker,tailor,synth
وين نشري ماكينة خياطة جديدة في تيارت؟,out_of_scope,none,synth
douk dork plafond placo tah mennou tarf,urgent_service,plasterer,synth
واش كاين شي مول الميكانيك اريب من وهران؟,find_worker,mechanic,synth
راني نحوس على مول الحلاقة في برج بوعريريج,find_worker,barber,synth
عندي نحب نركب باب رئيسية جديدة,find_worker,carpenter,synth
معليش تقولي كيفاش راه الطقس في بومرداس؟,out_of_scope,none,synth
cas urgent: clim ydir bruit bizarre,urgent_service,ac_repair,synth
ya kho kifah neb3et demande de service?,app_question,none,synth
يعطيكم الصحة، نحوس لي يصلح الكليمة ناشط في سكيكدة,find_worker,ac_repair,synth
بليز تريتور في غرداية دوك دوك، تريتور للختانة نهار الجمعة وشكرا مسبقا,urgent_service,caterer,synth
3awnouni menage hebdomadaire w rani 7asel,urgent_service,cleaner,synth
جاري قالي نسقسي هنا على couturier في Constantine,find_worker,tailor,synth
salam,greeting_chitchat,none,synth
chkoun 3ando numero ta3 bennay f Tizi Ouzou?,find_worker,mason,synth
راني نحوس على ماصون في وهران,find_worker,mason,synth
وين نشري ماكينة خياطة جديدة في الجزائر العاصمة؟,out_of_scope,none,synth
مستعجل: نحتاج تريتور اليوم في تيارت,urgent_service,caterer,synth
ch7al taman bach ndir nettoyage ta3 les bureaux?,price_inquiry,cleaner,synth
"slm, 3andi mochkla f wifi ta3 djezzy",out_of_scope,none,synth
chkoun 3ando numero ta3 najjar f Setif?,find_worker,carpenter,synth
تنظيف الموكيت والكناپي,find_worker,cleaner,synth
الكشابية محتاجة ترقيع واش نديار,find_worker,tailor,synth
سلام، شحال تكلف خدمة: التلاجة تدير صوت غريب؟,price_inquiry,appliance_repair,synth
كسكسي لخمسين نفر لصدقة ومازال ما لقيتش لي يصلحها,find_worker,caterer,synth
peinture ta3 chambre d'enfants chkoun 3ando solution,find_worker,painter,synth
nheb reparateur climatiseur yji lyoum l Tizi Ouzou,find_worker,ac_repair,synth
cas urgent: monter un mur en parpaing,urgent_service,mason,synth
واش نقدر نلغي طلب بعثتو؟ والله غير حاصل,app_question,none,synth
"bonjour, balustrade lel balcon wach ndir",find_worker,welder,synth
راهي عندي الكم نتاع الفيستة طويل ويحتاج تقصير وحاصل,find_worker,tailor,synth
les prix ta3 électricien f Mostaganem?,price_inquiry,electrician,synth
عندي كاين ريحة مجاري في الحمام ونحتاج واحد يصلحهالي الله يخليك,find_worker,plumber,synth
wach kayen menuisier 9rib meni f Setif?,find_worker,carpenter,synth
نحب نديار سياج حول الجنان عاونوني,find_worker,mason,synth
kifach neb3et demande de service,app_question,none,synth
ch7al taman bach ndir peindre le plafond,price_inquiry,painter,synth
وين نلقى بيتزيريا مليحة في تيزي وزو؟,out_of_scope,none,synth
wach kayen najjar 9rib meni f Tiaret?,find_worker,carpenter,synth
شحال تكلف خدمة: الباب الحديدية خرجت من بلاصتها,price_inquiry,welder,synth
sa7bi ch7al taman bach ndir peindre le plafond?,price_inquiry,painter,synth
عندي نحتاج طباخة لعرس مية نفر ونحتاج واحد يصلحهالي,find_worker,caterer,synth
واش راهي أخبار الماتش نتاع البارح؟,out_of_scope,none,synth
نأدر نلأى لي يصلح الكليمة يجي اليوم لـ غرداية,find_worker,ac_repair,synth
نحوس على طبيب أسنان مليح في بومرداس,out_of_scope,none,synth
بليز ميكانيسيان في بسكرة ضركا ضركا، الطوموبيل ما تحبش تشعل,urgent_service,mechanic,synth
شحال تكلف خدمة: نحتاج حلاق للعريس صباح العرس,price_inquiry,barber,synth
دورك دورك نبنيو غرفة زيادة للضياف في الحوش,urgent_service,mason,synth
recette ta3 tajine 7lou lel 3id,out_of_scope,none,synth
صباغة الأبواب والفنيترات شكون عندو حل,find_worker,painter,synth
واش التطبيق يخدم بلا انترنات,app_question,none,synth
نحب نبدل لون الصالون ومازال ما لقيتش لي يصلحها,find_worker,painter,synth
سلام خويا، مساء الخير,greeting_chitchat,none,synth
وين نشري بلاكات بلاكو بالجملة؟ بارك الله فيكم,out_of_scope,none,synth
نحب نكوموندي حلويات تأليدية للعرس، شكون يعرف تريتور مليح؟,find_worker,caterer,synth
ch7al nkhalles bach nsale7 parquet mkhareb,price_inquiry,carpenter,synth
"saha, kifach nghayyer profession fel compte ta3i?",app_question,none,synth
win kayen pharmacie 9riba f سطيف?,out_of_scope,none,synth
win nechri machine a coudre f Ouargla?,out_of_scope,none,synth
"saha, 3awnouni repas ta3 khetana jour el jem3a w rani 7asel",urgent_service,caterer,synth
واش هي الأسعار نتاع لي يدير الميناج في قسنطينة؟,price_inquiry,cleaner,synth
البورطاي ما عادش يتسكر مليح فيسع فيسع,urgent_service,welder,synth
n7affef 3and dar men fadlkom ya kho,find_worker,barber,synth
kifah neb3et demande de service,app_question,none,synth
kifach nactivi la localisation fel appli,app_question,none,synth
عاونوني! التابلو الكهربائي قديم ويخوف وراني حاصل,urgent_service,electrician,synth
sa7bi wach ne9der ncancel demande b3aththa?,app_question,none,synth
ya cheikh les haies y7tajo taille chkoun ydirha?,out_of_scope,none,synth
"bonjour, 3lach les notifications ma yjounich?",app_question,none,synth
ma lgitch سودور disponible f باتنة,find_worker,welder,synth
معليش تقولي كيفاش راه الطقس في مستغانم؟,out_of_scope,none,synth
rani n7awes 3la soudeur f Bordj Bou Arreridj,find_worker,welder,synth
نحب نتعلم الخياطة واش كاين تكوين قريب,out_of_scope,none,synth
شحال يكلف الماشينة تاع الصابون ما تدورش,price_inquiry,appliance_repair,synth
n7awlou l dar jdida f nefs el 7ay,find_worker,mover,synth
صحا، كيفاش نفعل الموأع باش يلأاوني العمال؟,app_question,none,synth
chkoun 3ando numero nta3 menuisier f Jijel?,find_worker,carpenter,synth
ch7al taman bach ndir lavabo rah mfwiti?,price_inquiry,plumber,synth
clim ma tberredch w ma 3reftch win nrou7,find_worker,ac_repair,synth
la clim na9esha gaz n7taj تقني كليماتيزور tawa douk,urgent_service,ac_repair,synth
من فضلكم خويا اللافيسال تحبس في نص البروغرام شكون يجي يشوفها,find_worker,appliance_repair,synth
مستعجل: نحتاج حلاق اليوم في الجزائر العاصمة,urgent_service,barber,synth
"bonjour, combien pour peinture ta3 dar kamla?",price_inquiry,painter,synth
sa7bi ma l9itch mason disponible f Batna,find_worker,mason,synth
ya kho wach kayen najjar grib meni f Tizi Ouzou?,find_worker,carpenter,synth
وين كاين أقرب صيدلية في Oran؟,out_of_scope,none,synth
نبغي نزيد بريزة جديدة في البيرو ومازال ما لقيتش لي يصلحها,find_worker,electrician,synth
وين نشري ماكينة خياطة جديدة في Setif؟,out_of_scope,none,synth
tableau electrique 9dim!! chkoun yji fissa3?,urgent_service,electrician,synth
sa7bi ch7al ykalefni plakist pour une journee?,price_inquiry,plasterer,synth
kifach nchouf les avis nta3 worker?,app_question,none,synth
refaire le carrelage ta3 cuisine 3awnouni,find_worker,mason,synth
cas urgent: tabbakha tji ttayeb f dar,urgent_service,caterer,synth
وين نلڨى بيتزيريا مليحة في عنابة؟,out_of_scope,none,synth
يعطيك الصحة,greeting_chitchat,none,synth
الله يخليكم نبغي نحفف گبل العيد ومگدرتش نلگى حل,urgent_service,barber,synth
3awnouni la clim na9esha gaz w rani 7asel,urgent_service,ac_repair,synth
تصبحو على خير,greeting_chitchat,none,synth
win nel2a pizzeria mli7a f Constantine?,out_of_scope,none,synth
السطح يقطر ونحتاج ايتونشيتي عاونوني,find_worker,mason,synth
يعطيكم الصحة، نحوس ماصون ناشط في جيجل,find_worker,mason,synth
شحال يكلف نحب نحفف قبل العيد؟,price_inquiry,barber,synth
je cherche un mol clima à Tiaret,find_worker,ac_repair,synth
3andi clim ydir bruit bizarre,find_worker,ac_repair,synth
congelateur ma yjamedch n7taj reparateur machine a laver tawa dorka,urgent_service,appliance_repair,synth
شحال نخلص باش نصلح السحاب تاع الجاكيطة خسر؟,price_inquiry,tailor,synth
وين نشري الزرع والورد للجنان في ورألة؟,out_of_scope,none,synth
ياخو كيفاش نخدم بهاد التطبيگ؟,app_question,none,synth
urgence!!! traiteur pour mariage 100 personnes f Tizi Ouzou,urgent_service,caterer,synth
دلوني على cuisiniere شاطر ومعأول,find_worker,caterer,synth
3awnouni placo avec spots led w rani 7asel,urgent_service,plasterer,synth
سلام خويا، الميكروند مات!! نحتاج واحد يجي فيسع,urgent_service,appliance_repair,synth
"svp mason f Blida vite, humidité fel mur",urgent_service,mason,synth
كيفاش نمسح الحساب تاعي؟ بارك الله فيكم,app_question,none,synth
ch7al taman bach ndir robinet y9atter?,price_inquiry,plumber,synth
"saha, faux plafond avec lumiere indirecte ... chkoun ysal7hali?",find_worker,plasterer,synth
ma l9itch réparateur électroménager disponible f Annaba,find_worker,appliance_repair,synth
combien pour seche-linge khasser?,price_inquiry,appliance_repair,synth
التابلو الكهربائي اديم ويخوف!!! نحتاج واحد يجي فيسع,urgent_service,electrician,synth
بليز ميكانيكي في سطيف دوك دوك، الاومبرياج يزلق,urgent_service,mechanic,synth
des ouvriers ynazlou el 9ach mel 5eme etage 3awnouni,find_worker,mover,synth
urgence!! moteur yeskhon bezzaf f Blida,urgent_service,mechanic,synth
مستعجل: نحتاج لي يدير الميناج اليوم في بليدة,urgent_service,cleaner,synth
chkoun 3ando numero nta3 femme de ménage f Oran?,find_worker,cleaner,synth
win kayen pharmacie qriba f Alger?,out_of_scope,none,synth
douk dork déménagement complet,urgent_service,mover,synth
عندي نحتاج طباخة لعرس مية نفر في الدار، واش نديار؟,find_worker,caterer,synth
شكون عندو نيميرو تاع دهان في غرداية؟,find_worker,painter,synth
وين نشري ماكينة خياطة جديدة في بجاية,out_of_scope,none,synth
سلام، كيفاش نزيد تصاور لخدماتي؟,app_question,none,synth
يا شيخ مستعجل: نحتاج واحد يعاونني في خدمة في الدار اليوم في باتنة,urgent_service,none,synth
شحال يكلف الاشتراك في الشهر؟ وشكرا مسبقا,app_question,none,synth
ch7al ydir coiffeur f Annaba?,price_inquiry,barber,synth
win nechri gazon w les plantes f الجزائر العاصمة?,out_of_scope,none,synth
chkoun y2asli el gazon ta3 jardin?,out_of_scope,none,synth
wach nqder nkoun worker w client f meme temps?,app_question,none,synth
شحال تكلف خدمه: اللافيسال تحبس في نص البروغرام؟,price_inquiry,appliance_repair,synth
واش هي الأسعار نتاع مول البلاكو في بجاية؟ يعطيكم الصحة,price_inquiry,plasterer,synth
عندي الضو مقطوع في الدار كامل في الدار، واش نديار؟,find_worker,electrician,synth
la clim naqesha gaz!!! chkoun yji fissa3?,urgent_service,ac_repair,synth
batterie morte,find_worker,mechanic,synth
جبس السقف طايح شوية شوية، شكون يعرف مول الجبس غايا,find_worker,plasterer,synth
ch7al prix nta3 abonnement par mois,app_question,none,synth
la clim tjamed w t7bes wa7edha!! chkoun yji fissa3? ya kho,urgent_service,ac_repair,synth
ya cheikh coudre des rideaux occultants l chambre,find_worker,tailor,synth
ya cheikh la peinture t2echret ... chkoun ysal7hali?,find_worker,painter,synth
التلاجة ما تبردش والمأكلة تخسر!! نحتاج واحد يجي فيسع,urgent_service,appliance_repair,synth
wach kayen mol clima 9rib meni f Jijel?,find_worker,ac_repair,synth
svp 3awnouni la chasse d'eau khasra w rani 7asel,urgent_service,plumber,synth
ya kho chokran,greeting_chitchat,none,synth
combien pour interrupteur khasser?,price_inquiry,electrician,synth
ch7al ydir tabbakha f Alger?,price_inquiry,caterer,synth
كليمة الطوموبيل ما تبردش ونحتاج mikanisyan ديركت توا,urgent_service,mechanic,synth
"svp cuisiniere f Batna vite, buffet pour fete de fiançailles",urgent_service,caterer,synth
cloison placo bach ngassmou la chambre!!! chkoun yji fissa3?,urgent_service,plasterer,synth
سلام، كيفاش نديار كونت فيسبوك؟,out_of_scope,none,synth
التيليفون تاعي تهرس الايكران وين نصلحو؟,out_of_scope,none,synth
سلام، كيفاش نفعل الموگع باش يلگاوني العمال؟,app_question,none,synth
نحتاج صباغة السڨف واش نديار الله يخليك,find_worker,painter,synth
صحا، علاش ما يوصلنيش الإشعار كي يجاوبني عامل؟,app_question,none,synth
البلاط تاع الساحة تحرك وتكسر واش نديار,find_worker,mason,synth
besoin d un plombi serieux f Ouargla,find_worker,plumber,synth
نحتاج واحد يعاونني في خدمة في الدار غايا في ورگلة,find_worker,none,synth
les haies y7tajo taille chkoun ydirha? rabi y7afdkom,out_of_scope,none,synth
نحوس على شڨة للكراء في بليدة,out_of_scope,none,synth
يا خويا واش هي الأسعار تاع bennay في Alger؟,price_inquiry,mason,synth
"slm, combien coute un menage?",price_inquiry,cleaner,synth
ياخو يعطيكم الصحة، نحوس مول الخياطة ناشط في سكيكدة,find_worker,tailor,synth
نبغي نخيط قندورة للعيد!! نحتاج واحد يجي فيسع,urgent_service,tailor,synth
الدار فيها التلاجة ما تبردش والمأكلة تخسر من سيمانة كاملة,find_worker,appliance_repair,synth
portail ta3 garage mkasser,find_worker,welder,synth
wach kayen cuisiniere grib meni f Alger,find_worker,caterer,synth
السياج الأخضر نتاع الجنان يحتاج تڨليم,out_of_scope,none,synth
depuis 3 jours 3andna camion sghir bach nne2lou les meubles,find_worker,mover,synth
عندي نحتاج كاميو صغير ننقل بيه الأثاث ونحتاج واحد يصلحهالي,find_worker,mover,synth
kifah nactivi la localisation fel appli?,app_question,none,synth
نبغي نتعلم الخياطة واش كاين تكوين قريب؟,out_of_scope,none,synth
la clim ma tsakhanch f chta fissa3 svp,urgent_service,ac_repair,synth
نحوس على ريسطورون مليح للعشاء في تيارت,out_of_scope,none,synth
nheb femme de ménage yji lyoum l Boumerdes,find_worker,cleaner,synth
شحال نخلص باش نصلح التلاجة ما تبردش والمأكلة تخسر,price_inquiry,appliance_repair,synth
ch7al taman bach ndir embrayage yzle9?,price_inquiry,mechanic,synth
شكون يركب سگي أوتوماتيك في الجنينة؟ الله يخليك,out_of_scope,none,synth
شحال تكلف خدمة: البالوعة مسدودة؟,price_inquiry,plumber,synth
خويا الكارلاج نتاع الحمام تگلع وولى يجمع الما شكون يجي يشوفها,find_worker,mason,synth
kifach nghayyer profession fel compte ta3i,app_question,none,synth
urgence!! clim ma tberredch f Jijel,urgent_service,ac_repair,synth
نحتاج طباخة لعرس مية نفر ومازال ما لگيتش لي يصلحها,find_worker,caterer,synth
شحال يكلف السياج نتاع الحديد تكسر ومحتاج سودير,price_inquiry,welder,synth
urgence!! retouche pantalon twil f Setif,urgent_service,tailor,synth
نحتاج تركيب سونيري تاع الباب واش نديار,find_worker,electrician,synth
combien coute un déménageur?,price_inquiry,mover,synth
معليش تڨولي كيفاه راه الطڨس في سكيكدة؟,out_of_scope,none,synth
نحتاج مصلح تلاجات مليح في تيزي وزو,find_worker,appliance_repair,synth
ch7al ydir mason f Tlemcen?,price_inquiry,mason,synth
نڨدر نلڨى صباغ يجي اليوم لـ بومرداس؟,find_worker,painter,synth
"saha, combien pour cuisiniere ma tech3elch?",price_inquiry,appliance_repair,synth
kifach ndir compte facebook? ya kho,out_of_scope,none,synth
nettoyage ta3 les bureaux chkoun 3ando solution,find_worker,cleaner,synth
كيفاه نبدل رڨم تيليفوني في الكونت؟ وشكرا مسبڨا,app_question,none,synth
ri7at el mjari fel hammam 3awnouni,find_worker,plumber,synth
"slm, n7awes jardinier mli7 ytayye7li les mauvaises herbes",out_of_scope,none,synth
je cherche un plakist à Bejaia,find_worker,plasterer,synth
شحال السوم تاع منوزيي؟,price_inquiry,carpenter,synth
svp combien pour prise ma7rou9a?,price_inquiry,electrician,synth
demenagement men Oran l Alger!! chkoun yji fissa3?,urgent_service,mover,synth
واش كاين شي واحد يعاونني في خدمة في الدار قريب من سطيف؟,find_worker,none,synth
"saha, 3andi changer le cablage qdim",find_worker,electrician,synth
3awnouni voyant moteur allumé fel tableau w rani 7asel w chokran,urgent_service,mechanic,synth
شحال يدير خياط في بسكرة؟,price_inquiry,tailor,synth
win nel9a pizzeria mli7a f Blida?,out_of_scope,none,synth
3andi humidité fel mur,find_worker,mason,synth
"svp femme de ménage f Oran vite, nettoyage profond",urgent_service,cleaner,synth
نحتاج واحد يعاونني في خدمة في الدار مليح في الشلف,find_worker,none,synth
ch7al taman bach ndir fenetre ma tetsakkarch mli7?,price_inquiry,carpenter,synth
ياخو دوك دورك نقل مكتب من وسط المدينة,urgent_service,mover,synth
ch7al taman bach ndir degradé lel weld,price_inquiry,barber,synth
سلام,greeting_chitchat,none,synth
من فضلكم شكون عندو نيميرو تاع مول الجبس في غرداية؟,find_worker,plasterer,synth
kifach nghayyer profession fel compte ta3i? w chokran,app_question,none,synth
chkoun ygasli el gazon ta3 jardin?,out_of_scope,none,synth
راهي عندي الطواليت محبوسة والما يطلع وحاصل,find_worker,plumber,synth
3andi repeindre la façade ta3 dar,find_worker,painter,synth
3andi toilette bouchée w el ma ytla3,find_worker,plumber,synth
راني نحوس على فام دو ميناج في وهران وشكرا مسبقا,find_worker,cleaner,synth
robe soirée sur mesure!! chkoun yji fissa3?,urgent_service,tailor,synth
je cherche un femme de ménage à Annaba,find_worker,cleaner,synth
حالة مستعجلة: نحتاج أرفف للبيرو,urgent_service,carpenter,synth
dorka dork nettoyage w entretien ta3 la clim,urgent_service,ac_repair,synth
retouche pantalon twil chkoun 3ando solution,find_worker,tailor,synth
devis approximatif: clim ydir bruit bizarre?,price_inquiry,ac_repair,synth
نحتاج فيدونج وتبديل الفيلترات ونحتاج ميكانيسيان ديركت توا,urgent_service,mechanic,synth
ya kho n7awes jardinier zin ytayye7li les mauvaises herbes,out_of_scope,none,synth
وين نلقى بيتزيريا مليحة في مستغانم؟,out_of_scope,none,synth
بليز ماصون في الشلف دورك دورك، نصب دالة جديدة,urgent_service,mason,synth
نحوس على طبيب أسنان غايا في تيزي وزو,out_of_scope,none,synth
حالة مستعجلة: نحتاج طياب للوليمة نهار السبت,urgent_service,caterer,synth
كيفاش نشوف تگييمات العامل گبل ما نخدم معاه,app_question,none,synth
نحوس على ريسطورون غايا للعشاء في سكيكدة,out_of_scope,none,synth
نحوس على طبيب أسنان مليح في Mostaganem,out_of_scope,none,synth
besoin d un kwafur serieux f Biskra,find_worker,barber,synth
يا خويا عندي تضييگ الگميجة من الجناب باش تجي على الگد,find_worker,tailor,synth
نبغي نشري طوموبيل مستعملة، واش تنصحوني,out_of_scope,none,synth
nebghi net3allem la couture kayen des cours? ya kho,out_of_scope,none,synth
نحوس على طبيب أسنان مليح في غرداية,out_of_scope,none,synth
ch7al ydir cuisiniere f Setif?,price_inquiry,caterer,synth
clim ma tberredch chkoun 3ando solution,find_worker,ac_repair,synth
depuis 3 jours 3andna retouche w tadyiq ta3 roba,find_worker,tailor,synth
"bonjour, svp menage f Alger vite, nettoyer canapé w moquette",urgent_service,cleaner,synth
dalle jdida fissa3 svp,urgent_service,mason,synth
راني نحوس على مول الميكانيك في باتنة,find_worker,mechanic,synth
wach ne2der ncancel demande b3aththa? w chokran,app_question,none,synth
نبغي صبغة ومشطة في الدار فيسع فيسع,urgent_service,barber,synth
cas urgent: coiffure a domicile pour le mariage,urgent_service,barber,synth
واش التطبيق مجاني ولا بالخلاص,app_question,none,synth
نحتاج نجار يجي غدوة الصباح لـ باتنة,find_worker,carpenter,synth
femme de menage l villa kol khemis!! chkoun yji fissa3,urgent_service,cleaner,synth
وين كاين أقرب صيدلية في سطيف,out_of_scope,none,synth
صحا، كسكسي لخمسين نفر لصدقة، شكون يعرف مول الطياب مليح؟,find_worker,caterer,synth
بليز طباخة في ورقلة ضركا ضركا، طباخة تطيب الشخشوخة لمناسبة,urgent_service,caterer,synth
installation chauffe-eau jdid fissa3 svp,urgent_service,plumber,synth
congelateur ma yjamedch 3awnouni,find_worker,appliance_repair,synth
مرحبا الله يخليك,greeting_chitchat,none,synth
وين نلأى تكوين في النجارة؟,out_of_scope,none,synth
rani n7awes 3la reparateur climatiseur f Bejaia,find_worker,ac_repair,synth
urgence!! el ma 7abes f dar kamla f Tiaret,urgent_service,plumber,synth
cas urgent: couscous l 50 personnes lel sada9a,urgent_service,caterer,synth
restaurant mli7 l le diner f Tlemcen?,out_of_scope,none,synth
ch7al ykalefni peintre pour une journee?,price_inquiry,painter,synth
"svp réparateur électroménager f Constantine vite, machine a laver tejri el ma men ta7t",urgent_service,appliance_repair,synth
dork dork cuisine en bois sur mesure,urgent_service,carpenter,synth
صاحبي واش التطبيڨ مجاني ولا بالخلاص؟,app_question,none,synth
بليز مول الخياطة في عنابة دورك دورك، ترقيع السروال لي تقطع من الركبة,urgent_service,tailor,synth
"3andi nrakeb un lustre f salon, chkoun ye3ref مول الضو mli7? w chokran",find_worker,electrician,synth
win kayen pharmacie 9riba f Ghardaia?,out_of_scope,none,synth
bn nuit khouya merci,greeting_chitchat,none,synth
la clim ma tsakhanch f chta n7taj technicien clim tawa dorka,urgent_service,ac_repair,synth
restaurant mli7 l le diner f Alger?,out_of_scope,none,synth
واش كاين شي مول البناء قريب من مستغانم؟,find_worker,mason,synth
ريحة كابل محروق فيسع فيسع,urgent_service,electrician,synth
صحا، وين نلڨى الطلبات لي بعثتهم؟,app_question,none,synth
je cherche un mol l placo à Tiaret,find_worker,plasterer,synth
ch7al nkhalles bach nsale7 mur ta3 7ouch mayel? w chokran,price_inquiry,mason,synth
depuis 3 jours 3andna isolation avec ba13,find_worker,plasterer,synth
شكون عندو نيميرو تاع لي ينقل الأثاث في سطيف؟,find_worker,mover,synth
من فضلكم نحوس وصفة طاجين حلو للعيد,out_of_scope,none,synth
je cherche un couturiere à Annaba,find_worker,tailor,synth
decor jebs fel plafond!! chkoun yji fissa3?,urgent_service,plasterer,synth
restaurant mli7 l le diner f الشلف?,out_of_scope,none,synth
3andi disjoncteur yti7 kol chwiya,find_worker,electrician,synth
3andi roubini rah yfuiti,find_worker,plumber,synth
نحب نخيط كسوة تقليدية للعرس,find_worker,tailor,synth
kifach nchouf les avis ta3 worker? rabi y7afdkom,app_question,none,synth
besoin d un cuisiniere serieux f Setif,find_worker,caterer,synth
combien coute un sebbagh?,price_inquiry,painter,synth
نحتاج trisyan يجي غدوة الصباح لـ Blida,find_worker,electrician,synth
كيفاه نخدم بهاد التطبيق,app_question,none,synth
meuble ye7taj tsli7 wach ndir ya kho,find_worker,carpenter,synth
نحتاج سودور يجي غدوة الصباح لـ بليدة,find_worker,welder,synth
نحتاج réparateur électroménager يجي غدوة الصباح لـ Biskra,find_worker,appliance_repair,synth
nettoyer canapé w moquette wach ndir,find_worker,cleaner,synth
ارجو المساعدة بسرعة، نحب نعلي حيط الحوش متر زيادة,urgent_service,mason,synth
يعطيكم الصحة، نحوس najjar ناشط في Alger,find_worker,carpenter,synth
nebghi couturiere yji lyoum l Ouargla wallah ghir 7asel,find_worker,tailor,synth
مستعجل: نحتاج دهان اليوم في مستغانم,urgent_service,painter,synth
نحوس على شگة للكراء في Oran يعطيكم الصحة,out_of_scope,none,synth
clim ydir bruit bizarre fissa3 svp,urgent_service,ac_repair,synth
"bonjour, salam",greeting_chitchat,none,synth
شحال تكلف خدمة: نبغي نخيط ريدوات جداد للبيت؟,price_inquiry,tailor,synth
interrupteur khasser 3awnouni rabi y7afdkom,find_worker,electrician,synth
البالوعة مسدودة!!! نحتاج واحد يجي فيسع,urgent_service,plumber,synth
tabbakha lel 3ers,find_worker,caterer,synth
عندي التلاجة تدير صوت غريب في الدار، واش نديار؟,find_worker,appliance_repair,synth
lampe techmel w tetfa wa7edha n7taj trisyan tawa drouk,urgent_service,electrician,synth
شحال يكلفني لي يدير الميناج لليوم كامل,price_inquiry,cleaner,synth
"saha, ya3tik saha",greeting_chitchat,none,synth
traiteur pour mariage 100 personnes fissa3 svp,urgent_service,caterer,synth
rani n7awes 3la réparateur électroménager f Bordj Bou Arreridj,find_worker,appliance_repair,synth
من فضلكم شحال راهي الساعة؟,out_of_scope,none,synth
كيفاش نزيد تصاور لخدماتي؟ بارك الله فيكم,app_question,none,synth
tableau electrique gdim 3awnouni,find_worker,electrician,synth
نحتاج بلاكيست غايا في سكيكده,find_worker,plasterer,synth
ya cheikh la chape ta3 les chambres 9bel le parquet ... chkoun ysal7hali?,find_worker,mason,synth
tar9i3 ta3 serwal met9atta3 men rokba men fadlkom,find_worker,tailor,synth
ريحة كابل محروگ، شكون يعرف كهربائي مليح؟,find_worker,electrician,synth
ارجو المساعدة بسرعة، نديرو درابزين حديد للدرج والله غير حاصل,urgent_service,welder,synth
menage ba3d la fete 3awnouni,find_worker,cleaner,synth
الپاركي تاع البيت تخرب شكون عندو حل,find_worker,carpenter,synth
نحب نشري ماشينة صابون جديدة شحال السوم؟,out_of_scope,none,synth
je cherche un barbier à Tiaret,find_worker,barber,synth
"3andi la voiture t7bes f nos tri9, chkoun ye3ref mikanisyan mli7",find_worker,mechanic,synth
نحتاج حلاأ مليح في بجايه,find_worker,barber,synth
السياج الأخضر تاع الجنان يحتاج تقليم بارك الله فيكم,out_of_scope,none,synth
3andi retouche ta3 costume,find_worker,tailor,synth
ma l9itch mol l placo disponible f Constantine merci,find_worker,plasterer,synth
ya kho seche-linge khasser wach ndir,find_worker,appliance_repair,synth
3andi peinture ta3 dar kamla,find_worker,painter,synth
شحال يكلفني لي يصلح الكليمة لليوم كامل؟ ياخو,price_inquiry,ac_repair,synth
wach kayen reparateur machine a laver 9rib meni f Setif?,find_worker,appliance_repair,synth
clima t9atter el ma 3awnouni,find_worker,ac_repair,synth
n7awes 3la appartement l kra f Alger rabi y7afdkom,out_of_scope,none,synth
صحا خويا الله يخليك,greeting_chitchat,none,synth
nb7ath 3la babysitter l wladi svp,out_of_scope,none,synth
الپاركي نتاع البيت تخرب ونحتاج نجار ديركت دوك,urgent_service,carpenter,synth
ya cheikh rani n7awes 3la traiteur f Tlemcen,find_worker,caterer,synth
ch7al ydir déménageur f Alger?,price_inquiry,mover,synth
عندي نحتاج طباخة لعرس مية نفر,find_worker,caterer,synth
"svp mecanicien f Boumerdes vite, embrayage yzle9",urgent_service,mechanic,synth
جاري قالي نسقسي هنا على ميكانيكي في الجزائر العاصمة,find_worker,mechanic,synth
نحتاج طباخة لعرس مية نفر ومازال ما لقيتش لي يصلحها,find_worker,caterer,synth
فو بلافون مع اضاءة مخبية ومازال ما لقيتش لي يصلحها,find_worker,plasterer,synth
وين نشري الزرع والورد للجنان في عنابة؟,out_of_scope,none,synth
combien pour pression ta3 el ma dai3fa bezzaf,price_inquiry,plumber,synth
ياخو نڨدر نلڨى ميكانيكي يجي اليوم لـ باتنة؟,find_worker,mechanic,synth
خويا سقف الغاراج طايح منو الاسمنت وباين الحديد شكون يجي يشوفها,find_worker,mason,synth
عندي نحتاج تنظيف الزجاج والفنيترات تاع الفيلا في الدار، واش نديار؟,find_worker,cleaner,synth
femme de menage teji kol jem3a,find_worker,cleaner,synth
يا شيخ نقدر نلقى صباغ يجي اليوم لـ عنابة؟,find_worker,painter,synth
restaurant mli7 l le diner f Boumerdes,out_of_scope,none,synth
جاري قالي نسقسي هنا على لي ينقل الأثاث في غرداية,find_worker,mover,synth
نبغي نتعلم الحلاقة باش نحل صالون وشكرا مسبقا,out_of_scope,none,synth
la clim na9esha gaz n7taj لي يصلح الكليمة tawa dork,urgent_service,ac_repair,synth
n7awes 3la dentiste mli7 f Jijel,out_of_scope,none,synth
سلام خويا، كيفاش نشوف تقييمات العامل قبل ما نخدم معاه؟,app_question,none,synth
صباح الخير يعطيكم الصحة,greeting_chitchat,none,synth
الدار فيها نبنيو غرفة زيادة للضياف في الحوش من سيمانة كاملة,find_worker,mason,synth
الديجونكتور يطيح ديما,find_worker,electrician,synth
معليش تقولي كيفاش راه الطقس في Constantine؟,out_of_scope,none,synth
je cherche un مصلح تلاجات à مستغانم,find_worker,appliance_repair,synth
ma l9itch مول الخياطة disponible f بسكرة,find_worker,tailor,synth
faux plafond avec lumiere indirecte 3awnouni,find_worker,plasterer,synth
nbi3 telephone samsung presque jdid svp,out_of_scope,none,synth
nheb net3allem la couture kayen des cours,out_of_scope,none,synth
chkoun 3ando numero ta3 sebbak f Blida?,find_worker,plumber,synth
كاين رطوبة وتقشير في سقف البيت، شكون يعرف مول الصباغة مليح؟,find_worker,painter,synth
شكون عندو نيميرو تاع بلومبيي في بومرداس؟,find_worker,plumber,synth
وين كاين أقرب صيدلية في مستغانم؟,out_of_scope,none,synth
svp installation clim jdida men fadlkom,find_worker,ac_repair,synth
كيفاش نشارك في العروض تاع الخدمات؟ والله غير حاصل,app_question,none,synth
نحتاج تريتور لفطور رمضان لعائله كبيره شكون عندو حل,find_worker,caterer,synth
3andi gateaux traditionnels lel 3ers,find_worker,caterer,synth
traiteur pour f tour ramadan wach ndir,find_worker,caterer,synth
تنظيف الفور والتلاجة والكوزينة الكل ابل رمضان!! نحتاج واحد يجي فيسع,urgent_service,cleaner,synth
ارجو المساعدة بسرعة، الباب تاع الكوزينة تكسر,urgent_service,carpenter,synth
wach kayen bennay qrib meni f Tlemcen?,find_worker,mason,synth
depuis 3 jours 3andna la chasse d'eau khasra,find_worker,plumber,synth
combien coute un menuisier?,price_inquiry,carpenter,synth
3awnouni robe soirée sur mesure w rani 7asel,urgent_service,tailor,synth
ya kho les prix ta3 couturier f Boumerdes?,price_inquiry,tailor,synth
عندي تريتور للختانة نهار الجمعة في الدار، واش نديار,find_worker,caterer,synth
دلوني على reparateur climatiseur شاطر ومعقول,find_worker,ac_repair,synth
win nechri gazon w les plantes f Mostaganem?,out_of_scope,none,synth
نحتاج لي يصلح الماشينات يجي غدوة الصباح لـ بسكرة,find_worker,appliance_repair,synth
slm,greeting_chitchat,none,synth
نڨدر نلڨى خياطة يجي اليوم لـ وهران؟,find_worker,tailor,synth
ch7al nkhalles bach nsale7 la voiture tdakhen dokhan k7el?,price_inquiry,mechanic,synth
الپاركي تاع البيت تخرب ونحتاج منوزيي ديركت توا,urgent_service,carpenter,synth
راني نحوس على مول الميكانيك في تيزي وزو,find_worker,mechanic,synth
les prix ta3 mikanisyan f Batna?,price_inquiry,mechanic,synth
شحال السوم تاع مول الطياب؟,price_inquiry,caterer,synth
interrupteur khasser chkoun 3ando solution ya kho,find_worker,electrician,synth
"slm, combien coute un cuisiniere?",price_inquiry,caterer,synth
nbeddel les robinets ta3 cuisine!! chkoun yji fissa3?,urgent_service,plumber,synth
svp win nechri des plaques ba13 en gros?,out_of_scope,none,synth
واش هي الأسعار نتاع تريسيان في مستغانم؟,price_inquiry,electrician,synth
"slm, kifach neb3et demande de service?",app_question,none,synth
بليز ناقل العفش في غرداية ضركا ضركا، نقل الحوايج من الدار القديمة للجديدة,urgent_service,mover,synth
الله يخليكم الكليمة تأطر الما في البيت ومأدرتش نلأى حل والله غير حاصل,urgent_service,ac_repair,synth
win nechri gazon w les plantes f Biskra?,out_of_scope,none,synth
"saha, ch7al prix ta3 abonnement par mois?",app_question,none,synth
راهي عندي الفنيترة ما تسكرش مليح وحاصل,find_worker,carpenter,synth
وين نلقى الطلبات لي بعثتهم؟ يعطيكم الصحة,app_question,none,synth
clima t9atter el ma chkoun 3ando solution,find_worker,ac_repair,synth
شكون عندو نيميرو تاع دهان في تلمسان؟,find_worker,painter,synth
kifah n3ayet l worker apres la mission,app_question,none,synth
معليش تقولي كيفاه راه الطقس في عنابة؟,out_of_scope,none,synth
cas urgent: retouche w tadyiq nta3 roba,urgent_service,tailor,synth
ya cheikh ya3ychek,greeting_chitchat,none,synth
ya cheikh 3lach les notifications ma yjounich?,app_question,none,synth
مساء الخير الله يخليك,greeting_chitchat,none,synth
صاحبي الجنان محتاج تنقية وقازون جديد,out_of_scope,none,synth
من فضلكم الجنان محتاج تنقية وقازون جديد,out_of_scope,none,synth
win nechri gazon w les plantes f Tizi Ouzou?,out_of_scope,none,synth
تصليح سودير في السلم الحديدي!! نحتاج واحد يجي فيسع وشكرا مسبقا,urgent_service,welder,synth
واش هي الأسعار تاع تأني كليماتيزور في وهران؟,price_inquiry,ac_repair,synth
"3andi peinture ta3 dar kamla, chkoun ye3ref peintre mli7?",find_worker,painter,synth
دلوني على mol l placo شاطر ومعگول,find_worker,plasterer,synth
merci bcp svp,greeting_chitchat,none,synth
التلاجة ما تبردش والمأكلة تخسر شكون عندو حل,find_worker,appliance_repair,synth
كي نشعل الماشينة يطيح الضو ونحتاج مول الضو ديركت توا ياخو,urgent_service,electrician,synth
شحال تكلف خدمة: نحب نصبغ الدار قبل العيد؟,price_inquiry,painter,synth
نحتاج كوافور يجي للدار نهار العرس,find_worker,barber,synth
نحتاج couturiere مليح في Tizi Ouzou,find_worker,tailor,synth
عندي تصليح سودير في السلم الحديدي في الدار، واش نديار؟,find_worker,welder,synth
ya kho n7awes 3la appartement l kra f Jijel,out_of_scope,none,synth
win nel9a pizzeria mli7a f Boumerdes?,out_of_scope,none,synth
kifah nes7ab compte ta3i? w chokran,app_question,none,synth
ارجو المساعده بسرعه، الباب الحديديه خرجت من بلاصتها,urgent_service,welder,synth
شحال يدير ميكانيكي في بجاية,price_inquiry,mechanic,synth
clima tqatter el ma w ma 3reftch win nrou7,find_worker,ac_repair,synth
svp recette ta3 couscous svp,out_of_scope,none,synth
عندي نحفف وندير اللحية عند الدار في الدار، واش نديار؟,find_worker,barber,synth
restaurant mli7 l le diner f بليدة?,out_of_scope,none,synth
menage hebdomadaire!! chkoun yji fissa3?,urgent_service,cleaner,synth
يا خويا نحتاج واحد يقص الحشيش نتاع الجنان,out_of_scope,none,synth
مستعجل: نحتاج واحد يعاونني في خدمة في الدار اليوم في سكيكدة ياخو,urgent_service,none,synth
واش كاين شي بنّاء قريب من باتنة؟,find_worker,mason,synth
صحا، نحوس على ريسطورون مليح للعشاء في باتنة,out_of_scope,none,synth
wach kayen reparateur machine a laver grib meni f Skikda?,find_worker,appliance_repair,synth
شكرا بزاف,greeting_chitchat,none,synth
حالة مستعجلة: اللافابو راه يفويتي,urgent_service,plumber,synth
شحال يكلفني نجار لليوم كامل,price_inquiry,carpenter,synth
wach kayen maçon 9rib meni f Constantine?,find_worker,mason,synth
نسيت كلمة السر، واش نديار؟ بارك الله فيكم,app_question,none,synth
شكون يركب سقي أوتوماتيك في الجنينة؟ يعطيكم الصحة,out_of_scope,none,synth
الدار محتاجة تنظيف عميڨ واش نديار,find_worker,cleaner,synth
nheb ناقل العفش yji lyoum l ورقلة,find_worker,mover,synth
شكون عندو نيميرو نتاع plakist في Batna,find_worker,plasterer,synth
sa7bi c'est quoi l'abonnement pro?,app_question,none,synth
combien coute un mason,price_inquiry,mason,synth
ارجو المساعدة بسرعة، الكليماتيزور يدير صوت غريب,urgent_service,ac_repair,synth
n7awes 3la appartement l kra f Tlemcen merci,out_of_scope,none,synth
n7awes 3la appartement l kra f Blida,out_of_scope,none,synth
خويا ريحة كابل محروأ شكون يجي يشوفها,find_worker,electrician,synth
devis approximatif: prise ma7rou9a?,price_inquiry,electrician,synth
من فضلكم واش التطبيق يخدم بلا انترنات؟,app_question,none,synth
"ya khouya j'ai oublié mon mot de passe, wach ndir?",app_question,none,synth
3awnouni coiffure a domicile pour le mariage w rani 7asel,urgent_service,barber,synth
نحوس جنايني يقلم الأشجار نتاع الجنان,out_of_scope,none,synth
جاري قالي نسقسي هنا على بلومبيي في تيزي وزو,find_worker,plumber,synth
شحال تكلف خدمة: ميناج أسبوعي للفيلا؟,price_inquiry,cleaner,synth
بليز فام دو ميناج في الشلف دوك دوك، نحتاج تنظيف الدار گبل ما نسكنو فيها,urgent_service,cleaner,synth
svp les prix ta3 cuisiniere f Biskra?,price_inquiry,caterer,synth
combien pour nettoyage des vitres ta3 villa?,price_inquiry,cleaner,synth
نبغي نديار باب حديد للحوش ونحتاج مول السودير ديركت دوك,urgent_service,welder,synth
devis approximatif: demenagement ta3 bureau?,price_inquiry,mover,synth
بشحال الخدمة تاع خياط تگريبا,price_inquiry,tailor,synth
بليز تقني كليماتيزور في تلمسان دورك دورك، الكليمة ما تبردش,urgent_service,ac_repair,synth
خويا نبغي نكوموندي حلويات تگليدية للعرس شكون يجي يشوفها,find_worker,caterer,synth
combien pour installer des spots fel plafond?,price_inquiry,electrician,synth
win kayen pharmacie qriba f Mostaganem,out_of_scope,none,synth
مستعجل: نحتاج واحد يعاونني في خدمة في الدار اليوم في سطيف,urgent_service,none,synth
واش نأدر نخدم كعامل وكليان في نفس الوأت؟,app_question,none,synth
ya kho wach ne9der nesta3mel l appli offline?,app_question,none,synth
ch7al ykalefni plakist pour une journee?,price_inquiry,plasterer,synth
شحال تكلف خدمة: نبغي نركب باب رئيسية جديدة؟,price_inquiry,carpenter,synth
"saha, besoin d un peintre serieux f Tizi Ouzou",find_worker,painter,synth
les amis wesh rak?,greeting_chitchat,none,synth
grille de protection lel fenetres w ma 3reftch win nrou7,find_worker,welder,synth
ya cheikh devis approximatif: compteur ta3 el ma yfuiti?,price_inquiry,plumber,synth
يعطيكم الصحة، نحوس خياط ناشط في بسكرة,find_worker,tailor,synth
svp kifah nbeddel numero ta3i f compte?,app_question,none,synth
الشوفو ما يسخنش الما,find_worker,plumber,synth
win nel9a pizzeria mli7a f Tiaret? svp,out_of_scope,none,synth
"saha, wach ne9der nesta3mel l appli offline?",app_question,none,synth
sa7bi recette nta3 couscous svp,out_of_scope,none,synth
واش كاين شي مصلح تلاجات گريب من برج بوعريريج؟,find_worker,appliance_repair,synth
وين نشري ماكينة خياطة جديدة في بجاية؟,out_of_scope,none,synth
السيفون تاع التواليت خسر,find_worker,plumber,synth
"slm, kifach n3ayet l worker apres la mission?",app_question,none,synth
win nechri des plaques ba13 en gros? svp,out_of_scope,none,synth
les amis ch7al ykalefni wa7ed y3aweni f khedma f dar pour une journee?,price_inquiry,none,synth
شحال يكلف الانتيريتور خسر ما يشعلش الضو؟,price_inquiry,electrician,synth
حلاقة في الدار لشيخ كبير ما يقدرش يخرج ونحتاج coiffeur ديركت توا,urgent_service,barber,synth
chkoun y9asli el gazon ta3 jardin?,out_of_scope,none,synth
واش كاين شي بلاكيست ڨريب من غرداية؟,find_worker,plasterer,synth
راهي عندي قنوات الما تاع الدار قدام يسقطو وحاصل,find_worker,plumber,synth
"saha, win nechri machine a coudre f Jijel?",out_of_scope,none,synth
شحال تكلف خدمة: الميكروند مات؟,price_inquiry,appliance_repair,synth
الكليمة تطلق ريحة كريهة,find_worker,ac_repair,synth
صاحبي صحيت خويا,greeting_chitchat,none,synth
شحال يكلفني عاملة تنظيف لليوم كامل؟,price_inquiry,cleaner,synth
عندي نحب نديار فو بلافون بلاكو في الصالون في الدار، واش نديار؟,find_worker,plasterer,synth
win nelga pizzeria mli7a f Blida?,out_of_scope,none,synth
عندي تحفيفة وتدريج شاب للولد في الدار، واش نديار؟,find_worker,barber,synth
راهي عندي نقل تلاجة وماشينة للطابق الثالث وحاصل,find_worker,mover,synth
toute la maison sans courant w ma 3reftch win nrou7,find_worker,electrician,synth
chkoun yqasli el gazon ta3 jardin? ya kho,out_of_scope,none,synth
svp kifach rah el jaw f Ouargla?,out_of_scope,none,synth
نحوس على طبيب أسنان زين في برج بوعريريج,out_of_scope,none,synth
ma l9itch couturiere disponible f Ouargla,find_worker,tailor,synth
واش نقدر نستعمل التطبيق كضيف بلا كونت؟ ياخو,app_question,none,synth
واش نقدر نستعمل التطبيق كضيف بلا كونت؟ يعطيكم الصحة,app_question,none,synth
شحال تكلف خدمة: لاباتري راهي ميتة؟,price_inquiry,mechanic,synth
ya kho n7awes jardinier mli7 ytayye7li les mauvaises herbes,out_of_scope,none,synth
الكم تاع الفيستة طويل ويحتاج تقصير,find_worker,tailor,synth
نحب نركب باب رئيسية جديدة بارك الله فيكم,find_worker,carpenter,synth
wesh rak,greeting_chitchat,none,synth
شعري طويل ونحب تحفيفة ديغراديه عاونوني,find_worker,barber,synth
الله يخليكم تنظيف الموكيت والكناپي ومأدرتش نلأى حل,urgent_service,cleaner,synth
les prix ta3 khayat f Oran?,price_inquiry,tailor,synth
bn nuit khouya svp,greeting_chitchat,none,synth
"slm, win nel9a les demandes li b3aththom?",app_question,none,synth
combien coute un couturier?,price_inquiry,tailor,synth
يا شيخ حالة مستعجلة: نحتاج عمال ينزلولي العفش من الطابق الخامس,urgent_service,mover,synth
راهي عندي طباخة لحفلة النجاح وحاصل,find_worker,caterer,synth
les prix ta3 mol clima f Batna?,price_inquiry,ac_repair,synth
وين نقرا لانجليزية في برج بوعريريج؟,out_of_scope,none,synth
نحتاج kwafur زين في Batna,find_worker,barber,synth
ya khouya je cherche un لي يصلح الكليمة à بومرداس,find_worker,ac_repair,synth
je cherche un sebbagh à Batna,find_worker,painter,synth
حالة مستعجلة: الرطوبة كلات الحيط تاع البيت,urgent_service,mason,synth
3awnouni nbeddel couleur ta3 salon w rani 7asel,urgent_service,painter,synth
يا خويا نسيت كلمة السر، واش نديار؟,app_question,none,synth
dorka dork soudure ta3 porte metallique,urgent_service,welder,synth
ميناج أسبوعي للفيلا عاونوني,find_worker,cleaner,synth
شحال يكلفني كهربائي لليوم كامل؟,price_inquiry,electrician,synth
مستعجل: نحتاج sebbak اليوم في Ouargla,urgent_service,plumber,synth
حالة مستعجلة: نحب نديار پلاكار على قياس,urgent_service,carpenter,synth
ارجو المساعده بسرعه، فو بلافون مع اضاءه مخبيه,urgent_service,plasterer,synth
les haies y7tajo taille chkoun ydirha? wallah ghir 7asel,out_of_scope,none,synth
win nel9a les demandes li b3aththom? w chokran,app_question,none,synth
واش نگدر نخدم كعامل وكليان في نفس الوگت؟,app_question,none,synth
شكون عندو نيميرو تاع سباك في تيزي وزو؟ بارك الله فيكم,find_worker,plumber,synth
نحتاج تنظيف الزجاج والفنيترات تاع الفيلا ومازال ما لقيتش لي يصلحها,find_worker,cleaner,synth
sa7bi n7awes jardinier mli7 ytayye7li les mauvaises herbes,out_of_scope,none,synth
coupe pour les enfants avant la rentrée fissa3 svp,urgent_service,barber,synth
dork dork demenagement ta3 bureau,urgent_service,mover,synth
عندي فو بلافون مع اضاءة مخبية في الدار، واش نديار؟ وشكرا مسبقا,find_worker,plasterer,synth
"svp déménageur f Biskra vite, n9el les meubles l dar jdida",urgent_service,mover,synth
je cherche un mikanisyan à Tizi Ouzou,find_worker,mechanic,synth
يا جماعة الديجونكتور يطيح ديما ومازال ما لقيتش لي يصلحها,find_worker,electrician,synth
combien coute un mécanicien?,price_inquiry,mechanic,synth
شحال يكلف السياج تاع الحديد تكسر ومحتاج سودير؟,price_inquiry,welder,synth
transport ta3 piano fissa3 svp,urgent_service,mover,synth
ch7al ydir عاملة تنظيف f بجاية?,price_inquiry,cleaner,synth
ياخو البيسي تاعي ولا ثڨيل بزاف واش نديار؟,out_of_scope,none,synth
coiffure a domicile pour le mariage,find_worker,barber,synth
واش هي الأسعار تاع تريتور في تيزي وزو؟,price_inquiry,caterer,synth
نحتاج مرا تعاون ماما في قضيان الدار فيسع فيسع,urgent_service,cleaner,synth
نڨل مكتب من وسط المدينة فيسع فيسع,urgent_service,mover,synth
يا جماعة كيفاش نشارك في العروض تاع الخدمات؟,app_question,none,synth
sa7bi lave-vaisselle y7bes f nos!! chkoun yji fissa3?,urgent_service,appliance_repair,synth
ya khouya changer la fermeture ta3 pantalon chkoun 3ando solution,find_worker,tailor,synth
واش التطبيڨ مجاني ولا بالخلاص,app_question,none,synth
reparation grille ta3 fenetre fissa3 svp,urgent_service,welder,synth
ch7al ykalefni mécanicien pour une journee?,price_inquiry,mechanic,synth
نحتاج حلاق للعريس صباح العرس ونحتاج حلاق ديركت توا,urgent_service,barber,synth
depuis 3 jours 3andna installation clim jdida,find_worker,ac_repair,synth
شكون عندو نيميرو تاع بنّاء في الشلف؟,find_worker,mason,synth
نبغي نعلي حيط الحوش متر زيادة من فضلكم,find_worker,mason,synth
ya cheikh nheb plakist yji lyoum l Ouargla,find_worker,plasterer,synth
شحال يكلف رتوش خفيف على روبة السهرة؟,price_inquiry,tailor,synth
chkoun 3ando numero ta3 ميكانيكي f باتنة?,find_worker,mechanic,synth
واش هي الأسعار تاع مول الطياب في قسنطينة؟,price_inquiry,caterer,synth
les amis comment ca marche l'application?,app_question,none,synth
صاحبي الله يخليكم ميناج أسبوعي للفيلا ومقدرتش نلقى حل,urgent_service,cleaner,synth
شحال السوم تاع مول البناء؟,price_inquiry,mason,synth
سلام، جاري قالي نسقسي هنا على مول الصباغة في تيارت,find_worker,painter,synth
besoin d un plaquiste serieux f Bordj Bou Arreridj,find_worker,plasterer,synth
نحوس على ريسطورون مليح للعشاء في Jijel,out_of_scope,none,synth
kifach nchouf les avis ta3 worker,app_question,none,synth
عندي نحب نركب باب رئيسيه جديده ونحتاج واحد يصلحهالي,find_worker,carpenter,synth
شحال يدير لي يدير الميناج في بسكرة,price_inquiry,cleaner,synth
chkoun 3ando numero ta3 menuisier f Blida?,find_worker,carpenter,synth
les prix ta3 électricien f Setif?,price_inquiry,electrician,synth
nbeddel les robinets nta3 cuisine 3awnouni,find_worker,plumber,synth
راني نحوس على خدمة نخدمها، واش كاين بلايص؟,out_of_scope,none,synth
نحب نزيد بريزة جديدة في البيرو!! نحتاج واحد يجي فيسع,urgent_service,electrician,synth
يا جماعة نبغي نشري طوموبيل مستعملة، واش تنصحوني؟,out_of_scope,none,synth
نقدر نلقى دهان يجي اليوم لـ باتنة؟,find_worker,painter,synth
يعطيكم الصحه، نحوس مول الحلاقه ناشط في الجزائر العاصمه,find_worker,barber,synth
صاحبي خويا راسي شعث بزاف ونحتاج نحفف شكون يجي يشوفها,find_worker,barber,synth
شحال تكلف خدمه: نحب نبدل الروبينات تاع الكوزينه؟,price_inquiry,plumber,synth
صاحبي عندي نحتاج طباخة لعرس مية نفر,find_worker,caterer,synth
راهي عندي نفض الغبرة ومسح البلاط تاع الفيلا وحاصل,find_worker,cleaner,synth
win nelga pizzeria mli7a f Ghardaia? wallah ghir 7asel,out_of_scope,none,synth
ch7al ydir ماصون f ورقلة?,price_inquiry,mason,synth
menage hebdomadaire w ma 3reftch win nrou7 merci,find_worker,cleaner,synth
سلام خويا، وين كاين أقرب صيدلية في تلمسان؟,out_of_scope,none,synth
ch7al nkhalles bach nsale7 ta7fifa lel 3id?,price_inquiry,barber,synth
الله يخليكم الروبة تحتاج تضييق من الجناب ومقدرتش نلقى حل,urgent_service,tailor,synth
l'appli gratuite wela payante? ya kho,app_question,none,synth
كيفاش نبدل المهنة تاعي في البروفيل؟ والله غير حاصل,app_question,none,synth
win nechri gazon w les plantes f Ghardaia?,out_of_scope,none,synth
ya kho urgence!! la roue tneffes f Chlef,urgent_service,mechanic,synth
"saha, merci khouya",greeting_chitchat,none,synth
ma l9itch plaquiste disponible f Mostaganem,find_worker,plasterer,synth
نحتاج نزيد بيت فوگ السطح شكون عندو حل,find_worker,mason,synth
نحوس على طبيب أسنان زين في سطيف يعطيكم الصحة,out_of_scope,none,synth
وين نلقى بيتزيريا مليحة في تلمسان؟ وشكرا مسبقا,out_of_scope,none,synth
اللافيسال تحبس في نص البروغرام!! نحتاج واحد يجي فيسع,urgent_service,appliance_repair,synth
nebghi reparateur climatiseur yji lyoum l Mostaganem,find_worker,ac_repair,synth
clim ta3 tonobil ma tberredch!! chkoun yji fissa3? w chokran,urgent_service,mechanic,synth
merci khouya w chokran,greeting_chitchat,none,synth
le paiement fel appli kifach ykoun? merci,app_question,none,synth
ma l9itch plaquiste disponible f Setif,find_worker,plasterer,synth
الرطوبة گوست البلاكو تاع البيت واش نديار,find_worker,plasterer,synth
clim ta3 tonobil ma tberredch w ma 3reftch win nrou7,find_worker,mechanic,synth
ch7al ykalefni menuisier pour une journee?,price_inquiry,carpenter,synth
sbagha ta3 les portes w ma 3reftch win nrou7 wallah ghir 7asel,find_worker,painter,synth
svp ma l9itch agent de nettoyage disponible f Constantine,find_worker,cleaner,synth
kifach nghayyer profession fel compte ta3i? svp,app_question,none,synth
واش هي الأسعار تاع مول الخياطه في وهران؟,price_inquiry,tailor,synth
cas urgent: machine a laver ma tkhdemch,urgent_service,appliance_repair,synth
سلام، نقل الحوايج من الدار القديمة للجديدة ونحتاج لي ينقل الأثاث ديركت دوك,urgent_service,mover,synth
يا خويا نحوس أستاذ يعطي دروس خصوصية في الرياضيات,out_of_scope,none,synth
nrakeb un lustre f salon n7taj electricien tawa dork,urgent_service,electrician,synth
صحا، نحتاج واحد يگص الحشيش تاع الجنان,out_of_scope,none,synth
شحال يكلف نحفف وندير اللحية عند الدار؟,price_inquiry,barber,synth
nkhayet 9andoura lel 3id men fadlkom,find_worker,tailor,synth
nbeddel les robinets ta3 cuisine n7taj sebbak tawa dork,urgent_service,plumber,synth
صحا، واش راهي أخبار الماتش تاع البارح؟,out_of_scope,none,synth
ya cheikh salam,greeting_chitchat,none,synth
svp bn nuit khouya,greeting_chitchat,none,synth
راني نحوس على مول السودير في الشلف,find_worker,welder,synth
راني نحوس على مول السباكة في سكيكدة,find_worker,plumber,synth
ya khouya kifach nactivi la localisation fel appli?,app_question,none,synth
les amis voyant moteur allumé fel tableau fissa3 svp,urgent_service,mechanic,synth
نبغي نديار باب حديد للحوش,find_worker,welder,synth
واش كاين شي بلومبيي قريب من ورقلة؟,find_worker,plumber,synth
kifach nzid des photos l khedmti? merci,app_question,none,synth
نحب نتعلم الحلاڨة باش نحل صالون,out_of_scope,none,synth
بشحال الخدمة تاع transport meubles تقريبا؟,price_inquiry,mover,synth
ch7al ykalefni technicien clim pour une journee?,price_inquiry,ac_repair,synth
يا خويا جاري قالي نسقسي هنا على لي ينقل الأثاث في جيجل,find_worker,mover,synth
saha khouya ya kho,greeting_chitchat,none,synth
sa7bi kifach nactivi la localisation fel appli?,app_question,none,synth
صحا، نحتاج تريسيان يجي غدوة الصباح لـ بومرداس,find_worker,electrician,synth
peinture ta3 dar kamla chkoun 3ando solution,find_worker,painter,synth
طباخة تطيب الشخشوخة لمناسبة فيسع فيسع,urgent_service,caterer,synth
الدار فيها نديرو درابزين حديد للدرج من سيمانه كامله,find_worker,welder,synth
نحب نخبي الكابلاج بحيط بلاكو!! نحتاج واحد يجي فيسع,urgent_service,plasterer,synth
سلام خويا، كيفاش نمسح الحساب تاعي؟,app_question,none,synth
depuis 3 jours 3andna reparer les volets ta3 fenetres,find_worker,carpenter,synth
wach neqder ncancel demande b3aththa?,app_question,none,synth
la chape ta3 les chambres 9bel le parquet w ma 3reftch win nrou7,find_worker,mason,synth
ch7al ykalefni déménageur pour une journee?,price_inquiry,mover,synth
ch7al ydir couturiere f Chlef?,price_inquiry,tailor,synth
cas urgent: la roue tneffes,urgent_service,mechanic,synth
le carrelage ta3 hammam t9alla3 wach ndir,find_worker,mason,synth
من فضلكم دلوني على واحد يعاونني في خدمة في الدار شاطر ومعگول,find_worker,none,synth
يعطيكم الصحة، نحوس تقني كليماتيزور ناشط في باتنة,find_worker,ac_repair,synth
3andi meuble ye7taj tsli7,find_worker,carpenter,synth
"svp technicien clim f Bordj Bou Arreridj vite, clim ydir bruit bizarre",urgent_service,ac_repair,synth
cv,greeting_chitchat,none,synth
svp cuisine en bois sur mesure,find_worker,carpenter,synth
n7awes 3la dentiste mli7 f Tlemcen merci,out_of_scope,none,synth
combien pour tabbakha tji ttayeb f dar?,price_inquiry,caterer,synth
urgence!! coupe degradé m3a trait f Boumerdes ya kho,urgent_service,barber,synth
وين كاين أگرب صيدلية في Blida؟,out_of_scope,none,synth
نحتاج بلاكيست مليح في ورقلة ياخو,find_worker,plasterer,synth
dork dork la clim ma tsakhanch f chta,urgent_service,ac_repair,synth
شحال يكلفني صباغ لليوم كامل,price_inquiry,painter,synth
"svp mécanicien f Ghardaia vite, la roue tneffes",urgent_service,mechanic,synth
ch7al taman bach ndir toute la maison sans courant?,price_inquiry,electrician,synth
ch7al nkhalles bach nsale7 n9el les meubles l dar jdida?,price_inquiry,mover,synth
الدرج الخشبي يزقزق!! نحتاج واحد يجي فيسع,urgent_service,carpenter,synth
عندي ديمناجمون كامل للدار ونحتاج واحد يصلحهالي,find_worker,mover,synth
win nechri gazon w les plantes f Ouargla?,out_of_scope,none,synth
sa7bi 3lach les notifications ma yjounich?,app_question,none,synth
merci bcp ya kho,greeting_chitchat,none,synth
ya khouya nebghi plombi yji lyoum l Ghardaia,find_worker,plumber,synth
وين نشري ماكينة خياطة جديدة في Mostaganem؟,out_of_scope,none,synth
svp 3andi cloison ba13 avec porte,find_worker,plasterer,synth
rani n7awes 3la صباغ f بسكرة,find_worker,painter,synth
مستعجل: نحتاج بنّاء اليوم في ورقلة,urgent_service,mason,synth
نحب بورطاي حديد للغاراج!! نحتاج واحد يجي فيسع,urgent_service,welder,synth
عندي حلاگة في الدار لشيخ كبير ما يگدرش يخرج ونحتاج واحد يصلحهالي,find_worker,barber,synth
راني نحوس على خياط في وهران,find_worker,tailor,synth
besoin d un plombier serieux f Ouargla,find_worker,plumber,synth
شحال يكلف نقل تلاجة وماشينة للطابق الثالث,price_inquiry,mover,synth
ارجو المساعدة بسرعة، الطابلة تاع الصالون محتاجة تصليح ياخو,urgent_service,carpenter,synth
الكليمة ما تبردش!! نحتاج واحد يجي فيسع,urgent_service,ac_repair,synth
win nel9a pizzeria mli7a f Ouargla?,out_of_scope,none,synth
معليش تقولي كيفاش راه الطقس في بومرداس,out_of_scope,none,synth
cas urgent: femme de menage l villa kol khemis,urgent_service,cleaner,synth
ya cheikh combien coute un wa7ed y3aweni f khedma f dar?,price_inquiry,none,synth
ارجو المساعدة بسرعة، الكليمة تجري الما من الداخل,urgent_service,ac_repair,synth
الطوموبيل ما تحبش تشعل فيسع فيسع,urgent_service,mechanic,synth
جاري گالي نسگسي هنا على تريسيان في تيزي وزو,find_worker,electrician,synth
دلوني على مول الحلاقة شاطر ومعقول,find_worker,barber,synth
le placo tqawes mel humidité ... chkoun ysal7hali?,find_worker,plasterer,synth
نحوس جنايني يڨلم الأشجار نتاع الجنان,out_of_scope,none,synth
البيسي تاعي ولا ثقيل بزاف واش نديار,out_of_scope,none,synth
"svp couturier f Annaba vite, rideaux lel salon sur mesure",urgent_service,tailor,synth
يعطيكم الصحة، نحوس تڨني كليماتيزور ناشط في بسكرة,find_worker,ac_repair,synth
wach kayen peintre 9rib meni f Alger?,find_worker,painter,synth
"slm, n7awes 3la appartement l kra f Oran",out_of_scope,none,synth
وين نشري الزرع والورد للجنان في ورقلة؟,out_of_scope,none,synth
ياخو شحال تكلف خدمة: نبغي نصبغ الدار قبل العيد؟,price_inquiry,painter,synth
kifach rah el jaw f Oran,out_of_scope,none,synth
مستعجل: نحتاج خياط اليوم في مستغانم,urgent_service,tailor,synth
وين كاين أأرب صيدلية في الشلف؟,out_of_scope,none,synth
combien pour coupe pour les enfants avant la rentrée?,price_inquiry,barber,synth
الدار فيها الدار محتاجة تنظيف عميگ من سيمانة كاملة,find_worker,cleaner,synth
واش كاين شي واحد يعاونني في خدمة في الدار قريب من بسكرة؟,find_worker,none,synth
besoin d un barbier serieux f Boumerdes,find_worker,barber,synth
svp demenagement men Oran l Alger w ma 3reftch win nrou7,find_worker,mover,synth
win nelga les demandes li b3aththom,app_question,none,synth
سلام، نحب نشري ماشينة صابون جديدة شحال السوم؟,out_of_scope,none,synth
sa7bi nheb mason yji lyoum l Setif,find_worker,mason,synth
combien coute un tabbakha?,price_inquiry,caterer,synth
svp win nel9a pizzeria mli7a f Ghardaia?,out_of_scope,none,synth
3awnouni le portail khrej men blasstou w rani 7asel,urgent_service,welder,synth
دلوني على مول السودير شاطر ومعگول,find_worker,welder,synth
devis approximatif: fenetre ma tetsakkarch mli7?,price_inquiry,carpenter,synth
depuis 3 jours 3andna coupe + barbe w contour,find_worker,barber,synth
نحتاج منوزيي يجي غدوة الصباح لـ تيارت بارك الله فيكم,find_worker,carpenter,synth
نبغي نركب تريات في السڨف من فضلكم,find_worker,electrician,synth
ya cheikh recette ta3 couscous svp,out_of_scope,none,synth
kifah ndir compte facebook?,out_of_scope,none,synth
بشحال الخدمه نتاع نجار تقريبا؟,price_inquiry,carpenter,synth
راني نحوس على مول الكليمة في تلمسان,find_worker,ac_repair,synth
واش نڨدر نخدم كعامل وكليان في نفس الوڨت,app_question,none,synth
peindre le plafond merci,find_worker,painter,synth
يا شيخ نحتاج بلاكيست مليح في سطيف,find_worker,plasterer,synth
placard sur mesure men fadlkom,find_worker,carpenter,synth
عندي تنظيف بعد خدمة البناء في الدار، واش نديار؟,find_worker,cleaner,synth
شكون عندو نيميرو تاع واحد يعاونني في خدمه في الدار في Skikda؟,find_worker,none,synth
لاباس عليكم؟ وشكرا مسبقا,greeting_chitchat,none,synth
كيفاش نبدل رڨم تيليفوني في الكونت,app_question,none,synth
حالة مستعجلة: نحتاج كاميو صغير ننقل بيه الأثاث,urgent_service,mover,synth
3andi rampe d escalier en fer,find_worker,welder,synth
نحتاج مول الجبس غايا في ورڨلة,find_worker,plasterer,synth
بشحال الخدمة تاع مول السباكة تگريبا؟,price_inquiry,plumber,synth
ch7al ydir kwafur f Annaba?,price_inquiry,barber,synth
les haies y7tajo taille chkoun ydirha?,out_of_scope,none,synth
chkoun y9asli el gazon nta3 jardin?,out_of_scope,none,synth
نحتاج مول الكليمة يجي غدوة الصباح لـ بومرداس,find_worker,ac_repair,synth
حالة مستعجلة: نحب نزيد بريزة جديدة في البيرو,urgent_service,electrician,synth
ya cheikh ch7al prix ta3 abonnement par mois?,app_question,none,synth
cc,greeting_chitchat,none,synth
chkoun y9asli el gazon ta3 jardin? svp,out_of_scope,none,synth
شحال السوم تاع بنّاء,price_inquiry,mason,synth
changer la fermeture ta3 pantalon n7taj couturier tawa drouk,urgent_service,tailor,synth
clim tetlok ri7a khayba!!! chkoun yji fissa3?,urgent_service,ac_repair,synth
3awnouni la voiture t7bes f nos tri9 w rani 7asel,urgent_service,mechanic,synth
يعطيكم الصحة، نحوس مول البناء ناشط في بسكرة,find_worker,mason,synth
يا خويا واش نقدر نخدم كعامل وكليان في نفس الوقت؟,app_question,none,synth
عاونوني! السروال طويل ونحب نأصرو وراني حاصل,urgent_service,tailor,synth
عاونوني! الباب تاع الكوزينة تكسر وراني حاصل,urgent_service,carpenter,synth
وين نلقى بيتزيريا مليحة في جيجل؟,out_of_scope,none,synth
ch7al nkhalles bach nsale7 congelateur ma yjamedch?,price_inquiry,appliance_repair,synth
نحب نبدل بلاصة الكليمة شكون عندو حل,find_worker,ac_repair,synth
combien pour la voiture t7bes f nos tri9?,price_inquiry,mechanic,synth
نحوس أستاذ يعطي دروس خصوصيه في الرياضيات,out_of_scope,none,synth
مستعجل: نحتاج مول الضو اليوم في تلمسان,urgent_service,electrician,synth
cas urgent: demenagement ta3 bureau,urgent_service,mover,synth
نحتاج تركيب كليمة جديدة عاونوني,find_worker,ac_repair,synth
win nechri machine a coudre f Tiaret?,out_of_scope,none,synth
"saha, kifah nzid des photos l khedmti?",app_question,none,synth
عندي الكليمة تقطر الما في البيت في الدار، واش نديار؟,find_worker,ac_repair,synth
ch7al taman bach ndir nettoyage profond?,price_inquiry,cleaner,synth
نحتاج واحد يأص الحشيش تاع الجنان,out_of_scope,none,synth
wach kayen mol clima grib meni f Jijel?,find_worker,ac_repair,synth
wach kayen لي يصلح الكليمة 9rib meni f بليدة?,find_worker,ac_repair,synth
شكون عندو نيميرو تاع سباك في بليدة؟,find_worker,plumber,synth
win nelga les demandes li b3aththom?,app_question,none,synth
"bonjour, je cherche un technicien clim à Boumerdes",find_worker,ac_repair,synth
نحوس وصفة طاجين حلو للعيد يعطيكم الصحة,out_of_scope,none,synth
نحوس على طبيب أسنان مليح في Tizi Ouzou,out_of_scope,none,synth
nebghi mikanisyan yji lyoum l Constantine,find_worker,mechanic,synth
واش الأحوال؟,greeting_chitchat,none,synth
سلام خويا، ههههه شابة,greeting_chitchat,none,synth
svp ch7al prix ta3 abonnement par mois?,app_question,none,synth
حالة مستعجلة: التلاجة تدير صوت غريب,urgent_service,appliance_repair,synth
ya cheikh coiffure ta3 la mariée a domicile,find_worker,barber,synth
n7awlou l dar jdida f nefs el 7ay fissa3 svp,urgent_service,mover,synth
fenetre ma tetsakkarch mli7 men fadlkom,find_worker,carpenter,synth
sa7bi traiteur pour f tour ramadan!! chkoun yji fissa3?,urgent_service,caterer,synth
نحوس على طبيب أسنان مليح في عنابة,out_of_scope,none,synth
les prix ta3 couturier f Ghardaia?,price_inquiry,tailor,synth
besoin d un kwafur serieux f Setif,find_worker,barber,synth
je cherche un peintre à Ouargla,find_worker,painter,synth
عاونوني! نحب نضيق الروبة من الجناب وراني حاصل,urgent_service,tailor,synth
صحا، الدار فيها نحتاج طياب للوليمة نهار السبت من سيمانة كاملة,find_worker,caterer,synth
cas urgent: tabbakha lel 3ers,urgent_service,caterer,synth
حلاقة اللحية والتحديد ونحتاج كوافور ديركت ضروك,urgent_service,barber,synth
devis approximatif: nzid des prises fel cuisine?,price_inquiry,electrician,synth
besoin d un kwafur serieux f Ghardaia,find_worker,barber,synth
cas urgent: recharge gaz ta3 la clim,urgent_service,ac_repair,synth
ch7al nkhalles bach nsale7 n7affef 3and dar? svp,price_inquiry,barber,synth
شحال نخلص باش نصلح نحب صبغة ومشطة في الدار؟,price_inquiry,barber,synth
شحال يكلف الرطوبة كلات الحيط نتاع البيت؟,price_inquiry,mason,synth
شحال نخلص باش نصلح تصليح سودير في السلم الحديدي؟ ياخو,price_inquiry,welder,synth
صحا، تصبحو على خير,greeting_chitchat,none,synth
dorka dork les murs mkharbchin ye7tajo enduit,urgent_service,painter,synth
مستعجل: نحتاج واحد يعاونني في خدمة في الدار اليوم في تلمسان يعطيكم الصحة,urgent_service,none,synth
حالة مستعجلة: الضو يشعل ويطفي وحدو,urgent_service,electrician,synth
حالة مستعجلة: الفور ما يسخنش وشكرا مسبقا,urgent_service,appliance_repair,synth
"svp technicien clim f Blida vite, clim tetlok ri7a khayba",urgent_service,ac_repair,synth
نحتاج مرا تعاون ماما في گضيان الدار ومازال ما لگيتش لي يصلحها,find_worker,cleaner,synth
من فضلكم نحوس على ريسطورون مليح للعشاء في Constantine,out_of_scope,none,synth
devis approximatif: la peinture t9echret?,price_inquiry,painter,synth
je cherche un agent de nettoyage à Tlemcen,find_worker,cleaner,synth
ديمناجمون كامل للدار، شكون يعرف déménageur مليح؟,find_worker,mover,synth
شحال السوم نتاع دهان؟ بارك الله فيكم,price_inquiry,painter,synth
سلام، صحا خويا,greeting_chitchat,none,synth
3andi des etageres l biro,find_worker,carpenter,synth
يا شيخ واش التطبيگ مجاني ولا بالخلاص؟,app_question,none,synth
شحال تكلف خدمة: الضو مڨطوع في الدار كامل؟,price_inquiry,electrician,synth
les amis ch7al rahi el sa3a?,out_of_scope,none,synth
ya cheikh peinture ta3 dar kamla chkoun 3ando solution,find_worker,painter,synth
خويا نبغي نبدل بلاصة الكليمة شكون يجي يشوفها,find_worker,ac_repair,synth
من فضلكم واش نقدر نلغي طلب بعثتو؟,app_question,none,synth
وين نشري ماكينة خياطة جديدة في بومرداس؟,out_of_scope,none,synth
صحا، الطوموبيل تدخن دخان كحل شكون عندو حل,find_worker,mechanic,synth
راني نحوس على لي ينقل الأثاث في تيارت,find_worker,mover,synth
نحوس على شقة للكراء في سكيكدة,out_of_scope,none,synth
وين نشري ماكينة خياطة جديدة في الشلف؟,out_of_scope,none,synth
voyant moteur allumé fel tableau w ma 3reftch win nrou7,find_worker,mechanic,synth
معليش تقولي كيفاش راه الطقس في قسنطينة؟,out_of_scope,none,synth
شحال تكلف خدمة: نحتاج عمال ينزلولي العفش من الطابق الخامس؟,price_inquiry,mover,synth
ma l9itch wa7ed y3aweni f khedma f dar disponible f Tizi Ouzou,find_worker,none,synth
kifah nbeddel numero ta3i f compte? rabi y7afdkom,app_question,none,synth
نحب نركب تريات في السقف ومازال ما لقيتش لي يصلحها,find_worker,electrician,synth
ch7al nkhalles bach nsale7 le portail khrej men blasstou?,price_inquiry,welder,synth
rani n7awes 3la menage f Boumerdes,find_worker,cleaner,synth
chkoun 3ando numero nta3 plombi f Jijel? w chokran,find_worker,plumber,synth
مستعجل: نحتاج صباغ اليوم في بسكرة,urgent_service,painter,synth
nheb ndir porte blindée ... chkoun ysal7hali?,find_worker,welder,synth
من فضلكم تحياتي ليكم,greeting_chitchat,none,synth
الميكروند مات ومازال ما لڨيتش لي يصلحها,find_worker,appliance_repair,synth
win nel9a les demandes li b3aththom? rabi y7afdkom,app_question,none,synth
devis approximatif: tabbakha tji ttayeb f dar,price_inquiry,caterer,synth
win nechri gazon w les plantes f Jijel?,out_of_scope,none,synth
ميناج أسبوعي للفيلا ونحتاج فام دو ميناج ديركت دوك والله غير حاصل,urgent_service,cleaner,synth
واش التطبيق يخدم بلا انترنات؟ بارك الله فيكم,app_question,none,synth
win nechri des plaques ba13 en gros? wallah ghir 7asel,out_of_scope,none,synth
les prix ta3 trisyan f Alger?,price_inquiry,electrician,synth
يا جماعة نحوس على ريسطورون مليح للعشاء في برج بوعريريج,out_of_scope,none,synth
شحال نخلص باش نصلح حيط الحوش مايل وخايفين يطيح؟,price_inquiry,mason,synth
tabbakha tji ttayeb f dar n7taj cuisiniere tawa douk,urgent_service,caterer,synth
ch7al taman bach ndir fuite d'eau f la cuisine,price_inquiry,plumber,synth
la clim na9esha gaz chkoun 3ando solution,find_worker,ac_repair,synth
شكون عندو نيميرو تاع واحد يعاونني في خدمة في الدار في مستغانم؟,find_worker,none,synth
urgence!! buffet pour fete de fiançailles f Blida,urgent_service,caterer,synth
ya3tik saha,greeting_chitchat,none,synth
يعطيكم الصحة، نحوس واحد يعاونني في خدمة في الدار ناشط في بليدة,find_worker,none,synth
راهي عندي نأل الحوايج من الدار الأديمة للجديدة وحاصل,find_worker,mover,synth
combien coute un trisyan,price_inquiry,electrician,synth
ch7al nkhalles bach nsale7 sbagha nta3 les portes,price_inquiry,painter,synth
rani n7awes 3la مول الطياب f جيجل,find_worker,caterer,synth
شحال السوم نتاع واحد يعاونني في خدمة في الدار؟,price_inquiry,none,synth
كاين رطوبة وتأشير في سأف البيت,find_worker,painter,synth
صباح الخير والله غير حاصل,greeting_chitchat,none,synth
porte en fer forgé lel 7ouch wach ndir,find_worker,welder,synth
الله يبارك عليكم يعطيكم الصحة,greeting_chitchat,none,synth
راهي عندي الضو يشعل ويطفي وحدو وحاصل,find_worker,electrician,synth
cuisiniere ma tech3elch!! chkoun yji fissa3?,urgent_service,appliance_repair,synth
les prix nta3 plombi f Oran?,price_inquiry,plumber,synth
وين نشري ماكينة خياطة جديدة في Boumerdes,out_of_scope,none,synth
بشحال الخدمة نتاع مول السباكة تڨريبا؟,price_inquiry,plumber,synth
شحال السوم نتاع ماصون؟,price_inquiry,mason,synth
سلام، يعيشك خويا,greeting_chitchat,none,synth
"slm, femme de menage teji kol jem3a chkoun 3ando solution",find_worker,cleaner,synth
كيفاش نشارك في العروض تاع الخدمات,app_question,none,synth
من فضلكم علاش ما يوصلنيش الإشعار كي يجاوبني عامل؟,app_question,none,synth
كيفاه نفعل الموڨع باش يلڨاوني العمال,app_question,none,synth
عندي نديرو مارشات ڨدام باب الدار ونحتاج واحد يصلحهالي,find_worker,mason,synth
شحال تكلف خدمة: نحب نركب باب رئيسية جديدة؟,price_inquiry,carpenter,synth
devis approximatif: clima t9atter el ma?,price_inquiry,ac_repair,synth
سلام خويا، شحال يدير لي يصلح الكليمة في برج بوعريريج؟,price_inquiry,ac_repair,synth
les prix ta3 wa7ed y3aweni f khedma f dar f الشلف?,price_inquiry,none,synth
sa7bi wach ne2der nesta3mel l appli offline?,app_question,none,synth
ch7al ydir 7addad f Setif?,price_inquiry,welder,synth
شحال يدير مول الضو في الجزائر العاصمه؟,price_inquiry,electrician,synth
wach kayen mikanisyan 9rib meni f Setif?,find_worker,mechanic,synth
voiture ma techa3lch ... chkoun ysal7hali?,find_worker,mechanic,synth
شكون ربح الكان هاد العام,out_of_scope,none,synth
عندي السحاب تاع الجاكيطة خسر ونحتاج واحد يصلحهالي,find_worker,tailor,synth
من فضلكم كيفاش نبعث طلب خدمة؟,app_question,none,synth
wach men film ghaya nchoufou lyoum? merci,out_of_scope,none,synth
combien pour casser un mur w n7elou bab,price_inquiry,mason,synth
ch7al taman bach ndir cuisine en bois sur mesure,price_inquiry,carpenter,synth
راني نحوس على ميكانيكي في بومرداس,find_worker,mechanic,synth
"svp نجار f تيارت vite, parquet mkhareb",urgent_service,carpenter,synth
يا جماعة ربي يحفظكم,greeting_chitchat,none,synth
"slm, kifach nactivi la localisation fel appli?",app_question,none,synth
نديرو مارشات قدام باب الدار ونحتاج ماصون ديركت توا,urgent_service,mason,synth
chkoun 3ando numero ta3 coiffeur f Chlef?,find_worker,barber,synth
سلام، كيفاش نقيّم العامل بعد الخدمة؟,app_question,none,synth
جاري ڨالي نسڨسي هنا على واحد يعاونني في خدمة في الدار في تلمسان,find_worker,none,synth
نحتاج بنّاء مليح في غرداية,find_worker,mason,synth
ارجو المساعدة بسرعة، السياج تاع الحديد تكسر ومحتاج سودير,urgent_service,welder,synth
عندي الفرينات يديرو صوت يخوف ونحتاج واحد يصلحهالي,find_worker,mechanic,synth
كيفاش نفعل الموڨع باش يلڨاوني العمال؟,app_question,none,synth
يا جماعة واش نقدر نلغي طلب بعثتو؟,app_question,none,synth
يعطيكم الصحة، نحوس مول البناء ناشط في الشلف,find_worker,mason,synth
traiteur pour f tour ramadan fissa3 svp ya kho,urgent_service,caterer,synth
"bonjour, wach n9der nkoun worker w client f meme temps?",app_question,none,synth
changer la fermeture ta3 pantalon chkoun 3ando solution,find_worker,tailor,synth
كسكسي لخمسين نفر لصدقة فيسع فيسع,urgent_service,caterer,synth
وين نشري الزرع والورد للجنان في برج بوعريريج,out_of_scope,none,synth
kifah nghayyer profession fel compte ta3i?,app_question,none,synth
win nechri machine a coudre f سكيكدة?,out_of_scope,none,synth
صحا، نحوس على شقة للكراء في سطيف,out_of_scope,none,synth
le paiement fel appli kifach ykoun? w chokran,app_question,none,synth
شحال السوم تاع مول الميكانيك؟,price_inquiry,mechanic,synth
عاونوني! نبغي نديار پلاكار على قياس وراني حاصل,urgent_service,carpenter,synth
الصباغة تقشرت في البيت!! نحتاج واحد يجي فيسع,urgent_service,painter,synth
ch7al rahi el sa3a? w chokran,out_of_scope,none,synth
نحتاج واحد يقص الحشيش نتاع الجنان,out_of_scope,none,synth
urgence!! ta7fifa w l7ya f Skikda,urgent_service,barber,synth
نبغي نتعلم الخياطه واش كاين تكوين قريب؟,out_of_scope,none,synth
ياخو نسيت كلمة السر، واش نديار؟,app_question,none,synth
وين نلقى بيتزيريا مليحة في غرداية؟,out_of_scope,none,synth
tabbakha lel 3ers fissa3 svp,urgent_service,caterer,synth
واش كاين شي مصلح تلاجات قريب من تلمسان؟,find_worker,appliance_repair,synth
depuis 3 jours 3andna nbeddel les robinets nta3 cuisine,find_worker,plumber,synth
كيفاش نشارك في العروض نتاع الخدمات,app_question,none,synth
نحب نديار فو بلافون بلاكو في الصالون من فضلكم,find_worker,plasterer,synth
ch7al nkhalles bach nsale7 pression ta3 el ma dai3fa bezzaf?,price_inquiry,plumber,synth
urgence!! batterie morte f Boumerdes,urgent_service,mechanic,synth
بليز ديمناجور في بجاية دورك دورك، نحول من وهران للعاصمة ونحتاج نأل العفش,urgent_service,mover,synth
حالة مستعجلة: الرطوبة قوست البلاكو تاع البيت,urgent_service,plasterer,synth
dork dork nzid des prises fel cuisine,urgent_service,electrician,synth
يا خويا بشحال الخدمة تاع ناقل العفش تقريبا؟,price_inquiry,mover,synth
nheb لحّام yji lyoum l سكيكدة,find_worker,welder,synth
راني نحوس على كوافور في ورقلة,find_worker,barber,synth
"3andi ta7fifa w l7ya, chkoun ye3ref barbier mli7?",find_worker,barber,synth
nheb net3allem la soudure kayen formation? ya kho,out_of_scope,none,synth
ضو تاع الموتور شاعل في الطابلو,find_worker,mechanic,synth
واش كاين شي مول الصباغة قريب من بومرداس؟,find_worker,painter,synth
combien pour jebs nta3 plafond tah chwiya?,price_inquiry,plasterer,synth
يا خويا نحوس على ريسطورون غايا للعشاء في Mostaganem,out_of_scope,none,synth
3awnouni traiteur pour mariage 100 personnes w rani 7asel,urgent_service,caterer,synth
من فضلكم صباح الخير,greeting_chitchat,none,synth
merci bcp,greeting_chitchat,none,synth
femme de menage teji kol jem3a 3awnouni,find_worker,cleaner,synth
je cherche un khayat à Constantine,find_worker,tailor,synth
نحتاج فيدونج وتبديل الفيلترات واش نديار والله غير حاصل,find_worker,mechanic,synth
rani n7awes 3la mol clima f Chlef rabi y7afdkom,find_worker,ac_repair,synth
je cherche un peintre à Skikda,find_worker,painter,synth
صحا، واش نقدر نخدم كعامل وكليان في نفس الوقت؟,app_question,none,synth
الكشابية محتاجة ترأيع ومازال ما لأيتش لي يصلحها,find_worker,tailor,synth
من فضلكم شحال نخلص باش نصلح الموتور يسخن بزاف؟,price_inquiry,mechanic,synth
"saha, dalle jdida fissa3 svp",urgent_service,mason,synth
"3andi rampe d escalier en fer, chkoun ye3ref soudor mli7?",find_worker,welder,synth
ديمناجمون كامل للدار واش نديار,find_worker,mover,synth
سلام خويا، نحوس أستاذ يعطي دروس خصوصية في الرياضيات,out_of_scope,none,synth
kifach rah el jaw f Oran? ya kho,out_of_scope,none,synth
صحا، كيفاش نبدل رقم تيليفوني في الكونت؟,app_question,none,synth
3awnouni jebs ta3 plafond tah chwiya w rani 7asel,urgent_service,plasterer,synth
جاري قالي نسقسي هنا على فام دو ميناج في بجاية,find_worker,cleaner,synth
الطابلة تاع الصالون محتاجة تصليح من فضلكم والله غير حاصل,find_worker,carpenter,synth
devis approximatif: fissures kbar fel 7it?,price_inquiry,mason,synth
نحب وصفة كسكسي بالدجاج والله غير حاصل,out_of_scope,none,synth
شحال يكلف البانيو مسدود والما ما ينزلش؟,price_inquiry,plumber,synth
cas urgent: porte mkessra,urgent_service,carpenter,synth
ارجو المساعدة بسرعة، صباغة الأبواب والفنيترات,urgent_service,painter,synth
خويا الپاركي نتاع البيت تخرب شكون يجي يشوفها,find_worker,carpenter,synth
واش معنى الاشتراك برو للعامل؟ والله غير حاصل,app_question,none,synth
نحوس على ريسطورون زين للعشاء في بسكرة,out_of_scope,none,synth
صباح الخير,greeting_chitchat,none,synth
le platre nta3 plafond tcheqqeq!! chkoun yji fissa3?,urgent_service,plasterer,synth
svp kifach nghayyer profession fel compte ta3i?,app_question,none,synth
fuite ta7t le lavabo fissa3 svp,urgent_service,plumber,synth
يا خويا نحب صبغة ومشطة في الدار شكون عندو حل,find_worker,barber,synth
ch7al nkhalles bach nsale7 machine a laver tejri el ma men ta7t? merci,price_inquiry,appliance_repair,synth
راني نحوس على مصلح الأجهزة في ورگلة,find_worker,appliance_repair,synth
douk dork portail nta3 garage mkasser,urgent_service,welder,synth
peinture ta3 chambre d'enfants ... chkoun ysal7hali?,find_worker,painter,synth
عندي السطح يڨطر ونحتاج ايتونشيتي,find_worker,mason,synth
nheb wa7ed y3aweni f khedma f dar yji lyoum l Setif,find_worker,none,synth
"slm, 3awnouni casser un mur w n7elou bab w rani 7asel",urgent_service,mason,synth
chkoun 3ando numero nta3 mason f Alger?,find_worker,mason,synth
kifah nes7ab compte ta3i,app_question,none,synth
win nechri gazon w les plantes f بليدة,out_of_scope,none,synth
win nechri machine a coudre f Chlef?,out_of_scope,none,synth
la peinture t9echret wach ndir ya kho,find_worker,painter,synth
chkoun rbe7 el match lbare7?,out_of_scope,none,synth
ya cheikh wesh rak?,greeting_chitchat,none,synth
صاحبي نبيع تيليفون سامسونج شبه جديد,out_of_scope,none,synth
الجبس تاع السقف تشقق ومحتاج تصليح شكون عندو حل,find_worker,plasterer,synth
dork dork les lampes yrigliw wa7edhom,urgent_service,electrician,synth
combien coute un traiteur,price_inquiry,caterer,synth
شحال يدير لي يصلح الماشينات في تلمسان؟ بارك الله فيكم,price_inquiry,appliance_repair,synth
wach kayen reparateur machine a laver qrib meni f Annaba?,find_worker,appliance_repair,synth
win nechri des plaques ba13 en gros,out_of_scope,none,synth
شحال يكلف الاومبرياج يزلق؟,price_inquiry,mechanic,synth
حالة مستعجلة: الطوموبيل تحبس في نص الطريڨ,urgent_service,mechanic,synth
عندي ديمناجمون كامل للدار في الدار، واش نديار؟,find_worker,mover,synth
بليز مول الميكانيك في باتنة ضركا ضركا، الموتور يسخن ياسر,urgent_service,mechanic,synth
واش معنى الاشتراك برو للعامل؟ الله يخليك,app_question,none,synth
dork dork nettoyage ta3 dar ba3d le demenagement,urgent_service,cleaner,synth
شعري طويل ونحب تحفيفة ديغراديه من فضلكم,find_worker,barber,synth
شحال يكلف الماشينة تاع الصابون ما تدورش؟,price_inquiry,appliance_repair,synth
نحتاج ناقل العفش يجي غدوة الصباح لـ بسكرة,find_worker,mover,synth
ch7al ydir wa7ed y3aweni f khedma f dar f Tlemcen?,price_inquiry,none,synth
كيفاش نشوف تقييمات العامل قبل ما نخدم معاه؟ الله يخليك,app_question,none,synth
لاباتري راهي ميتة شكون عندو حل,find_worker,mechanic,synth
الطابلة تاع الصالون محتاجة تصليح,find_worker,carpenter,synth
combien coute un kahrabji?,price_inquiry,electrician,synth
صحا، وين نشري بلاكات بلاكو بالجملة؟,out_of_scope,none,synth
la roue tneffes,find_worker,mechanic,synth
svp ch7al nkhalles bach nsale7 portail ta3 garage mkasser?,price_inquiry,welder,synth
علاش ما يوصلنيش الإشعار كي يجاوبني عامل؟ وشكرا مسبقا,app_question,none,synth
وين نشري الزرع والورد للجنان في تلمسان؟,out_of_scope,none,synth
3awnouni cloture en fer te7taj soudure w rani 7asel,urgent_service,welder,synth
مستعجل: نحتاج واحد يعاونني في خدمة في الدار اليوم في بومرداس,urgent_service,none,synth
عندي السيفون تاع التواليت خسر في الدار، واش نديار؟,find_worker,plumber,synth
rani n7awes 3la سودور f وهران,find_worker,welder,synth
des ouvriers ynazlou el 9ach mel 5eme etage,find_worker,mover,synth
مستعجل: نحتاج ميكانيسيان اليوم في تلمسان ياخو,urgent_service,mechanic,synth
نقل عفش عروسة من فضلكم,find_worker,mover,synth
urgence!! les murs mkharbchin ye7tajo enduit f Tizi Ouzou,urgent_service,painter,synth
مستعجل: نحتاج تريسيان اليوم في بجاية,urgent_service,electrician,synth
وين نلڨى الطلبات لي بعثتهم؟,app_question,none,synth
واش الخلاص يكون كاش ولا بالكارطه؟,app_question,none,synth
3awnouni tabbakha lel 3ers w rani 7asel,urgent_service,caterer,synth
يا شيخ بشحال الخدمة تاع واحد يعاونني في خدمة في الدار تگريبا؟,price_inquiry,none,synth
شحال يكلف ميناج أسبوعي للفيلا؟,price_inquiry,cleaner,synth
الدار فيها الكليمة تطلگ ريحة كريهة من سيمانة كاملة,find_worker,ac_repair,synth
ma l9itch mécanicien disponible f Mostaganem,find_worker,mechanic,synth
ضو تاع الموتور شاعل في الطابلو فيسع فيسع وشكرا مسبقا,urgent_service,mechanic,synth
الماشينة تاع الصابون ما تدورش ونحتاج لي يصلح الماشينات ديركت توا,urgent_service,appliance_repair,synth
كليمة الطوموبيل ما تبردش فيسع فيسع,urgent_service,mechanic,synth
ch7al nkhalles bach nsale7 n7awlou l dar jdida f nefs el 7ay?,price_inquiry,mover,synth
les freins ydiro bruit ... chkoun ysal7hali?,find_worker,mechanic,synth
ارجو المساعده بسرعه، نحتاج تريتور لفطور رمضان لعائله كبيره,urgent_service,caterer,synth
نحوس على ريسطورون غايا للعشاء في سطيف,out_of_scope,none,synth
wach kayen coiffeur 9rib meni f Ouargla?,find_worker,barber,synth
تنظيف الفور والتلاجة والكوزينة الكل ابل رمضان فيسع فيسع,urgent_service,cleaner,synth
نگل الحوايج من الدار الگديمة للجديدة عاونوني,find_worker,mover,synth
"slm, l'appli gratuite wela payante?",app_question,none,synth
les prix nta3 7addad f Mostaganem?,price_inquiry,welder,synth
cas urgent: la clim ma tsakhanch f chta,urgent_service,ac_repair,synth
brushing w couleur f dar n7taj coiffeur tawa douk rabi y7afdkom,urgent_service,barber,synth
خويا نحتاج نبدل الكابلاج الأديم تاع الدار شكون يجي يشوفها,find_worker,electrician,synth
3awnouni nettoyage ta3 les bureaux w rani 7asel,urgent_service,cleaner,synth
السياج تاع الحديد تكسر ومحتاج سودير ومازال ما لڨيتش لي يصلحها,find_worker,welder,synth
"3andi traiteur pour f tour ramadan, chkoun ye3ref traiteur mli7?",find_worker,caterer,synth
chkoun 3ando numero ta3 sebbak f Alger?,find_worker,plumber,synth
نحوس على ريسطورون مليح للعشاء في الجزائر العاصمة,out_of_scope,none,synth
معليش تقولي كيفاش راه الطقس في باتنة؟,out_of_scope,none,synth
سلام خويا، وين نشري ماكينة خياطة جديدة في Blida؟,out_of_scope,none,synth
شحال نخلص باش نصلح نبغي نركب لامبات ليد في الدار كامل؟,price_inquiry,electrician,synth
"slm, nebghi nechri machine a laver jdida ch7al?",out_of_scope,none,synth
جاري قالي نسقسي هنا على واحد يعاونني في خدمة في الدار في الشلف,find_worker,none,synth
خويا نبغي نحفف قبل العيد شكون يجي يشوفها,find_worker,barber,synth
ch7al ykalefni wa7ed y3aweni f khedma f dar pour une journee?,price_inquiry,none,synth
نحوس على طبيب أسنان مليح في برج بوعريريج,out_of_scope,none,synth
3awnouni nrakeb un lustre f salon w rani 7asel,urgent_service,electrician,synth
وين كاين أقرب صيدلية في Alger؟,out_of_scope,none,synth
سلام، نبغي نركب لامبات ليد في الدار كامل واش نديار,find_worker,electrician,synth
الانتيريتور خسر ما يشعلش الضو!! نحتاج واحد يجي فيسع,urgent_service,electrician,synth
نحتاج مول السودير مليح في غرداية,find_worker,welder,synth
راهي عندي السروال طويل ونحب نقصرو وحاصل,find_worker,tailor,synth
بشحال الخدمة تاع مول البناء تقريبا؟ وشكرا مسبقا,price_inquiry,mason,synth
"svp reparateur machine a laver f Tizi Ouzou vite, machine a laver ma tkhdemch",urgent_service,appliance_repair,synth
3awnouni nebghi nfassel karakou lel 3ers w rani 7asel,urgent_service,tailor,synth
نحتاج تريسيان مليح في وهران,find_worker,electrician,synth
نحب نبدل الروبينات تاع الكوزينة فيسع فيسع,urgent_service,plumber,synth
كيفاش نشوف تڨييمات العامل ڨبل ما نخدم معاه؟ الله يخليك,app_question,none,synth
urgence!! balustrade lel balcon f Tlemcen,urgent_service,welder,synth
الدار فيها ريحه كابل محروگ من سيمانه كامله,find_worker,electrician,synth
راهي عندي صباغة الأبواب والفنيترات وحاصل,find_worker,painter,synth
"svp electricien f Boumerdes vite, interrupteur khasser",urgent_service,electrician,synth
الكليمة ما تسخنش في الشتا عاونوني,find_worker,ac_repair,synth
شحال يكلف نحتاج كاميو صغير ننقل بيه الأثاث؟,price_inquiry,mover,synth
شكرا بزاف والله غير حاصل,greeting_chitchat,none,synth
les prix nta3 plaquiste f Tlemcen?,price_inquiry,plasterer,synth
installer des spots fel plafond wach ndir,find_worker,electrician,synth
شحال تكلف خدمة: نحب نبدل بلاصة الكليمة؟,price_inquiry,ac_repair,synth
des ouvriers ynazlou el 2ach mel 5eme etage chkoun 3ando solution,find_worker,mover,synth
3awnouni tadyi9 ta3 9amidja men jnab w rani 7asel,urgent_service,tailor,synth
cas urgent: repas nta3 khetana jour el jem3a,urgent_service,caterer,synth
la peinture t9echret men fadlkom,find_worker,painter,synth
ضركا دورك تحفيفة للأولاد گبل الدخول المدرسي,urgent_service,barber,synth
ارجو المساعدة بسرعة، نحب نركب لامبات ليد في الدار كامل,urgent_service,electrician,synth
ch7al nkhalles bach nsale7 clim tetlok ri7a khayba? ya kho,price_inquiry,ac_repair,synth
بشحال الخدمة تاع traiteur تأريبا؟,price_inquiry,caterer,synth
راني نحوس على ماصون في عنابة,find_worker,mason,synth
chkoun 3ando numero nta3 wa7ed y3aweni f khedma f dar f Boumerdes?,find_worker,none,synth
كيفاه نقيّم العامل بعد الخدمة,app_question,none,synth
win kayen pharmacie 9riba f Constantine,out_of_scope,none,synth
نحب نشري طوموبيل مستعمله، واش تنصحوني؟,out_of_scope,none,synth
ياخو نحوس على شقة للكراء في بومرداس,out_of_scope,none,synth
location camion m3a demenageurs!! chkoun yji fissa3,urgent_service,mover,synth
صحا، راني نحوس على menuisier في Bordj Bou Arreridj,find_worker,carpenter,synth
الموتور يسخن بزاف!! نحتاج واحد يجي فيسع,urgent_service,mechanic,synth
peinture ta3 chambre d'enfants n7taj peintre tawa dork,urgent_service,painter,synth
السيفون تاع التواليت خسر واش نديار,find_worker,plumber,synth
صاحبي تصبحو على خير,greeting_chitchat,none,synth
الدرج الخشبي يزگزگ ونحتاج نجار ديركت دوك,urgent_service,carpenter,synth
"svp نجار f عنابة vite, fenetre ma tetsakkarch mli7",urgent_service,carpenter,synth
دلوني على منوزيي شاطر ومعقول,find_worker,carpenter,synth
شكون يركب سأي أوتوماتيك في الجنينة؟,out_of_scope,none,synth
كيفاش نبدل رقم تيليفوني في الكونت,app_question,none,synth
نحتاج عمال ينزلولي العفش من الطابق الخامس، شكون يعرف لي ينقل الأثاث مليح؟,find_worker,mover,synth
besoin d un mikanisyan serieux f Bejaia,find_worker,mechanic,synth
recharge gaz ta3 la clim!! chkoun yji fissa3?,urgent_service,ac_repair,synth
"saha, recette ta3 tajine 7lou lel 3id",out_of_scope,none,synth
ch7al taman bach ndir installation chauffe-eau jdid,price_inquiry,plumber,synth
كيفاه نشوف تڨييمات العامل ڨبل ما نخدم معاه,app_question,none,synth
svp dork dork le platre ta3 plafond tcheqqeq,urgent_service,plasterer,synth
الفور ما يسخنش فيسع فيسع,urgent_service,appliance_repair,synth
بليز خياطه في وهران دوك دوك، نبغي نخيط كسوه تگليديه للعرس,urgent_service,tailor,synth
يا شيخ عندي الطوموبيل ما تحبش تشعل,find_worker,mechanic,synth
عاونوني! الكليمة تجري الما من الداخل وراني حاصل,urgent_service,ac_repair,synth
win nel9a pizzeria mli7a f تيارت?,out_of_scope,none,synth
kifach n3ayet l worker apres la mission? w chokran,app_question,none,synth
3awnouni cuisiniere ma tech3elch w rani 7asel,urgent_service,appliance_repair,synth
وين نلگى الطلبات لي بعثتهم؟,app_question,none,synth
besoin d un demenageur serieux f Bordj Bou Arreridj,find_worker,mover,synth
nheb déménageur yji lyoum l Bejaia,find_worker,mover,synth
نحتاج نتوايا وصيانة الكليمة قبل الصيف فيسع فيسع,urgent_service,ac_repair,synth
شحال السوم تاع تريسيان؟,price_inquiry,electrician,synth
السياج تاع الحديد تكسر ومحتاج سودير ومازال ما لگيتش لي يصلحها,find_worker,welder,synth
ch7al taman bach ndir placard sur mesure?,price_inquiry,carpenter,synth
win nechri gazon w les plantes f مستغانم?,out_of_scope,none,synth
besoin d un wa7ed y3aweni f khedma f dar serieux f Oran,find_worker,none,synth
مستعجل: نحتاج مول الضو اليوم في ورقلة,urgent_service,electrician,synth
وين كاين أقرب صيدلية في جيجل؟,out_of_scope,none,synth
الرطوبة كلات الحيط تاع البيت عاونوني,find_worker,mason,synth
ya cheikh wach men film mli7 nchoufou lyoum?,out_of_scope,none,synth
مستعجل: نحتاج plaquiste اليوم في Annaba,urgent_service,plasterer,synth
نحتاج mikanisyan يجي غدوة الصباح لـ Blida,find_worker,mechanic,synth
wach neqder ncancel demande b3aththa,app_question,none,synth
شحال يكلف تصليح سودير في السلم الحديدي؟,price_inquiry,welder,synth
نحوس على طبيب أسنان مليح في Batna,out_of_scope,none,synth
يا شيخ واش التطبيق يخدم بلا انترنات؟,app_question,none,synth
خويا رتوش خفيف على روبة السهرة شكون يجي يشوفها,find_worker,tailor,synth
clim ta3 tonobil ma tberredch 3awnouni,find_worker,mechanic,synth
نحتاج soudeur مليح في Mostaganem,find_worker,welder,synth
نگدر نلگى فام دو ميناج يجي اليوم لـ الجزائر العاصمة؟,find_worker,cleaner,synth
3awnouni micro-onde mat w rani 7asel,urgent_service,appliance_repair,synth
urgence!! changer le cablage 9dim f بجاية,urgent_service,electrician,synth
عندي نديرو درابزين حديد للدرج,find_worker,welder,synth
من فضلكم واش الخلاص يكون كاش ولا بالكارطة؟,app_question,none,synth
نحوس وصفة طاجين حلو للعيد,out_of_scope,none,synth
عندي السأف تاع البلاكو طاح منو طرف في الدار، واش نديار,find_worker,plasterer,synth
واش هي الأسعار تاع sebbak في Tlemcen؟,price_inquiry,plumber,synth
عندي نبغي حماية حديد للفنيترات,find_worker,welder,synth
win nechri machine a coudre f Skikda? w chokran,out_of_scope,none,synth
"saha, cas urgent: voiture ma techa3lch",urgent_service,mechanic,synth
ياخو خويا الباب الحديدية خرجت من بلاصتها شكون يجي يشوفها,find_worker,welder,synth
راهي عندي نبغي نركب باب رئيسية جديدة وحاصل,find_worker,carpenter,synth
"bonjour, douk dork clim nta3 tonobil ma tberredch",urgent_service,mechanic,synth
ميناج أسبوعي للفيلا ومازال ما لگيتش لي يصلحها,find_worker,cleaner,synth
kifach nbeddel numero ta3i f compte? merci,app_question,none,synth
دلوني على خياطة شاطر ومعقول,find_worker,tailor,synth
صاحبي نحوس وصفة طاجين حلو للعيد,out_of_scope,none,synth
les amis dorka dork coupe pour les enfants avant la rentrée,urgent_service,barber,synth
ch7al nkhalles bach nsale7 peinture ta3 chambre d'enfants?,price_inquiry,painter,synth
بليز ماصون في الجزائر العاصمة دورك دورك، نبنيو غرفة زيادة للضياف في الحوش,urgent_service,mason,synth
نحتاج مول الطياب مليح في مستغانم,find_worker,caterer,synth
les prix ta3 مول السباكة f سطيف?,price_inquiry,plumber,synth
حالة مستعجلة: الكليماتيزور يدير صوت غريب,urgent_service,ac_repair,synth
les amis bonjour,greeting_chitchat,none,synth
شحال يدير لي يدير الميناج في الجزائر العاصمة؟,price_inquiry,cleaner,synth
البيسي تاعي ولا ثگيل بزاف واش نديار؟ بارك الله فيكم,out_of_scope,none,synth
تصليح سودير في السلم الحديدي، شكون يعرف مول السودير مليح؟,find_worker,welder,synth
راني نحوس على سودور في بسكرة,find_worker,welder,synth
دورك دورك الكليمة تطلأ ريحة كريهة,urgent_service,ac_repair,synth
وين كاين أڨرب صيدلية في عنابة؟,out_of_scope,none,synth
ma lqitch reparateur machine a laver disponible f Annaba,find_worker,appliance_repair,synth
ma l9itch reparateur climatiseur disponible f Tizi Ouzou rabi y7afdkom,find_worker,ac_repair,synth
svp le paiement fel appli kifach ykoun?,app_question,none,synth
couscous l 50 personnes lel sada9a,find_worker,caterer,synth
شحال نخلص باش نصلح الطوموبيل تحبس في نص الطريڨ؟,price_inquiry,mechanic,synth
ضركا دورك نڨل مكتب من وسط المدينة,urgent_service,mover,synth
الدار محتاجة تنظيف عميگ عاونوني,find_worker,cleaner,synth
دورك دورك الماشينة تاع الصابون تجري الما من تحت,urgent_service,appliance_repair,synth
drouk dork transporter frigo w machine,urgent_service,mover,synth
restaurant zin l le diner f تيزي وزو?,out_of_scope,none,synth
combien coute un réparateur électroménager?,price_inquiry,appliance_repair,synth
ch7al ydir wa7ed y3aweni f khedma f dar f عنابة?,price_inquiry,none,synth
عندي الدار محتاجة تنظيف عميڨ في الدار، واش نديار؟,find_worker,cleaner,synth
صحا، صباح الخير,greeting_chitchat,none,synth
les prix ta3 plaquiste f Boumerdes?,price_inquiry,plasterer,synth
راهي عندي الطوموبيل ما تحبش تشعل وحاصل,find_worker,mechanic,synth
rani n7awes 3la soudeur f Blida,find_worker,welder,synth
نقدر نلقى لي يصلح الكليمة يجي اليوم لـ بسكرة؟ والله غير حاصل,find_worker,ac_repair,synth
واش كاين شي تريسيان قريب من قسنطينة؟,find_worker,electrician,synth
نحتاج ميكانيسيان مليح في الجزائر العاصمة,find_worker,mechanic,synth
ch7al ydir peintre f Tlemcen,price_inquiry,painter,synth
soudure ta3 porte metallique wach ndir,find_worker,welder,synth
ch7al nkhalles bach nsale7 refaire la dalle ta3 la terrasse?,price_inquiry,mason,synth
3andi nettoyage ta3 les bureaux,find_worker,cleaner,synth
شحال تكلف خدمة: الماشينة تاع الصابون ما تدورش؟,price_inquiry,appliance_repair,synth
ya kho labas?,greeting_chitchat,none,synth
عندي نبغي نديار پلاكار على گياس في الدار، واش نديار؟,find_worker,carpenter,synth
شحال نخلص باش نصلح نحتاج صباغة السأف؟,price_inquiry,painter,synth
besoin d un peintre serieux f Boumerdes,find_worker,painter,synth
nebghi couturier yji lyoum l Bordj Bou Arreridj,find_worker,tailor,synth
sa7bi cas urgent: repeindre la façade nta3 dar,urgent_service,painter,synth
nheb nechri machine a laver jdida ch7al? wallah ghir 7asel,out_of_scope,none,synth
السحاب تاع الجاكيطة خسر شكون عندو حل,find_worker,tailor,synth
شحال يكلف الموتور يسخن بزاف؟,price_inquiry,mechanic,synth
ya kho 3awnouni déménagement complet w rani 7asel,urgent_service,mover,synth
بشحال الخدمة تاع لحّام تگريبا,price_inquiry,welder,synth
serwal twil nebghi n9assrou fissa3 svp,urgent_service,tailor,synth
صاحبي وين نلقى الطلبات لي بعثتهم؟,app_question,none,synth
les prix ta3 mason f Skikda?,price_inquiry,mason,synth
راني نحوس على كهربائي في الشلف,find_worker,electrician,synth
يعطيكم الصحة، نحوس مصلح تلاجات ناشط في باتنة,find_worker,appliance_repair,synth
مرحبا يعطيكم الصحة,greeting_chitchat,none,synth
combien coute un technicien clim,price_inquiry,ac_repair,synth
يعطيكم الصحة، نحوس مول الكليمة ناشط في بسكرة,find_worker,ac_repair,synth
sbagha ta3 les portes ... chkoun ysal7hali?,find_worker,painter,synth
عندي السروال طويل ونحب نقصرو,find_worker,tailor,synth
kifach rah el jaw f جيجل?,out_of_scope,none,synth
les amis compte guest kifach ykhdem?,app_question,none,synth
ya khouya ch7al prix ta3 abonnement par mois?,app_question,none,synth
3awnouni ta7fifa lel 3id w rani 7asel,urgent_service,barber,synth
الميكروند مات ونحتاج مصلح تلاجات ديركت توا,urgent_service,appliance_repair,synth
rani n7awes 3la mol clima f Annaba,find_worker,ac_repair,synth
kifach rah el jaw f Tizi Ouzou?,out_of_scope,none,synth
بليز ناقل العفش في تلمسان ضركا ضركا، نحول من وهران للعاصمة ونحتاج نقل العفش ياخو,urgent_service,mover,synth
"svp reparateur machine a laver f Bordj Bou Arreridj vite, machine a laver ma tkhdemch",urgent_service,appliance_repair,synth
شحال يكلفني تريسيان لليوم كامل؟,price_inquiry,electrician,synth
عاونوني! الماشينة تاع الصابون ما تدورش وراني حاصل,urgent_service,appliance_repair,synth
rani n7awes 3la bennay f Tlemcen,find_worker,mason,synth
الله يخليكم الكوزينيار ما يشعلوش البلاكات تاعو ومقدرتش نلقى حل,urgent_service,appliance_repair,synth
خويا ميناج أسبوعي للفيلا شكون يجي يشوفها,find_worker,cleaner,synth
البورطاي ما عادش يتسكر مليح شكون عندو حل,find_worker,welder,synth
wach ngder nkoun worker w client f meme temps? rabi y7afdkom,app_question,none,synth
واش الخلاص يكون كاش ولا بالكارطة؟ ياخو,app_question,none,synth
caftan lel 3ers chkoun 3ando solution,find_worker,tailor,synth
خويا الرطوبة كلات الحيط تاع البيت شكون يجي يشوفها,find_worker,mason,synth
شحال السوم تاع نجار؟,price_inquiry,carpenter,synth
comment ca marche l'application? svp,app_question,none,synth
الكناپي ولا مصفر من الاولاد ويحتاج غسيل عميق ومازال ما لقيتش لي يصلحها,find_worker,cleaner,synth
"saha, chkoun rbe7 el match lbare7?",out_of_scope,none,synth
التيليفون تاعي تهرس الايكران وين نصلحو,out_of_scope,none,synth
سلام، نبيع تيليفون سامسونج شبه جديد,out_of_scope,none,synth
peinture ta3 chambre d'enfants n7taj sebbagh tawa dorka,urgent_service,painter,synth
صحا، جاري قالي نسقسي هنا على مول الحلاقة في وهران,find_worker,barber,synth
الفنيترة ما تسكرش مليح ومازال ما لأيتش لي يصلحها,find_worker,carpenter,synth
الدار فيها تحفيفة للأولاد قبل الدخول المدرسي من سيمانة كاملة,find_worker,barber,synth
نحوس على ريسطورون زين للعشاء في بومرداس,out_of_scope,none,synth
sa7bi besoin d un agent de nettoyage serieux f Bordj Bou Arreridj,find_worker,cleaner,synth
من فضلكم الله يبارك عليكم,greeting_chitchat,none,synth
les amis n7taj taxi l aeroport ghedwa,out_of_scope,none,synth
شحال يكلف نحتاج تنظيف الدار قبل ما نسكنو فيها؟,price_inquiry,cleaner,synth
نحتاج بنّاء زين في باتنة,find_worker,mason,synth
ارجو المساعدة بسرعة، الميكروند مات,urgent_service,appliance_repair,synth
شحال يكلفني واحد يعاونني في خدمة في الدار لليوم كامل,price_inquiry,none,synth
شحال راهي الساعة؟ والله غير حاصل,out_of_scope,none,synth
dork dork nettoyage w entretien ta3 la clim,urgent_service,ac_repair,synth
راني نحوس على واحد يعاونني في خدمة في الدار في الشلف,find_worker,none,synth
kifach nactivi la localisation fel appli? svp,app_question,none,synth
ch7al ydir technicien clim f Bordj Bou Arreridj,price_inquiry,ac_repair,synth
douk dork traiteur pour mariage 100 personnes,urgent_service,caterer,synth
ya cheikh hhhh chaba,greeting_chitchat,none,synth
نحوس على ريسطورون مليح للعشاء في جيجل,out_of_scope,none,synth
"3andi installation clim jdida, chkoun ye3ref reparateur climatiseur mli7? w chokran",find_worker,ac_repair,synth
مرحبا والله غير حاصل,greeting_chitchat,none,synth
je cherche un électricien à Skikda,find_worker,electrician,synth
شحال تكلف خدمة: نبغي نديار ڨفص حديد فوڨ السطح؟,price_inquiry,welder,synth
وين نلگى تكوين في النجارة؟,out_of_scope,none,synth
خويا السطح يأطر ونحتاج ايتونشيتي شكون يجي يشوفها,find_worker,mason,synth
شحال يدير مول البناء في وهران,price_inquiry,mason,synth
ya cheikh chokran,greeting_chitchat,none,synth
rani n7awes 3la soudeur f Tiaret,find_worker,welder,synth
شكرا ياسر,greeting_chitchat,none,synth
les haies y7tajo taille chkoun ydirha? merci,out_of_scope,none,synth
عندي نبغي صباغة غرفة الأطفال بألوان شابة في الدار، واش نديار؟,find_worker,painter,synth
شحال يكلف الاشتراك في الشهر؟ ياخو,app_question,none,synth
les amis win kayen pharmacie 9riba f مستغانم?,out_of_scope,none,synth
دورك دورك نحتاج طياب للوليمة نهار السبت,urgent_service,caterer,synth
nebghi cuisiniere yji lyoum l Mostaganem,find_worker,caterer,synth
3awnouni la clim tjamed w t7bes wa7edha w rani 7asel,urgent_service,ac_repair,synth
نگدر نلگى خياطة يجي اليوم لـ جيجل؟,find_worker,tailor,synth
recette nta3 tajine 7lou lel 3id,out_of_scope,none,synth
ch7al ydir najjar f Setif?,price_inquiry,carpenter,synth
شحال يكلفني soudor لليوم كامل؟,price_inquiry,welder,synth
صحا، كسكسي لخمسين نفر لصدقة ونحتاج تريتور ديركت دوك,urgent_service,caterer,synth
واش نقدر نلغي طلب بعثتو,app_question,none,synth
ma l2itch طباخة disponible f سطيف,find_worker,caterer,synth
وين نشري ماكينة خياطة جديدة في ورقلة,out_of_scope,none,synth
nheb mol l placo yji lyoum l Tiaret,find_worker,plasterer,synth
ch7al ykalefni menage pour une journee?,price_inquiry,cleaner,synth
مستعجل: نحتاج حلاڨ اليوم في سطيف,urgent_service,barber,synth
مستعجل: نحتاج بنّاء اليوم في بومرداس,urgent_service,mason,synth
le platre ta3 plafond tcheqqeq!! chkoun yji fissa3?,urgent_service,plasterer,synth
الاومبرياج يزلق واش نديار,find_worker,mechanic,synth
ههههه شابة ياخو,greeting_chitchat,none,synth
"3andi déménagement complet, chkoun ye3ref demenageur mli7",find_worker,mover,synth
wach kayen plaquiste 9rib meni f Ghardaia?,find_worker,plasterer,synth
كيفاه نمسح الحساب تاعي,app_question,none,synth
"bonjour, wach neqder ncancel demande b3aththa?",app_question,none,synth
ch7al nkhalles bach nsale7 transporter frigo w machine?,price_inquiry,mover,synth
يا شيخ نحول من وهران للعاصمة ونحتاج نڨل العفش,find_worker,mover,synth
سلام ياخو,greeting_chitchat,none,synth
كيفاش نبعث طلب خدمة,app_question,none,synth
traiteur pour mariage 100 personnes men fadlkom,find_worker,caterer,synth
واش كاين شي تڨني كليماتيزور ڨريب من تلمسان؟,find_worker,ac_repair,synth
شحال نخلص باش نصلح الكناپي ولا مصفر من الاولاد ويحتاج غسيل عميگ؟,price_inquiry,cleaner,synth
fermeture eclair ta3 veste khasra n7taj khayat tawa drouk,urgent_service,tailor,synth
حلاقة في الدار لشيخ كبير ما يقدرش يخرج فيسع فيسع,urgent_service,barber,synth
راهي عندي نحتاج تريتور لفطور رمضان لعائله كبيره وحاصل,find_worker,caterer,synth
femme de menage teji kol jem3a w ma 3reftch win nrou7 wallah ghir 7asel,find_worker,cleaner,synth
je cherche un خياط à باتنة,find_worker,tailor,synth
حالة مستعجلة: الضو مگطوع في الدار كامل,urgent_service,electrician,synth
تنظيف الفور والتلاجة والكوزينة الكل قبل رمضان شكون عندو حل والله غير حاصل,find_worker,cleaner,synth
شحال يكلف تأصير الكم تاع الأميجة؟ يعطيكم الصحة,price_inquiry,tailor,synth
ياخو بالسلامة,greeting_chitchat,none,synth
wach kayen mécanicien grib meni f Chlef,find_worker,mechanic,synth
شحال يدير تڨني كليماتيزور في برج بوعريريج؟,price_inquiry,ac_repair,synth
ch7al taman bach ndir grand menage ta3 printemps?,price_inquiry,cleaner,synth
la voiture t7bes f nos trig wach ndir,find_worker,mechanic,synth
راني نحوس على لي يصلح الكليمة في تيزي وزو وشكرا مسبگا,find_worker,ac_repair,synth
ارجو المساعدة بسرعة، نحتاج طباخة لعرس مية نفر,urgent_service,caterer,synth
يا خويا نقدر نلقى لحّام يجي اليوم لـ برج بوعريريج؟,find_worker,welder,synth
devis approximatif: nettoyage w entretien ta3 la clim?,price_inquiry,ac_repair,synth
cuisine en bois sur mesure ... chkoun ysal7hali?,find_worker,carpenter,synth
واش هي الأسعار تاع صباغ في بجاية,price_inquiry,painter,synth
كيفاش نزيد تصاور لخدماتي؟ وشكرا مسبقا,app_question,none,synth
kifah rah el jaw f برج بوعريريج?,out_of_scope,none,synth
combien pour frigo ydir bruit bizarre?,price_inquiry,appliance_repair,synth
"slm, 3awnouni cache poutre en ba13 w rani 7asel",urgent_service,plasterer,synth
سلام، واش هي الأسعار تاع بلومبيي في الشلف؟,price_inquiry,plumber,synth
les prix nta3 menage f Mostaganem?,price_inquiry,cleaner,synth
مستعجل: نحتاج واحد يعاونني في خدمة في الدار اليوم في ورڨلة,urgent_service,none,synth
شحال يكلف البورطاي ما عادش يتسكر مليح؟,price_inquiry,welder,synth
وين نشري الزرع والورد للجنان في مستغانم؟,out_of_scope,none,synth
ndiro des marches 2oddam el bab men fadlkom,find_worker,mason,synth
win kayen pharmacie 9riba f Boumerdes?,out_of_scope,none,synth
cas urgent: déménagement complet,urgent_service,mover,synth
peinture ta3 dar kamla 3awnouni,find_worker,painter,synth
tabbakha tji ttayeb f dar n7taj cuisiniere tawa dork rabi y7afdkom,urgent_service,caterer,synth
وين نقرا لانجليزية في Alger؟,out_of_scope,none,synth
des etageres l biro n7taj najjar tawa dork,urgent_service,carpenter,synth
واش التطبيگ مجاني ولا بالخلاص,app_question,none,synth
نحتاج مول البناء مليح في ورقله,find_worker,mason,synth
restaurant mli7 l le diner f Tiaret,out_of_scope,none,synth
بليز plombier في Setif ضروك ضروك، الما حابس في الدار كامل,urgent_service,plumber,synth
3andi mochkla f wifi ta3 djezzy svp,out_of_scope,none,synth
win nechri machine a coudre f Annaba,out_of_scope,none,synth
nbeddel couleur ta3 salon fissa3 svp,urgent_service,painter,synth
n7awes 3la dentiste mli7 f Setif w chokran,out_of_scope,none,synth
je cherche un technicien clim à Bordj Bou Arreridj,find_worker,ac_repair,synth
3awnouni nbeddel les robinets ta3 cuisine w rani 7asel w chokran,urgent_service,plumber,synth
ch7al nkhalles bach nsale7 ta7fifa w l7ya?,price_inquiry,barber,synth
devis approximatif: buffet pour fete de fiançailles?,price_inquiry,caterer,synth
douk dork la clim tjamed w t7bes wa7edha,urgent_service,ac_repair,synth
ch7al ydir peintre f Jijel? ya kho,price_inquiry,painter,synth
depuis 3 jours 3andna brushing w couleur f dar,find_worker,barber,synth
depuis 3 jours 3andna canalisation msdouda,find_worker,plumber,synth
حالة مستعجلة: الجبس تاع البيت طاح مع الشتا,urgent_service,plasterer,synth
rani n7awes 3la demenageur f Tizi Ouzou,find_worker,mover,synth
عندي مشكلة في الويفي تاع دجيزي,out_of_scope,none,synth
ta9sir ta3 serwal w ma 3reftch win nrou7,find_worker,tailor,synth
thanks wallah ghir 7asel,greeting_chitchat,none,synth
نحوس على شگة للكراء في Boumerdes,out_of_scope,none,synth
tabbakha tji ttayeb f dar wach ndir,find_worker,caterer,synth
شحال نخلص باش نصلح نحتاج تركيب كليمة جديدة؟,price_inquiry,ac_repair,synth
نديرو مارشات ڨدام باب الدار ومازال ما لڨيتش لي يصلحها والله غير حاصل,find_worker,mason,synth
معليش تڨولي كيفاه راه الطڨس في بسكرة؟,out_of_scope,none,synth
كاين ريحة مجاري في الحمام عاونوني,find_worker,plumber,synth
restaurant mli7 l le diner f Setif,out_of_scope,none,synth
يا شيخ نحوس على ريسطورون زين للعشاء في تلمسان,out_of_scope,none,synth
شحال تكلف خدمة: السروال يحتاج تقصير؟,price_inquiry,tailor,synth
واش هي الأسعار تاع صباغ في سطيف,price_inquiry,painter,synth
الدار فيها نحب نركب تريات في السقف من سيمانة كاملة,find_worker,electrician,synth
الله يخليكم رتوش خفيف على روبة السهرة ومقدرتش نلقى حل,urgent_service,tailor,synth
coupe + barbe w contour w ma 3reftch win nrou7,find_worker,barber,synth
nbeddel couleur nta3 salon fissa3 svp,urgent_service,painter,synth
واش هي الأسعار تاع électricien في Tlemcen؟,price_inquiry,electrician,synth
الدار فيها ترأيع السروال لي تأطع من الركبة من سيمانة كاملة,find_worker,tailor,synth
ya cheikh chkoun rbe7 el match lbare7?,out_of_scope,none,synth
combien pour coiffeur yji l dar?,price_inquiry,barber,synth
نحتاج ميكانيكي يجي غدوة الصباح لـ بجاية,find_worker,mechanic,synth
حالة مستعجلة: الماشينة تاع الصابون ما تدورش,urgent_service,appliance_repair,synth
demenagement men Oran l Alger chkoun 3ando solution,find_worker,mover,synth
kifach nzid des photos l khedmti,app_question,none,synth
الحيط فيه شقوق كبار!! نحتاج واحد يجي فيسع,urgent_service,mason,synth
ya khouya le paiement fel appli kifach ykoun?,app_question,none,synth
دلوني على واحد يعاونني في خدمة في الدار شاطر ومعڨول وشكرا مسبڨا,find_worker,none,synth
dork dork camion sghir bach nneqlou les meubles,urgent_service,mover,synth
من فضلكم نحب نتعلم الخياطة واش كاين تكوين قريب؟,out_of_scope,none,synth
بشحال الخدمة تاع تريتور تقريبا,price_inquiry,caterer,synth
cas urgent: trou kbir fel mur en platre,urgent_service,plasterer,synth
devis approximatif: nbeddel couleur nta3 salon,price_inquiry,painter,synth
وين نشري ماكينة خياطة جديدة في سطيف؟,out_of_scope,none,synth
clima t2atter el ma 3awnouni,find_worker,ac_repair,synth
ارجو المساعدة بسرعة، ترقيع الجاكيطة القديمة,urgent_service,tailor,synth
شحال السوم تاع plombi؟,price_inquiry,plumber,synth
dorka dork peinture ta3 chambre d'enfants,urgent_service,painter,synth
شحال يكلفني tabbakha لليوم كامل؟,price_inquiry,caterer,synth
"saha, bslema",greeting_chitchat,none,synth
"bonjour, nheb nechri machine a laver jdida ch7al?",out_of_scope,none,synth
وين نشري الزرع والورد للجنان في غرداية؟ بارك الله فيكم,out_of_scope,none,synth
nheb peintre yji lyoum l Annaba,find_worker,painter,synth
نحوس على طبيب أسنان غايا في سطيف,out_of_scope,none,synth
la clim tjamed w t7bes wa7edha,find_worker,ac_repair,synth
extension ta3 dar ... chkoun ysal7hali?,find_worker,mason,synth
ya kho nkhayet 9andoura lel 3id!! chkoun yji fissa3?,urgent_service,tailor,synth
نحوس جنايني يڨلم الأشجار تاع الجنان,out_of_scope,none,synth
الضو مقطوع في الدار كامل ومازال ما لقيتش لي يصلحها,find_worker,electrician,synth
besoin d un ديمناجور serieux f باتنة,find_worker,mover,synth
ياخو نحب نشري ماشينة صابون جديدة شحال السوم؟,out_of_scope,none,synth
كليمة الطوموبيل ما تبردش شكون عندو حل,find_worker,mechanic,synth
نحول من وهران للعاصمة ونحتاج نقل العفش شكون عندو حل,find_worker,mover,synth
شحال يكلفني مول الحلاقة لليوم كامل؟ وشكرا مسبقا,price_inquiry,barber,synth
combien pour voyant moteur allumé fel tableau?,price_inquiry,mechanic,synth
"bonjour, chkoun rbe7 el match lbare7?",out_of_scope,none,synth
الجنان محتاج تنگية وگازون جديد,out_of_scope,none,synth
الكونتور يدق كي نشعلو زوج ماشينات فيسع فيسع,urgent_service,electrician,synth
سلام، البيسي تاعي ولا ثأيل بزاف واش نديار؟,out_of_scope,none,synth
nheb kwafur yji lyoum l Alger,find_worker,barber,synth
واش هي الأسعار تاع لحّام في سكيكدة؟,price_inquiry,welder,synth
nebghi nechri machine a laver jdida ch7al? rabi y7afdkom,out_of_scope,none,synth
راني نحوس على مول الجبس في عنابة,find_worker,plasterer,synth
الدرج الخشبي يزڨزڨ فيسع فيسع,urgent_service,carpenter,synth
besoin d un mécanicien serieux f Oran,find_worker,mechanic,synth
ya kho je cherche un plombi à Mostaganem,find_worker,plumber,synth
شحال السوم تاع خياطة؟,price_inquiry,tailor,synth
نبغي وصفة كسكسي بالدجاج,out_of_scope,none,synth
يعطيكم الصحة، نحوس ميكانيسيان ناشط في الشلف,find_worker,mechanic,synth
rani n7awes 3la couturiere f Batna,find_worker,tailor,synth
نحوس على طبيب أسنان مليح في Oran,out_of_scope,none,synth
raccourcir un jean jdid,find_worker,tailor,synth
ya cheikh installer des spots fel plafond w ma 3reftch win nrou7,find_worker,electrician,synth
sa7bi combien coute un 7addad?,price_inquiry,welder,synth
الما يقطر من سقف الحمام الله يخليك,find_worker,plumber,synth
ch7al ydir réparateur électroménager f Setif?,price_inquiry,appliance_repair,synth
سلام خويا، بليز مصلح الأجهزة في جيجل ضركا ضركا، الميكروند مات,urgent_service,appliance_repair,synth
نحتاج نزيد بيت فوق السطح، شكون يعرف ماصون مليح؟,find_worker,mason,synth
ma lqitch مول الطياب disponible f باتنة,find_worker,caterer,synth
سلام، شكون ربح الكان هاد العام؟,out_of_scope,none,synth
شحال يكلف نحتاج صباغة السقف؟,price_inquiry,painter,synth
نقدر نلقى منوزيي يجي اليوم لـ سطيف؟,find_worker,carpenter,synth
kifah nbeddel numero ta3i f compte? svp,app_question,none,synth
سلام خويا، ربي يحفظكم,greeting_chitchat,none,synth
شحال السوم تاع خياطة,price_inquiry,tailor,synth
يا شيخ واش من فيلم زين نتفرجو اليوم؟,out_of_scope,none,synth
نبدلو الدار الشهر الجاي ونحتاجو نقل القش شكون عندو حل,find_worker,mover,synth
شحال تكلف خدمة: نحب نكوموندي حلويات تقليدية للعرس؟,price_inquiry,caterer,synth
كيفاش نبعث طلب خدمة؟ يعطيكم الصحة,app_question,none,synth
نحوس على طبيب أسنان مليح في بجاية,out_of_scope,none,synth
ch7al nkhalles bach nsale7 porte en fer forgé lel 7ouch?,price_inquiry,welder,synth
nheb nfassel karakou lel 3ers,find_worker,tailor,synth
كيفاش نبدل المهنة تاعي في البروفيل؟ وشكرا مسبڨا,app_question,none,synth
ya kho tarqi3 ta3 kachabiya n7taj khayat tawa dorka,urgent_service,tailor,synth
wach kayen wa7ed y3aweni f khedma f dar 9rib meni f Batna?,find_worker,none,synth
baignoire msdouda fissa3 svp,urgent_service,plumber,synth
سلام، نحب نتعلم الحلاگة باش نحل صالون,out_of_scope,none,synth
win nel9a pizzeria mli7a f Setif?,out_of_scope,none,synth
نحوس على طبيب أسنان زين في وهران,out_of_scope,none,synth
نحب نتعلم الخياطه واش كاين تكوين ڨريب؟,out_of_scope,none,synth
recette ta3 tajine 7lou lel 3id svp,out_of_scope,none,synth
sa7bi wach men film mli7 nchoufou lyoum?,out_of_scope,none,synth
عندي نحب نبدل لون الصالون ونحتاج واحد يصلحهالي,find_worker,painter,synth
صحا، ارجو المساعدة بسرعة، الكارلاج تاع الحمام تڨلع وولى يجمع الما,urgent_service,mason,synth
حاله مستعجله: البانيو مسدود والما ما ينزلش,urgent_service,plumber,synth
نبغي نكوموندي حلويات تقليديه للعرس!! نحتاج واحد يجي فيسع,urgent_service,caterer,synth
شحال يكلفني bennay لليوم كامل؟,price_inquiry,mason,synth
svp restaurant mli7 l le diner f Oran?,out_of_scope,none,synth
واش من فيلم مليح نتفرجو اليوم؟ بارك الله فيكم,out_of_scope,none,synth
devis approximatif: retouche w tadyiq nta3 roba? merci,price_inquiry,tailor,synth
نحوس على ريسطورون مليح للعشاء في ورقلة,out_of_scope,none,synth
يا جماعة شحال يكلف الاشتراك في الشهر؟,app_question,none,synth
نأدر نلأى ميكانيكي يجي اليوم لـ برج بوعريريج؟,find_worker,mechanic,synth
rani n7awes 3la wa7ed y3aweni f khedma f dar f Bordj Bou Arreridj,find_worker,none,synth
نحب نتعلم الخياطة واش كاين تكوين اريب؟ الله يخليك,out_of_scope,none,synth
الكليمة تجمد وتحبس وحدها فيسع فيسع,urgent_service,ac_repair,synth
من فضلكم الما ضعيف ما يطلعش للطابق من فضلكم,find_worker,plumber,synth
robinet y9atter n7taj plombi tawa dork,urgent_service,plumber,synth
ch7al nkhalles bach nsale7 nrakeb un lustre f salon?,price_inquiry,electrician,synth
واش التطبيق يخدم بلا انترنات؟,app_question,none,synth
نحب نركب باب رئيسية جديدة عاونوني,find_worker,carpenter,synth
urgence!! cuisine en bois sur mesure f Chlef,urgent_service,carpenter,synth
شحال تكلف خدمة: كاين ريحة مجاري في الحمام؟,price_inquiry,plumber,synth
3andi frigo ma ybaredch ya kho,find_worker,appliance_repair,synth
نحوس على شقة للكراء في بليدة,out_of_scope,none,synth
نحوس على شقة للكراء في Ghardaia,out_of_scope,none,synth
بليز مول السباكة في تيزي وزو ضركا ضركا، اللافابو راه يفويتي,urgent_service,plumber,synth
يا جماعة وين نشري الزرع والورد للجنان في قسنطينة؟,out_of_scope,none,synth
نحب نتعلم الخياطة واش كاين تكوين گريب,out_of_scope,none,synth
buffet pour fete de fiançailles fissa3 svp,urgent_service,caterer,synth
شحال يكلفني عاملة تنظيف لليوم كامل,price_inquiry,cleaner,synth
les prix ta3 soudeur f Constantine?,price_inquiry,welder,synth
n7awes 3la appartement l kra f الشلف svp,out_of_scope,none,synth
الپاركي تاع البيت تخرب، شكون يعرف منوزيي مليح؟,find_worker,carpenter,synth
عندي البورطاي ما عادش يتسكر مليح ونحتاج واحد يصلحهالي,find_worker,welder,synth
نحتاج لي يصلح الماشينات يجي غدوة الصباح لـ بومرداس,find_worker,appliance_repair,synth
combien coute un sebbak?,price_inquiry,plumber,synth
راني نحوس على بلومبيي في بليدة,find_worker,plumber,synth
les lampes yrigliw wa7edhom wach ndir,find_worker,electrician,synth
win nechri gazon w les plantes f Batna?,out_of_scope,none,synth
ma l9itch demenageur disponible f Mostaganem,find_worker,mover,synth
شكون يركب سگي أوتوماتيك في الجنينه؟,out_of_scope,none,synth
واش كاين شي واحد يعاونني في خدمة في الدار قريب من غرداية,find_worker,none,synth
يا جماعة راني نحوس على خدمة نخدمها، واش كاين بلايص؟,out_of_scope,none,synth
عندي نقل عفش عروسة,find_worker,mover,synth
win nechri machine a coudre f Bordj Bou Arreridj?,out_of_scope,none,synth
دورك دورك الرطوبة كلات الحيط تاع البيت,urgent_service,mason,synth
reparer les volets ta3 fenetres men fadlkom,find_worker,carpenter,synth
nebghi nechri machine a laver jdida ch7al? wallah ghir 7asel,out_of_scope,none,synth
cas urgent: fissures kbar fel 7it,urgent_service,mason,synth
ch7al taman bach ndir coiffeur yji l dar?,price_inquiry,barber,synth
kifach rah el jaw f Constantine?,out_of_scope,none,synth
nbeddel couleur nta3 salon ... chkoun ysal7hali?,find_worker,painter,synth
واش راك؟ يعطيكم الصحة,greeting_chitchat,none,synth
femme de menage teji kol jem3a!! chkoun yji fissa3,urgent_service,cleaner,synth
يعطيكم الصحة، نحوس مصلح تلاجات ناشط في جيجل,find_worker,appliance_repair,synth
dork dork trou kbir fel mur en platre,urgent_service,plasterer,synth
شكون عندو نيميرو تاع ميكانيكي في سطيف؟,find_worker,mechanic,synth
n7taj taxi l aeroport ghedwa wallah ghir 7asel,out_of_scope,none,synth
نحب بورطاي حديد للغاراج ومازال ما لقيتش لي يصلحها,find_worker,welder,synth
ضروك دورك الماشينة تاع الصابون تجري الما من تحت,urgent_service,appliance_repair,synth
ياخو راني نحوس على لي يدير الميناج في سطيف,find_worker,cleaner,synth
كيفاه نبعث طلب خدمة,app_question,none,synth
brushing w couleur f dar wach ndir,find_worker,barber,synth
"svp plakist f Skikda vite, faux plafond ba13 f salon",urgent_service,plasterer,synth
شكون عندو نيميرو تاع ميكانيسيان في سكيكدة؟,find_worker,mechanic,synth
sa7bi 3awnouni nettoyage ta3 dar ba3d le demenagement w rani 7asel,urgent_service,cleaner,synth
combien pour transporter frigo w machine?,price_inquiry,mover,synth
راهي عندي اللافابو راه يفويتي وحاصل,find_worker,plumber,synth
جاري گالي نسگسي هنا على منوزيي في وهران,find_worker,carpenter,synth
depuis 3 jours 3andna le portail khrej men blasstou,find_worker,welder,synth
wach n2der nkoun worker w client f meme temps? svp,app_question,none,synth
نحتاج مول الخياطة يجي غدوة الصباح لـ غرداية,find_worker,tailor,synth
kifach rah el jaw f Ghardaia?,out_of_scope,none,synth
نقدر نلقى مول البناء يجي اليوم لـ بسكره؟,find_worker,mason,synth
"svp kwafur f Boumerdes vite, coiffure ta3 la mariée a domicile w chokran",urgent_service,barber,synth
عندي حلاڨة اللحية والتحديد ونحتاج واحد يصلحهالي,find_worker,barber,synth
الرطوبه كلات الحيط تاع البيت عاونوني,find_worker,mason,synth
ch7al ydir reparateur climatiseur f Boumerdes?,price_inquiry,ac_repair,synth
شحال يدير صباغ في عنابة؟,price_inquiry,painter,synth
ch7al ydir peintre f Constantine,price_inquiry,painter,synth
وين نشري بلاكات بلاكو بالجملة؟,out_of_scope,none,synth
urgence!! casser un mur w n7elou bab f Blida,urgent_service,mason,synth
ch7al ykalefni plombier pour une journee?,price_inquiry,plumber,synth
voyant moteur allumé fel tableau men fadlkom,find_worker,mechanic,synth
عاونوني! الجبس تاع السڨف تشڨڨ ومحتاج تصليح وراني حاصل,urgent_service,plasterer,synth
الفور ما يسخنش ونحتاج مصلح تلاجات ديركت ضروك,urgent_service,appliance_repair,synth
ch7al ykalefni plaquiste pour une journee?,price_inquiry,plasterer,synth
dork dork mur ta3 7ouch mayel,urgent_service,mason,synth
menage hebdomadaire ... chkoun ysal7hali?,find_worker,cleaner,synth
nheb سباك yji lyoum l تلمسان,find_worker,plumber,synth
ضركا دورك الميكروند مات,urgent_service,appliance_repair,synth
يا جماعة واش التطبيق يخدم بلا انترنات؟,app_question,none,synth
ch7al nkhalles bach nsale7 déplacer la clim l chambre okhra?,price_inquiry,ac_repair,synth
الفنيترة ما تسكرش مليح فيسع فيسع,urgent_service,carpenter,synth
ياخو راني نحوس على خدمة نخدمها، واش كاين بلايص؟,out_of_scope,none,synth
معليش تأولي كيفاش راه الطأس في وهران؟,out_of_scope,none,synth
عاونوني! الطابلة تاع الصالون محتاجة تصليح وراني حاصل,urgent_service,carpenter,synth
chkoun 3ando numero ta3 khayat f Blida?,find_worker,tailor,synth
ch7al taman bach ndir transport nta3 piano?,price_inquiry,mover,synth
نحتاج عمال ينزلولي العفش من الطابق الخامس!! نحتاج واحد يجي فيسع,urgent_service,mover,synth
combien coute un khayat?,price_inquiry,tailor,synth
التلاجة ما تبردش والمأكلة تخسر، شكون يعرف reparateur machine a laver مليح,find_worker,appliance_repair,synth
le portail khrej men blasstou,find_worker,welder,synth
سلام، مستعجل: نحتاج مول الصباغة اليوم في الجزائر العاصمة,urgent_service,painter,synth
ya cheikh chkoun y9asli el gazon ta3 jardin?,out_of_scope,none,synth
cas urgent: menage ba3d la fete,urgent_service,cleaner,synth
راني نحوس على صباغ في الشلف يعطيكم الصحة,find_worker,painter,synth
عندي نحب نركب باب رئيسيه جديده,find_worker,carpenter,synth
صاحبي شكرا بزاف,greeting_chitchat,none,synth
"ya khouya svp مول الطياب f جيجل vite, gateaux traditionnels lel 3ers",urgent_service,caterer,synth
"svp mikanisyan f Boumerdes vite, les freins ydiro bruit",urgent_service,mechanic,synth
ch7al taman bach ndir couscous l 50 personnes lel sada9a?,price_inquiry,caterer,synth
win nechri gazon w les plantes f بسكرة?,out_of_scope,none,synth
n7awes jardinier zin ytayye7li les mauvaises herbes rabi y7afdkom,out_of_scope,none,synth
السياج الأخضر تاع الجنان يحتاج تقليم والله غير حاصل,out_of_scope,none,synth
سلام خويا، عندي طوفان الما في الكوزينة في الدار، واش نديار؟,find_worker,plumber,synth
شحال يكلف الاشتراك في الشهر؟,app_question,none,synth
sa7bi n7awes 3la appartement l kra f Tizi Ouzou,out_of_scope,none,synth
wesh rak? w chokran,greeting_chitchat,none,synth
wach negder ncancel demande b3aththa?,app_question,none,synth
wach kayen déménageur grib meni f Ghardaia,find_worker,mover,synth
يا خويا نبغي نشري طوموبيل مستعملة، واش تنصحوني؟,out_of_scope,none,synth
نبغي نكوموندي حلويات تقليديه للعرس، شكون يعرف مول الطياب مليح؟,find_worker,caterer,synth
يا جماعة تقصير الكم تاع القميجة ومازال ما لقيتش لي يصلحها,find_worker,tailor,synth
wach kayen wa7ed y3aweni f khedma f dar qrib meni f Setif?,find_worker,none,synth
يا جماعة شحال نخلص باش نصلح الطوموبيل ما تحبش تشعل؟,price_inquiry,mechanic,synth
ya kho n7awes 3la appartement l kra f Skikda,out_of_scope,none,synth
نحب نتعلم الخياطة واش كاين تكوين قريب؟ يعطيكم الصحة,out_of_scope,none,synth
نبيع تيليفون سامسونج شبه جديد وشكرا مسبڨا,out_of_scope,none,synth
urgence!! tabbakha tji ttayeb f dar f Setif,urgent_service,caterer,synth
ma l9itch déménageur disponible f Batna,find_worker,mover,synth
يعطيكم الصحة، نحوس مول الصباغة ناشط في سطيف,find_worker,painter,synth
عندي فو بلافون مع اضاءة مخبية,find_worker,plasterer,synth
kifach rah el jaw f Annaba?,out_of_scope,none,synth
chkoun 3ando numero nta3 7addad f Alger,find_worker,welder,synth
من فضلكم وين نشري بلاكات بلاكو بالجملة؟,out_of_scope,none,synth
nheb مول السباكة yji lyoum l وهران,find_worker,plumber,synth
chkoun 3ando numero ta3 7addad f Biskra?,find_worker,welder,synth
عندي الما حابس في الدار كامل في الدار، واش نديار؟,find_worker,plumber,synth
win kayen pharmacie griba f Bordj Bou Arreridj?,out_of_scope,none,synth
devis approximatif: les murs mkharbchin ye7tajo enduit?,price_inquiry,painter,synth
la voiture t7bes f nos tri9 ... chkoun ysal7hali?,find_worker,mechanic,synth
combien pour meuble tv en placo fel mur?,price_inquiry,plasterer,synth
ma l9itch مول الكليمة disponible f ورقلة,find_worker,ac_repair,synth
ma lqitch plakist disponible f Batna wallah ghir 7asel,find_worker,plasterer,synth
واش التطبيأ مجاني ولا بالخلاص؟,app_question,none,synth
slm ya kho,greeting_chitchat,none,synth
3awnouni interrupteur khasser w rani 7asel,urgent_service,electrician,synth
نحب نخيط اندورة للعيد، شكون يعرف مول الخياطة مليح؟,find_worker,tailor,synth
"svp mol l placo f Blida vite, trou kbir fel mur en platre",urgent_service,plasterer,synth
kifah rah el jaw f Batna?,out_of_scope,none,synth
ya khouya c'est quoi l'abonnement pro?,app_question,none,synth
سلام خويا، كيفاش نخدم بهاد التطبيق؟,app_question,none,synth
win nechri machine a coudre f Constantine?,out_of_scope,none,synth
كيفاش نبعث طلب خدمه؟,app_question,none,synth
كيفاه نشوف تقييمات العامل قبل ما نخدم معاه؟,app_question,none,synth
location camion m3a demenageurs chkoun 3ando solution,find_worker,mover,synth
شحال يكلفني دهان لليوم كامل؟,price_inquiry,painter,synth
sa7bi le platre ta3 plafond tcheqqeq,find_worker,plasterer,synth
نحوس على شقة للكراء في Setif ياخو,out_of_scope,none,synth
chkoun yqasli el gazon ta3 jardin?,out_of_scope,none,synth
ch7al ykalefni تريتور pour une journee?,price_inquiry,caterer,synth
نحب ديكور جبس في السگف ونحتاج بلاكيست ديركت توا بارك الله فيكم,urgent_service,plasterer,synth
كيفاش نشارك في العروض تاع الخدمات؟ بارك الله فيكم,app_question,none,synth
فويت دو تحت اللافابو,find_worker,plumber,synth
frigo ma ybaredch,find_worker,appliance_repair,synth
الله يخليكم نحتاج نبدل الكابلاج الگديم تاع الدار ومگدرتش نلگى حل بارك الله فيكم,urgent_service,electrician,synth
بليز بنّاء في غردايه دورك دورك، نحتاج نزيد بيت فوق السطح,urgent_service,mason,synth
clim ma tberredch!! chkoun yji fissa3?,urgent_service,ac_repair,synth
svp recette ta3 tajine 7lou lel 3id,out_of_scope,none,synth
يا شيخ نحب نتعلم الخياطة واش كاين تكوين قريب؟,out_of_scope,none,synth
micro-onde mat,find_worker,appliance_repair,synth
يعطيكم الصحة، نحوس ميكانيكي ناشط في ورألة الله يخليك,find_worker,mechanic,synth
ch7al taman bach ndir lampe techmel w tetfa wa7edha?,price_inquiry,electrician,synth
شحال تكلف خدمة: الكليمة تجري الما من الداخل؟,price_inquiry,ac_repair,synth
واش كاين شي بلاكيست قريب من باتنة؟ والله غير حاصل,find_worker,plasterer,synth
ya3ychek,greeting_chitchat,none,synth
wach ne2der nesta3mel l appli offline? rabi y7afdkom,app_question,none,synth
chokran svp,greeting_chitchat,none,synth
cas urgent: decor jebs fel plafond,urgent_service,plasterer,synth
restaurant mli7 l le diner f Biskra?,out_of_scope,none,synth
كاين ريحة مجاري في الحمام واش نديار,find_worker,plumber,synth
من فضلكم راني نحوس على خدمة نخدمها، واش كاين بلايص؟,out_of_scope,none,synth
cv? ya kho,greeting_chitchat,none,synth
شحال يكلف اللافيسال تحبس في نص البروغرام؟,price_inquiry,appliance_repair,synth
je cherche un mol clima à Alger,find_worker,ac_repair,synth
"svp maçon f Ghardaia vite, le carrelage ta3 hammam tqalla3",urgent_service,mason,synth
شكون يركب سڨي أوتوماتيك في الجنينة؟ ياخو,out_of_scope,none,synth
سلام، وين نشري بلاكات بلاكو بالجملة؟,out_of_scope,none,synth
عندي نحب نكوموندي حلويات تگليديه للعرس في الدار، واش نديار؟,find_worker,caterer,synth
شحال السوم نتاع مصلح الأجهزة؟ الله يخليك,price_inquiry,appliance_repair,synth
transporter frigo w machine n7taj demenageur tawa dork,urgent_service,mover,synth
شحال يكلف الكونتور يدق كي نشعلو زوج ماشينات؟,price_inquiry,electrician,synth
صحا، واش الخلاص يكون كاش ولا بالكارطة؟,app_question,none,synth
ch7al ykalefni mol l placo pour une journee?,price_inquiry,plasterer,synth
وين كاين أقرب صيدلية في بجاية؟,out_of_scope,none,synth
vidange w les filtres wach ndir,find_worker,mechanic,synth
نحتاج لي يصلح الكليمة يجي غدوة الصباح لـ سكيكدة,find_worker,ac_repair,synth
ya khouya nebghi net3allem la soudure kayen formation?,out_of_scope,none,synth
كيفاش نبدل المهنة تاعي في البروفيل؟,app_question,none,synth
3awnouni tar9i3 ta3 serwal met9atta3 men rokba w rani 7asel,urgent_service,tailor,synth
rani n7awes 3la kwafur f Ouargla w chokran,find_worker,barber,synth
ياخو وين نلقى بيتزيريا مليحة في الشلف؟,out_of_scope,none,synth
urgence!! porte en fer forgé lel 7ouch f Setif,urgent_service,welder,synth
نحوس على ريسطورون مليح للعشاء في عنابة,out_of_scope,none,synth
ya khouya 3andi mochkla f wifi ta3 djezzy,out_of_scope,none,synth
علاش ما يوصلنيش الإشعار كي يجاوبني عامل؟ والله غير حاصل,app_question,none,synth
الله يبارك عليكم,greeting_chitchat,none,synth
repas ta3 khetana jour el jem3a chkoun 3ando solution merci,find_worker,caterer,synth
حالة مستعجلة: الدوش مڨطوع الما,urgent_service,plumber,synth
ya cheikh chkoun ygasli el gazon ta3 jardin?,out_of_scope,none,synth
win nechri gazon w les plantes f Annaba?,out_of_scope,none,synth
recette ta3 couscous svp,out_of_scope,none,synth
ya khouya les prix ta3 حلاق f جيجل?,price_inquiry,barber,synth
من فضلكم ربي يحفظكم,greeting_chitchat,none,synth
التلاجة ما تبردش والمأكلة تخسر ومازال ما لقيتش لي يصلحها,find_worker,appliance_repair,synth
واش كاين شي couturiere اريب من Tizi Ouzou؟,find_worker,tailor,synth
ch7al nkhalles bach nsale7 jebs nta3 plafond tah chwiya?,price_inquiry,plasterer,synth
"saha, n7awlou l dar jdida f nefs el 7ay chkoun 3ando solution",find_worker,mover,synth
بشحال الخدمة نتاع واحد يعاونني في خدمة في الدار تڨريبا؟ ياخو,price_inquiry,none,synth
شكون ربح الكان هاد العام؟ والله غير حاصل,out_of_scope,none,synth
يا جماعة شكون يركب سقي أوتوماتيك في الجنينة؟,out_of_scope,none,synth
rani n7awes 3la traiteur f Setif,find_worker,caterer,synth
win kayen pharmacie griba f الشلف?,out_of_scope,none,synth
n7awes 3la dentiste mli7 f مستغانم,out_of_scope,none,synth
يا جماعة عندي مشكلة في الويفي تاع دجيزي,out_of_scope,none,synth
واش هي الأسعار تاع مصلح الأجهزة في الجزائر العاصمة؟,price_inquiry,appliance_repair,synth
سلام، كيفاش نفعل الموقع باش يلقاوني العمال؟,app_question,none,synth
refaire la dalle ta3 la terrasse 3awnouni wallah ghir 7asel,find_worker,mason,synth
بليز ميكانيسيان في تلمسان دورك دورك، لاباتري راهي ميتة,urgent_service,mechanic,synth
combien pour déplacer la clim l chambre okhra?,price_inquiry,ac_repair,synth
nbeddel couleur ta3 salon w ma 3reftch win nrou7,find_worker,painter,synth
واش هي الأسعار تاع واحد يعاونني في خدمة في الدار في ورقلة؟,price_inquiry,none,synth
chkoun 3ando numero ta3 soudor f Ouargla?,find_worker,welder,synth
علاش ما يوصلنيش الإشعار كي يجاوبني عامل,app_question,none,synth
بليز عاملة تنظيف في الجزائر العاصمة دورك دورك، الكناپي ولا مصفر من الاولاد ويحتاج غسيل عميگ,urgent_service,cleaner,synth
"bonjour, rani n7awes 3la khedma nekhdemha, kayen des postes?",out_of_scope,none,synth
راهي عندي تنظيف الموكيت والكناپي وحاصل,find_worker,cleaner,synth
chokran w chokran,greeting_chitchat,none,synth
les prix ta3 طباخة f بسكرة?,price_inquiry,caterer,synth
chkoun 3ando numero ta3 réparateur électroménager f Bejaia,find_worker,appliance_repair,synth
عندي نبغي حماية حديد للفنيترات في الدار، واش نديار,find_worker,welder,synth
svp faux plafond avec lumiere indirecte chkoun 3ando solution,find_worker,plasterer,synth
trou kbir fel mur en platre chkoun 3ando solution,find_worker,plasterer,synth
واش التطبيگ يخدم بلا انترنات؟,app_question,none,synth
عندي الماشينة تاع الصابون ما تدورش في الدار، واش نديار؟,find_worker,appliance_repair,synth
عاونوني! السقف تاع البلاكو طاح منو طرف وراني حاصل,urgent_service,plasterer,synth
chkoun 3ando numero ta3 كهربائي f غرداية?,find_worker,electrician,synth
بليز مول الكليمة في بومرداس دورك دورك، الكليمة تطلق ريحة كريهة,urgent_service,ac_repair,synth
تحفيفة وتدريج شاب للولد واش نديار,find_worker,barber,synth
je cherche un reparateur climatiseur à Bordj Bou Arreridj,find_worker,ac_repair,synth
3andi frigo ma ybaredch,find_worker,appliance_repair,synth
svp c'est quoi l'abonnement pro?,app_question,none,synth
دلوني على مول الخياطة شاطر ومعقول,find_worker,tailor,synth
ya cheikh thanks,greeting_chitchat,none,synth
شحال يكلفني لحّام لليوم كامل؟,price_inquiry,welder,synth
حاله مستعجله: نبغي نديار باب حديد للحوش,urgent_service,welder,synth
n7awes 3la appartement l kra f Oran,out_of_scope,none,synth
ch7al ydir traiteur f Ouargla?,price_inquiry,caterer,synth
wach kayen trisyan 9rib meni f Biskra,find_worker,electrician,synth
jebs ta3 plafond tah chwiya 3awnouni,find_worker,plasterer,synth
شحال يكلف تنظيف الموكيت والكناپي؟,price_inquiry,cleaner,synth
fermeture eclair ta3 veste khasra,find_worker,tailor,synth
الدار فيها نحتاج تنظيف الزجاج والفنيترات تاع الفيلا من سيمانة كاملة,find_worker,cleaner,synth
ma l9itch wa7ed y3aweni f khedma f dar disponible f تيزي وزو,find_worker,none,synth
raccourcir un jean jdid wach ndir,find_worker,tailor,synth
نحتاج واحد يڨص الحشيش تاع الجنان,out_of_scope,none,synth
"slm, etancheite nta3 stah fissa3 svp",urgent_service,mason,synth
combien pour nbeddel couleur ta3 salon? ya kho,price_inquiry,painter,synth
devis approximatif: cloture en fer te7taj soudure,price_inquiry,welder,synth
soudure ta3 porte metallique ... chkoun ysal7hali?,find_worker,welder,synth
urgence!! femme de menage teji kol jem3a f قسنطينة,urgent_service,cleaner,synth
حلاڨة في الدار لشيخ كبير ما يڨدرش يخرج واش نديار,find_worker,barber,synth
3andi cuisiniere ma tech3elch,find_worker,appliance_repair,synth
نحتاج لي يدير الميناج يجي غدوة الصباح لـ باتنة,find_worker,cleaner,synth
ta9sir ta3 serwal,find_worker,tailor,synth
robe soirée sur mesure ... chkoun ysal7hali,find_worker,tailor,synth
شحال السوم تاع لي ينقل الأثاث؟,price_inquiry,mover,synth
cloture en fer te7taj soudure fissa3 svp wallah ghir 7asel,urgent_service,welder,synth
حالة مستعجلة: حلاقة اللحية والتحديد,urgent_service,barber,synth
دلوني على واحد يعاونني في خدمة في الدار شاطر ومعقول,find_worker,none,synth
من فضلكم نبغي نعلي حيط الحوش متر زيادة فيسع فيسع,urgent_service,mason,synth
بليز بنّاء في بجاية ضركا ضركا، نصب دالة جديدة,urgent_service,mason,synth
صحا، نحوس جنايني يقلم الأشجار تاع الجنان,out_of_scope,none,synth
"3andi menage apres travaux, chkoun ye3ref femme de ménage mli7?",find_worker,cleaner,synth
شحال تكلف خدمة: كليمة الطوموبيل ما تبردش؟,price_inquiry,mechanic,synth
شحال نخلص باش نصلح نفض الغبرة ومسح البلاط تاع الفيلا؟,price_inquiry,cleaner,synth
وين نشري بلاكات بلاكو بالجمله؟,out_of_scope,none,synth
خويا نحتاج تنظيف الزجاج والفنيترات تاع الفيلا شكون يجي يشوفها,find_worker,cleaner,synth
مستعجل: نحتاج منوزيي اليوم في مستغانم,urgent_service,carpenter,synth
نحتاج أرفف للبيرو ونحتاج menuisier ديركت توا,urgent_service,carpenter,synth
دلوني على plaquiste شاطر ومعقول,find_worker,plasterer,synth
ch7al taman bach ndir traiteur pour f tour ramadan?,price_inquiry,caterer,synth
ch7al ydir agent de nettoyage f Setif?,price_inquiry,cleaner,synth
كيفاه نشارك في العروض تاع الخدمات؟ وشكرا مسبقا,app_question,none,synth
راني نحوس على دهان في تيزي وزو والله غير حاصل,find_worker,painter,synth
baignoire msdouda,find_worker,plumber,synth
devis approximatif: humidité fel mur?,price_inquiry,mason,synth
شحال تكلف خدمة: الكناپي ولا مصفر من الاولاد ويحتاج غسيل عميگ؟,price_inquiry,cleaner,synth
coudre des rideaux occultants l chambre w ma 3reftch win nrou7,find_worker,tailor,synth
عندي نقل تلاجة وماشينة للطابق الثالث,find_worker,mover,synth
يعطيكم الصحة، نحوس لي يدير الميناج ناشط في مستغانم,find_worker,cleaner,synth
ch7al nkhalles bach nsale7 ta9sir ta3 serwal? svp,price_inquiry,tailor,synth
وين نقرا لانجليزية في قسنطينة؟,out_of_scope,none,synth
الله يخليكم الكليمة ما تبردش ومقدرتش نلقى حل,urgent_service,ac_repair,synth
بشحال الخدمة تاع bennay تأريبا؟,price_inquiry,mason,synth
شحال يكلف البلاط تاع الساحة تحرك وتكسر؟ ياخو,price_inquiry,mason,synth
سلام، الله يبارك عليكم,greeting_chitchat,none,synth
n9el machine a laver l etage rabi y7afdkom,find_worker,mover,synth
win kayen pharmacie 9riba f بسكرة?,out_of_scope,none,synth
ch7al nkhalles bach nsale7 robinet y2atter? rabi y7afdkom,price_inquiry,plumber,synth
من فضلكم شكون عندو نيميرو تاع مول الميكانيك في تلمسان؟,find_worker,mechanic,synth
"bonjour, kifach n3ayet l worker apres la mission?",app_question,none,synth
je cherche un najjar à Ouargla,find_worker,carpenter,synth
الضو يشعل ويطفي وحدو!! نحتاج واحد يجي فيسع,urgent_service,electrician,synth
n7awes 3la dentiste mli7 f Jijel rabi y7afdkom,out_of_scope,none,synth
kifah nes7ab compte ta3i?,app_question,none,synth
شحال يكلفني مول الحلاأة لليوم كامل,price_inquiry,barber,synth
3awnouni coupe + barbe w contour w rani 7asel,urgent_service,barber,synth
واش هي الأسعار تاع مول السودير في الجزائر العاصمة؟,price_inquiry,welder,synth
صاحبي وين نلقى تكوين في النجارة؟,out_of_scope,none,synth
عندي تصليح سودير في السلم الحديدي ونحتاج واحد يصلحهالي,find_worker,welder,synth
سلام خويا، دلوني على coiffeur شاطر ومعقول,find_worker,barber,synth
الله يخليكم نقل تلاجة وماشينة للطابق الثالث ومقدرتش نلقى حل,urgent_service,mover,synth
شحال تكلف خدمة: نبغي نبدل بلاصة الكليمة؟,price_inquiry,ac_repair,synth
نحتاج نبدل الكابلاج القديم تاع الدار عاونوني,find_worker,electrician,synth
وين نشري الزرع والورد للجنان في Setif؟,out_of_scope,none,synth
نقل مكتب من وسط المدينة ونحتاج ديمناجور ديركت توا,urgent_service,mover,synth
شحال راهي الساعة,out_of_scope,none,synth
ارجو المساعدة بسرعة، الطواليت محبوسة والما يطلع,urgent_service,plumber,synth
شحال نخلص باش نصلح تقصير الكم تاع القميجة؟,price_inquiry,tailor,synth
صحا، نحتاج خياط مليح في برج بوعريريج,find_worker,tailor,synth
"bonjour, moteur yeskhon bezzaf w ma 3reftch win nrou7",find_worker,mechanic,synth
besoin d un femme de ménage serieux f Mostaganem,find_worker,cleaner,synth
devis approximatif: reparer les volets ta3 fenetres?,price_inquiry,carpenter,synth
نحتاج تريتور لفطور رمضان لعائلة كبيرة!! نحتاج واحد يجي فيسع,urgent_service,caterer,synth
نهدمو حيط ونحلو باب!! نحتاج واحد يجي فيسع,urgent_service,mason,synth
kifach nchouf les avis ta3 worker? ya kho,app_question,none,synth
شحال نخلص باش نصلح السطح يقطر ونحتاج ايتونشيتي؟,price_inquiry,mason,synth
win nechri machine a coudre f Bejaia,out_of_scope,none,synth
نقدر نلقى ماصون يجي اليوم لـ بليدة؟,find_worker,mason,synth
شحال يكلف الطوموبيل ما تحبش تشعل؟,price_inquiry,mechanic,synth
صاحبي نحتاج طاكسي للمطار غدوة الصباح,out_of_scope,none,synth
3awnouni machine a laver tejri el ma men ta7t w rani 7asel,urgent_service,appliance_repair,synth
يا جماعة واش نقدر نخدم كعامل وكليان في نفس الوقت؟,app_question,none,synth
n7awes 3la dentiste mli7 f Bejaia,out_of_scope,none,synth
n7awes 3la dentiste mli7 f Annaba,out_of_scope,none,synth
clim ta3 tonobil ma tberredch ... chkoun ysal7hali?,find_worker,mechanic,synth
douk dork sbagha nta3 les portes wallah ghir 7asel,urgent_service,painter,synth
win nechri gazon w les plantes f Setif?,out_of_scope,none,synth
يعطيكم الصحة، نحوس مول السباكة ناشط في بليدة,find_worker,plumber,synth
الجنان محتاج تنگية وگازون جديد ياخو,out_of_scope,none,synth
installer des spots fel plafond chkoun 3ando solution,find_worker,electrician,synth
واش نقدر نلغي طلب بعثتو؟,app_question,none,synth
ربي يحفظكم,greeting_chitchat,none,synth
الله يخليكم نحتاج فيدونج وتبديل الفيلترات ومقدرتش نلقى حل,urgent_service,mechanic,synth
واش نڨدر نخدم كعامل وكليان في نفس الوڨت؟,app_question,none,synth
3awnouni nheb nfassel karakou lel 3ers w rani 7asel,urgent_service,tailor,synth
يعطيكم الصحة، نحوس لي ينڨل الأثاث ناشط في بومرداس,find_worker,mover,synth
واش الخلاص يكون كاش ولا بالكارطة؟ يعطيكم الصحة,app_question,none,synth
راني نحوس على بنّاء في بومرداس,find_worker,mason,synth
واش نقدر نستعمل التطبيق كضيف بلا كونت,app_question,none,synth
kifah nzid des photos l khedmti,app_question,none,synth
ya cheikh le paiement fel appli kifach ykoun?,app_question,none,synth
راني نحوس على بنّاء في الجزائر العاصمة,find_worker,mason,synth
ch7al ydir demenageur f Alger? ya kho,price_inquiry,mover,synth
كيفاش نبدل رأم تيليفوني في الكونت؟ وشكرا مسبأا,app_question,none,synth
الله يخليكم الفرينات يديرو صوت يخوف ومقدرتش نلقى حل,urgent_service,mechanic,synth
وين نقرا لانجليزية في ورقلة؟,out_of_scope,none,synth
صحا، عندي مشكلة في الويفي تاع دجيزي,out_of_scope,none,synth
besoin d un mason serieux f Chlef,find_worker,mason,synth
ch7al taman bach ndir nettoyage w entretien ta3 la clim?,price_inquiry,ac_repair,synth
"bonjour, nebghi net3allem la soudure kayen formation?",out_of_scope,none,synth
بونجور ياخو,greeting_chitchat,none,synth
كيفاش نديار كونت فيسبوك؟,out_of_scope,none,synth
نحوس على شقة للكراء في عنابة,out_of_scope,none,synth
شحال السوم نتاع sebbak؟,price_inquiry,plumber,synth
شحال يدير لي يدير الميناج في تيزي وزو؟ والله غير حاصل,price_inquiry,cleaner,synth
wach n9der nkoun worker w client f meme temps? wallah ghir 7asel,app_question,none,synth
صاحبي الله يخليكم نديرو درابزين حديد للدرج ومقدرتش نلقى حل,urgent_service,welder,synth
combien pour cloison ba13 avec porte?,price_inquiry,plasterer,synth
شحال نخلص باش نصلح نحب نبدل بلاصة الكليمة؟,price_inquiry,ac_repair,synth
وين نشري ماكينة خياطة جديدة في عنابة؟ يعطيكم الصحة,out_of_scope,none,synth
nettoyage nta3 dar kamla w ma 3reftch win nrou7,find_worker,cleaner,synth
win kayen pharmacie 9riba f Tiaret?,out_of_scope,none,synth
congelateur ma yjamedch w ma 3reftch win nrou7,find_worker,appliance_repair,synth
الدار فيها نبغي نخبي الكابلاج بحيط بلاكو من سيمانة كاملة,find_worker,plasterer,synth
depuis 3 jours 3andna cloison ba13 avec porte merci,find_worker,plasterer,synth
عندي رتوش خفيف على روبة السهرة في الدار، واش نديار؟,find_worker,tailor,synth
3awnouni clim tetlok ri7a khayba w rani 7asel,urgent_service,ac_repair,synth
depuis 3 jours 3andna porte mkessra,find_worker,carpenter,synth
شحال يكلف الطوموبيل تحبس في نص الطريق؟,price_inquiry,mechanic,synth
تنظيف الموكيت والكناپي!! نحتاج واحد يجي فيسع بارك الله فيكم,urgent_service,cleaner,synth
sa7bi ch7al rahi el sa3a?,out_of_scope,none,synth
شحال السوم تاع لي يدير الميناج؟,price_inquiry,cleaner,synth
wach ne2der nesta3mel l appli offline?,app_question,none,synth
3andi nettoyage ta3 dar kamla,find_worker,cleaner,synth
n7awes 3la appartement l kra f Boumerdes,out_of_scope,none,synth
يا شيخ شحال يكلفني مول الميكانيك لليوم كامل؟,price_inquiry,mechanic,synth
سلام، دوك دورك نحتاج أرفف للبيرو,urgent_service,carpenter,synth
سلام، نحوس على طبيب أسنان مليح في ورألة,out_of_scope,none,synth
كيفاش نبدل رقم تيليفوني في الكونت؟ الله يخليك,app_question,none,synth
نديرو درابزين حديد للدرج!! نحتاج واحد يجي فيسع,urgent_service,welder,synth
تڨصير الكم تاع الڨميجة من فضلكم,find_worker,tailor,synth
buffet pour fete de fiançailles 3awnouni,find_worker,caterer,synth
نقدر نلقى bennay يجي اليوم لـ Bordj Bou Arreridj؟,find_worker,mason,synth
kifah nbeddel numero ta3i f compte? merci,app_question,none,synth
شحال يدير مول الصباغة في تيزي وزو؟,price_inquiry,painter,synth
نحتاج كوافور يجي للدار نهار العرس!! نحتاج واحد يجي فيسع,urgent_service,barber,synth
سلام خويا، شحال السوم تاع كهربائي؟,price_inquiry,electrician,synth
win nechri gazon w les plantes f Blida? merci,out_of_scope,none,synth
الدار فيها لاباتري راهي ميتة من سيمانة كاملة,find_worker,mechanic,synth
rani n7awes 3la soudor f Biskra,find_worker,welder,synth
ch7al ykalefni سباك pour une journee?,price_inquiry,plumber,synth
cv?,greeting_chitchat,none,synth
ch7al ykalefni agent de nettoyage pour une journee?,price_inquiry,cleaner,synth
شكون عندو نيميرو نتاع مول البناء في سكيكدة؟ يعطيكم الصحة,find_worker,mason,synth
معليش تقولي كيفاش راه الطقس في Blida؟ الله يخليك,out_of_scope,none,synth
"slm, kifach nes7ab compte ta3i?",app_question,none,synth
شكون عندو نيميرو نتاع femme de ménage في Constantine؟,find_worker,cleaner,synth
يعيشك خويا والله غير حاصل,greeting_chitchat,none,synth
واش كاين شي صباغ قريب من سطيف؟,find_worker,painter,synth
خويا الباب الحديدية خرجت من بلاصتها شكون يجي يشوفها,find_worker,welder,synth
ya kho 3awnouni porte en fer forgé lel 7ouch w rani 7asel,urgent_service,welder,synth
"saha, 3andi la voiture tdakhen dokhan k7el",find_worker,mechanic,synth
يا شيخ واش نقدر نلغي طلب بعثتو؟,app_question,none,synth
الطابله تاع الصالون محتاجه تصليح ونحتاج منوزيي ديركت ضروك,urgent_service,carpenter,synth
arrosage automatique lel jnina chkoun yrakbou,out_of_scope,none,synth
combien coute un traiteur?,price_inquiry,caterer,synth
يا شيخ ههههه شابة,greeting_chitchat,none,synth
تريتور للختانة نهار الجمعة واش نديار,find_worker,caterer,synth
devis approximatif: reparer les volets nta3 fenetres?,price_inquiry,carpenter,synth
واش كاين شي mol l placo قريب من Bejaia؟,find_worker,plasterer,synth
ياخو صباح الخير,greeting_chitchat,none,synth
واش هي الأسعار نتاع واحد يعاونني في خدمة في الدار في بليدة؟,price_inquiry,none,synth
نبغي صباغة غرفة الأطفال بألوان شابة ونحتاج sebbagh ديركت دوك,urgent_service,painter,synth
عندي نحب نديار گفص حديد فوگ السطح في الدار، واش نديار؟,find_worker,welder,synth
السقف تاع البلاكو طاح منو طرف عاونوني,find_worker,plasterer,synth
شكون ربح الكان هاد العام؟ ياخو,out_of_scope,none,synth
نڨل تلاجة وماشينة للطابڨ الثالث ونحتاج ديمناجور ديركت دوك,urgent_service,mover,synth
ma l9itch peintre disponible f Tiaret,find_worker,painter,synth
وين نگرا لانجليزية في تلمسان؟,out_of_scope,none,synth
wach men film ghaya nchoufou lyoum?,out_of_scope,none,synth
ارجو المساعدة بسرعة، نڨل بيانو من الطابڨ الرابع,urgent_service,mover,synth
ch7al nkhalles bach nsale7 sbagha ta3 les portes?,price_inquiry,painter,synth
نحتاج ديمناجور زين في جيجل,find_worker,mover,synth
bonjour svp,greeting_chitchat,none,synth
نحتاج سباك زين في برج بوعريريج,find_worker,plumber,synth
ياخو واش هي الأسعار تاع sebbak في Blida؟,price_inquiry,plumber,synth
الدار فيها تحفيفة وتدريج شاب للولد من سيمانة كاملة,find_worker,barber,synth
ارجو المساعدة بسرعة، نحتاج أرفف للبيرو,urgent_service,carpenter,synth
علاش ما يوصلنيش الإشعار كي يجاوبني عامل؟,app_question,none,synth
وين نأرا لانجليزية في ورألة؟,out_of_scope,none,synth
3awnouni toute la maison sans courant w rani 7asel,urgent_service,electrician,synth
installation chauffe-eau jdid!! chkoun yji fissa3?,urgent_service,plumber,synth
ya khouya kifah nactivi la localisation fel appli?,app_question,none,synth
kifach neb3et demande de service? wallah ghir 7asel,app_question,none,synth
شحال يكلفني كهربائي لليوم كامل,price_inquiry,electrician,synth
يا خويا نحوس على ريسطورون مليح للعشاء في بليدة,out_of_scope,none,synth
ch7al taman bach ndir le platre ta3 plafond tcheqqeq?,price_inquiry,plasterer,synth
recharge gaz ta3 la clim!!! chkoun yji fissa3?,urgent_service,ac_repair,synth
شكون عندو نيميرو نتاع kwafur في Tizi Ouzou؟,find_worker,barber,synth
الجبس تاع البيت طاح مع الشتا واش نديار,find_worker,plasterer,synth
شحال السوم تاع خياط؟,price_inquiry,tailor,synth
wach ne2der ncancel demande b3aththa?,app_question,none,synth
نحتاج ميكانيكي يجي غدوة الصباح لـ تلمسان,find_worker,mechanic,synth
وين نلقى بيتزيريا مليحة في بومرداس,out_of_scope,none,synth
الجنان محتاج تنقية وقازون جديد بارك الله فيكم,out_of_scope,none,synth
نبغي وصفة كسكسي بالدجاج يعطيكم الصحة,out_of_scope,none,synth
البورطاي ما عادش يتسكر مليح ومازال ما لگيتش لي يصلحها,find_worker,welder,synth
الطابلة تاع الصالون محتاجة تصليح!! نحتاج واحد يجي فيسع,urgent_service,carpenter,synth
نحوس على ريسطورون مليح للعشاء في سكيكدة,out_of_scope,none,synth
urgence!! voiture ma techa3lch f Annaba,urgent_service,mechanic,synth
n7awes 3la appartement l kra f باتنة w chokran,out_of_scope,none,synth
واش كاين شي دهان قريب من غرداية؟,find_worker,painter,synth
الدار فيها حلاقة في الدار لشيخ كبير ما يقدرش يخرج من سيمانة كاملة,find_worker,barber,synth
يعطيكم الصحة، نحوس بنّاء ناشط في وهران,find_worker,mason,synth
ch7al nkhalles bach nsale7 repas ta3 khetana jour el jem3a,price_inquiry,caterer,synth
كيفاش نبدل رأم تيليفوني في الكونت؟,app_question,none,synth
pc ta3i wela lourd yasser wach ndir,out_of_scope,none,synth
win nel9a pizzeria mli7a f Bordj Bou Arreridj? wallah ghir 7asel,out_of_scope,none,synth
recette ta3 couscous svp merci,out_of_scope,none,synth
نبغي نديار ڨفص حديد فوڨ السطح شكون عندو حل,find_worker,welder,synth
شحال يكلف نحب نبدل بلاصة الكليمة؟,price_inquiry,ac_repair,synth
ch7al taman bach ndir cuisiniere ma tech3elch? w chokran,price_inquiry,appliance_repair,synth
بليز لي يدير الميناج في الشلف دوك دوك، تنظيف الموكيت والكناپي,urgent_service,cleaner,synth
خويا التلاجة تدير صوت غريب شكون يجي يشوفها,find_worker,appliance_repair,synth
win nel2a les demandes li b3aththom?,app_question,none,synth
"slm, ya3ychek",greeting_chitchat,none,synth
rani n7awes 3la khayat f Tlemcen,find_worker,tailor,synth
صاحبي شحال راهي الساعة؟,out_of_scope,none,synth
بشحال الخدمة تاع مول الجبس تقريبا؟,price_inquiry,plasterer,synth
راهي عندي الماشينة تاع الصابون ما تدورش وحاصل,find_worker,appliance_repair,synth
نبغي نتعلم الكهرباء واش كاين تكوين؟,out_of_scope,none,synth
ch7al taman bach ndir tarqi3 nta3 kachabiya,price_inquiry,tailor,synth
عندي البالوعة مسدودة في الدار، واش نديار؟,find_worker,plumber,synth
بشحال الخدمة تاع بنّاء تقريبا؟ وشكرا مسبقا,price_inquiry,mason,synth
besoin d un couturiere serieux f Setif,find_worker,tailor,synth
بشحال الخدمه نتاع مول السودير تگريبا؟,price_inquiry,welder,synth
nettoyage profond fissa3 svp,urgent_service,cleaner,synth
urgence!! le platre ta3 plafond tcheqqeq f Constantine,urgent_service,plasterer,synth
les prix nta3 électricien f Bejaia?,price_inquiry,electrician,synth
التلاجة ما تبردش والمأكلة تخسر فيسع فيسع,urgent_service,appliance_repair,synth
combien coute un agent de nettoyage?,price_inquiry,cleaner,synth
fermeture eclair ta3 veste khasra 3awnouni,find_worker,tailor,synth
الله يخليكم الباب نتاع الكوزينة تكسر ومقدرتش نلقى حل,urgent_service,carpenter,synth
وين نشري ماكينة خياطة جديدة في Tiaret؟,out_of_scope,none,synth
devis approximatif: ta7fifa w l7ya? merci,price_inquiry,barber,synth
ch7al taman bach ndir peinture nta3 chambre d'enfants?,price_inquiry,painter,synth
recharge gaz ta3 la clim men fadlkom,find_worker,ac_repair,synth
ترڨيع السروال لي تڨطع من الركبة عاونوني,find_worker,tailor,synth
البيسي تاعي ولا ثأيل بزاف واش نديار؟,out_of_scope,none,synth
ch7al nkhalles bach nsale7 coiffeur yji l dar?,price_inquiry,barber,synth
حالة مستعجلة: نبغي نديار باب حديد للحوش,urgent_service,welder,synth
"bonjour, ch7al prix ta3 abonnement par mois?",app_question,none,synth
صاحبي نبغي نتعلم الخياطة واش كاين تكوين قريب؟,out_of_scope,none,synth
déplacer la clim l chambre okhra!!! chkoun yji fissa3?,urgent_service,ac_repair,synth
عاونوني! قنوات الما نتاع الدار قدام يسقطو وراني حاصل,urgent_service,plumber,synth
porte en fer forgé lel 7ouch!!! chkoun yji fissa3?,urgent_service,welder,synth
دلوني على electricien شاطر ومعقول,find_worker,electrician,synth
نحوس على طبيب أسنان غايا في عنابة بارك الله فيكم,out_of_scope,none,synth
ch7al taman bach ndir installer des spots fel plafond?,price_inquiry,electrician,synth
urgence!! coiffure a domicile pour le mariage f Skikda,urgent_service,barber,synth
combien pour moteur yeskhon bzzzaf?,price_inquiry,mechanic,synth
ارجو المساعدة بسرعة، الپاركي تاع البيت تخرب,urgent_service,carpenter,synth
راهي عندي السقف تاع البلاكو طاح منو طرف وحاصل,find_worker,plasterer,synth
يا جماعة نحب نديار فو بلافون بلاكو في الصالون فيسع فيسع,urgent_service,plasterer,synth
يا جماعة واش كاين شي تريسيان قريب من ورقلة؟,find_worker,electrician,synth
نحوس على شگة للكراء في الجزائر العاصمة,out_of_scope,none,synth
nheb demenageur yji lyoum l Constantine,find_worker,mover,synth
عندي نحتاج طياب للوليمة نهار السبت ياخو,find_worker,caterer,synth
دوك دورك الكليمة ما تسخنش في الشتا,urgent_service,ac_repair,synth
نڨل مكتب من وسط المدينة من فضلكم,find_worker,mover,synth
chkoun 3ando numero nta3 mason f Oran? wallah ghir 7asel,find_worker,mason,synth
كيفاش نفعل الموقع باش يلقاوني العمال؟,app_question,none,synth
ch7al ykalefni مول الحلاقة pour une journee?,price_inquiry,barber,synth
سلام، شكرا على المساعدة,greeting_chitchat,none,synth
win kayen pharmacie qriba f Constantine?,out_of_scope,none,synth
نحب وصفة كسكسي بالدجاج,out_of_scope,none,synth
les amis hhhh chaba,greeting_chitchat,none,synth
"slm, ch7al rahi el sa3a?",out_of_scope,none,synth
وين نقرا لانجليزية في باتنة؟,out_of_scope,none,synth
kifach nes7ab compte ta3i,app_question,none,synth
شحال تكلف خدمة: الكشابية محتاجة ترقيع؟ بارك الله فيكم,price_inquiry,tailor,synth
n7awes 3la appartement l kra f Chlef,out_of_scope,none,synth
يا خويا عندي صباغة الأبواب والفنيترات ونحتاج واحد يصلحهالي,find_worker,painter,synth
خويا نديرو درابزين حديد للدرج شكون يجي يشوفها,find_worker,welder,synth
من فضلكم اللافيسال تحبس في نص البروغرام ونحتاج لي يصلح الماشينات ديركت توا,urgent_service,appliance_repair,synth
طباخة لحفلة النجاح فيسع فيسع,urgent_service,caterer,synth
نحتاج تنظيف الدار قبل ما نسكنو فيها فيسع فيسع بارك الله فيكم,urgent_service,cleaner,synth
شكون عندو نيميرو تاع مول السودير في تلمسان؟,find_worker,welder,synth
عندي كي نشعل الماشينة يطيح الضو في الدار، واش نديار؟,find_worker,electrician,synth
شحال السوم تاع لي ينڨل الأثاث؟,price_inquiry,mover,synth
خويا الدرج الخشبي يزڨزڨ شكون يجي يشوفها,find_worker,carpenter,synth
الفنيترة ما تسكرش مليح، شكون يعرف منوزيي مليح؟ والله غير حاصل,find_worker,carpenter,synth
repeindre la façade ta3 dar fissa3 svp,urgent_service,painter,synth
من فضلكم كيفاش نبدل رڨم تيليفوني في الكونت؟,app_question,none,synth
je cherche un plombi à Batna,find_worker,plumber,synth
"j'ai oublié mon mot de passe, wach ndir?",app_question,none,synth
جاري قالي نسقسي هنا على مول الحلاقة في الشلف,find_worker,barber,synth
نحوس على شأة للكراء في Blida,out_of_scope,none,synth
urgence!! peinture nta3 dar kamla f Bordj Bou Arreridj,urgent_service,painter,synth
الله يخليكم ميناج أسبوعي للفيلا ومقدرتش نلقى حل,urgent_service,cleaner,synth
صحا خويا يعطيكم الصحة,greeting_chitchat,none,synth
راهي عندي سگف الغاراج طايح منو الاسمنت وباين الحديد وحاصل,find_worker,mason,synth
depuis 3 jours 3andna rampe d escalier en fer,find_worker,welder,synth
واش التطبيأ يخدم بلا انترنات؟,app_question,none,synth
dork dork seche-linge khasser,urgent_service,appliance_repair,synth
couscous l 50 personnes lel sadaga fissa3 svp wallah ghir 7asel,urgent_service,caterer,synth
نحب نشري طوموبيل مستعملة، واش تنصحوني؟ ياخو,out_of_scope,none,synth
micro-onde mat men fadlkom svp,find_worker,appliance_repair,synth
نحوس على ريسطورون مليح للعشاء في تلمسان,out_of_scope,none,synth
نحتاج مرا تعاون ماما في گضيان الدار من فضلكم,find_worker,cleaner,synth
des ouvriers ynazlou el 9ach mel 5eme etage n7taj demenageur tawa dorka,urgent_service,mover,synth
معليش تڨولي كيفاش راه الطڨس في ڨسنطينة؟,out_of_scope,none,synth
سلام خويا، كيفاه نبدل المهنة تاعي في البروفيل؟,app_question,none,synth
من فضلكم نحفف وندير اللحية عند الدار واش نديار,find_worker,barber,synth
يعيشك خويا,greeting_chitchat,none,synth
جاري قالي نسقسي هنا على خياط في بسكرة,find_worker,tailor,synth
واش نأدر نستعمل التطبيأ كضيف بلا كونت؟,app_question,none,synth
win nel9a pizzeria mli7a f Setif? ya kho,out_of_scope,none,synth
drouk dork coupe degradé m3a trait,urgent_service,barber,synth
meuble ye7taj tsli7 3awnouni,find_worker,carpenter,synth
cloture en fer te7taj soudure wach ndir,find_worker,welder,synth
"rani n7awes 3la khedma nekhdemha, kayen des postes",out_of_scope,none,synth
مستعجل: نحتاج صباغ اليوم في تيزي وزو,urgent_service,painter,synth
kifah rah el jaw f Tiaret?,out_of_scope,none,synth
congelateur ma yjamedch,find_worker,appliance_repair,synth
شكون عندو نيميرو تاع coiffeur في Constantine؟,find_worker,barber,synth
شحال نخلص باش نصلح السروال طويل ونحب نأصرو,price_inquiry,tailor,synth
شكون عندو نيميرو تاع مصلح الأجهزة في تيارت؟,find_worker,appliance_repair,synth
شكون يركب سگي أوتوماتيك في الجنينة,out_of_scope,none,synth
يعطيكم الصحة، نحوس plombier ناشط في Bordj Bou Arreridj,find_worker,plumber,synth
"saha, ecran ta3 telephone therres win nsal7ou?",out_of_scope,none,synth
je cherche un wa7ed y3aweni f khedma f dar à Biskra,find_worker,none,synth
3andi mochkla f wifi nta3 djezzy,out_of_scope,none,synth
يا خويا شحال يكلف الكليمة ناقصها غاز؟,price_inquiry,ac_repair,synth
شحال تكلف خدمة: الكونجيلاتور ما يجمدش؟,price_inquiry,appliance_repair,synth
les amis 3awnouni coupe + barbe w contour w rani 7asel,urgent_service,barber,synth
ch7al ydir reparateur climatiseur f Alger,price_inquiry,ac_repair,synth
صحا، نحب نشري ماشينة صابون جديدة شحال السوم؟,out_of_scope,none,synth
combien coute un mol l placo?,price_inquiry,plasterer,synth
slm wallah ghir 7asel,greeting_chitchat,none,synth
يا خويا ارجو المساعدة بسرعة، نحب نبني حيط في الجنان,urgent_service,mason,synth
sa7bi wach kayen sebbagh 9rib meni f Jijel?,find_worker,painter,synth
"ya cheikh rani n7awes 3la khedma nekhdemha, kayen des postes?",out_of_scope,none,synth
ya khouya labas?,greeting_chitchat,none,synth
نحوس على طبيب أسنان غايا في سكيكدة,out_of_scope,none,synth
chkoun yqasli el gazon ta3 jardin,out_of_scope,none,synth
3lach les notifications ma yjounich? rabi y7afdkom,app_question,none,synth
واش الخلاص يكون كاش ولا بالكارطة؟ الله يخليك,app_question,none,synth
"ya khouya 3andi nettoyage profond, chkoun ye3ref femme de ménage mli7?",find_worker,cleaner,synth
besoin d un plaquiste serieux f Ghardaia ya kho,find_worker,plasterer,synth
وين نلأى بيتزيريا مليحة في باتنة؟,out_of_scope,none,synth
nheb kahrabji yji lyoum l Boumerdes ya kho,find_worker,electrician,synth
combien coute un mol clima?,price_inquiry,ac_repair,synth
"saha, kifach nes7ab compte ta3i?",app_question,none,synth
السروال طويل ونحب نقصرو شكون عندو حل,find_worker,tailor,synth
arrosage automatique lel jnina chkoun yrakbou?,out_of_scope,none,synth
ch7al ykalefni mikanisyan pour une journee?,price_inquiry,mechanic,synth
"svp reparateur climatiseur f Mostaganem vite, recharge gaz ta3 la clim",urgent_service,ac_repair,synth
combien pour chauffe-eau ma yeskhonch?,price_inquiry,plumber,synth
ya khouya ch7al rahi el sa3a?,out_of_scope,none,synth
الله يخليكم الميكروند مات ومقدرتش نلقى حل بارك الله فيكم,urgent_service,appliance_repair,synth
راني نحوس على plombi في Bejaia والله غير حاصل,find_worker,plumber,synth
wach kayen peintre 9rib meni f Annaba?,find_worker,painter,synth
rani n7awes 3la wa7ed y3aweni f khedma f dar f Oran,find_worker,none,synth
نحتاج لحّام مليح في بسكرة,find_worker,welder,synth
شحال تكلف خدمة: نحتاج كاميو صغير ننڨل بيه الأثاث؟,price_inquiry,mover,synth
tarqi3 ta3 kachabiya w ma 3reftch win nrou7,find_worker,tailor,synth
شكون يركب سقي أوتوماتيك في الجنينة,out_of_scope,none,synth
شحال نخلص باش نصلح تنظيف الموكيت والكناپي؟,price_inquiry,cleaner,synth
ch7al ydir مول الضو f تيارت?,price_inquiry,electrician,synth
كيفاش نبعث طلب خدمة؟,app_question,none,synth
"svp najjar f Skikda vite, cuisine en bois sur mesure",urgent_service,carpenter,synth
الدار فيها كاين رطوبة وتقشير في سقف البيت من سيمانة كاملة,find_worker,painter,synth
يا جماعة صحا خويا,greeting_chitchat,none,synth
ياخو كيفاش نزيد تصاور لخدماتي؟,app_question,none,synth
n7awes 3la dentiste zin f Tizi Ouzou,out_of_scope,none,synth
شحال يدير مول البناء في بجاية؟,price_inquiry,mason,synth
جاري قالي نسقسي هنا على technicien clim في Ouargla,find_worker,ac_repair,synth
سلام، بونجور,greeting_chitchat,none,synth
les prix ta3 plombi f Chlef? ya kho,price_inquiry,plumber,synth
"3andi monter un mur en parpaing, chkoun ye3ref bennay mli7?",find_worker,mason,synth
depuis 3 jours 3andna retouche nta3 costume,find_worker,tailor,synth
كيفاه نخدم بهاد التطبيگ؟,app_question,none,synth
نقدر نلقى خياطة يجي اليوم لـ بجاية؟,find_worker,tailor,synth
nheb maçon yji lyoum l Mostaganem,find_worker,mason,synth
ياخو نحب نتعلم الكهرباء واش كاين تكوين؟,out_of_scope,none,synth
بليز كوافور في قسنطينة دوك دوك، تحفيفة وتدريج شاب للولد وشكرا مسبقا,urgent_service,barber,synth
واش من فيلم زين نتفرجو اليوم؟,out_of_scope,none,synth
من فضلكم بريز محروقة من فضلكم,find_worker,electrician,synth
n7awes 3la dentiste zin f Batna,out_of_scope,none,synth
وين نلگى بيتزيريا مليحة في مستغانم؟,out_of_scope,none,synth
نحب طباخة تجي تطيب في الدار لمناسبة عاونوني,find_worker,caterer,synth
wach men film zin nchoufou lyoum?,out_of_scope,none,synth
كيفاش نبدل رڨم تيليفوني في الكونت؟ ياخو,app_question,none,synth
chkoun 3ando numero ta3 mason f Ouargla? ya kho,find_worker,mason,synth
نبغي حماية حديد للفنيترات من فضلكم,find_worker,welder,synth
عندي الميكروند مات ونحتاج واحد يصلحهالي,find_worker,appliance_repair,synth
نسيت كلمة السر، واش نديار؟ ياخو,app_question,none,synth
ch7al taman bach ndir retouche pantalon twil,price_inquiry,tailor,synth
واش التطبيق مجاني ولا بالخلاص؟ بارك الله فيكم,app_question,none,synth
وين نلقى بيتزيريا مليحة في Tlemcen؟,out_of_scope,none,synth
شحال يدير ميكانيكي في غرداية؟,price_inquiry,mechanic,synth
يا جماعة واش الخلاص يكون كاش ولا بالكارطة؟,app_question,none,synth
شحال يكلف تركيب بلاكو بلاتر مع السبوتات,price_inquiry,plasterer,synth
"svp menuisier f Skikda vite, escalier en bois yzegzeg",urgent_service,carpenter,synth
عندي راسي شعث ياسر ونحتاج نحفف ونحتاج واحد يصلحهالي,find_worker,barber,synth
شحال نخلص باش نصلح التلاجة ما تبردش والمأكلة تخسر؟ الله يخليك,price_inquiry,appliance_repair,synth
وين نشري ماكينة خياطة جديدة في تلمسان؟,out_of_scope,none,synth
واش كاين شي واحد يعاونني في خدمة في الدار اريب من تيزي وزو؟,find_worker,none,synth
الدار فيها نحب نحفف قبل العيد من سيمانة كاملة,find_worker,barber,synth
بليز لحّام في باتنة دورك دورك، نحب نديار افص حديد فوأ السطح,urgent_service,welder,synth
شحال يدير خياطة في تيارت؟,price_inquiry,tailor,synth
بليز صباغ في الشلف ضركا ضركا، الحيوط مخبشين ونحتاجو تصليح وصباغة,urgent_service,painter,synth
عاونوني! نحب نركب لافابو جديد في الحمام وراني حاصل,urgent_service,plumber,synth
menage ba3d la fete!! chkoun yji fissa3?,urgent_service,cleaner,synth
repas nta3 khetana jour el jem3a,find_worker,caterer,synth
واش نأدر نستعمل التطبيأ كضيف بلا كونت,app_question,none,synth
صحا، حالة مستعجلة: نحتاج نركب سخان الما جديد,urgent_service,plumber,synth
cas urgent: camion sghir bach nne9lou les meubles,urgent_service,mover,synth
nheb net3allem la couture kayen des cours? merci,out_of_scope,none,synth
السروال طويل ونحب نأصرو,find_worker,tailor,synth
واش كاين شي خياطة قريب من بومرداس؟,find_worker,tailor,synth
نبغي نتعلم الكهرباء واش كاين تكوين؟ الله يخليك,out_of_scope,none,synth
rani n7awes 3la déménageur f Batna,find_worker,mover,synth
دلوني على لي ينقل الأثاث شاطر ومعقول,find_worker,mover,synth
win nechri gazon w les plantes f Bordj Bou Arreridj?,out_of_scope,none,synth
grand menage nta3 printemps w ma 3reftch win nrou7,find_worker,cleaner,synth
labas? svp,greeting_chitchat,none,synth
نبغي نكوموندي حلويات تقليدية للعرس ومازال ما لقيتش لي يصلحها,find_worker,caterer,synth
ch7al ykalefni najjar pour une journee?,price_inquiry,carpenter,synth
يا جماعة بريز محروڨة ومازال ما لڨيتش لي يصلحها,find_worker,electrician,synth
نبغي نركب تريات في السقف، شكون يعرف تريسيان مليح؟ والله غير حاصل,find_worker,electrician,synth
جاري قالي نسقسي هنا على مول السودير في تيارت,find_worker,welder,synth
3awnouni menage ba3d la fete w rani 7asel,urgent_service,cleaner,synth
شحال نخلص باش نصلح كليمة الطوموبيل ما تبردش؟,price_inquiry,mechanic,synth
سلام، تحياتي ليكم,greeting_chitchat,none,synth
وين نلقى بيتزيريا مليحة في بومرداس؟ والله غير حاصل,out_of_scope,none,synth
restaurant mli7 l le diner f Chlef?,out_of_scope,none,synth
douk dork coiffure a domicile pour le mariage,urgent_service,barber,synth
وين نقرا لانجليزيه في تلمسان؟,out_of_scope,none,synth
combien pour femme de menage l villa kol khemis,price_inquiry,cleaner,synth
svp slm,greeting_chitchat,none,synth
coudre des rideaux occultants l chambre fissa3 svp rabi y7afdkom,urgent_service,tailor,synth
restaurant ghaya l le diner f بليدة?,out_of_scope,none,synth
عندي نحب نخيط ريدوات جداد للبيت في الدار، واش نديار؟,find_worker,tailor,synth
يا خويا عندي مشكلة في الويفي تاع دجيزي,out_of_scope,none,synth
"slm, cc",greeting_chitchat,none,synth
وين نلقى الطلبات لي بعثتهم,app_question,none,synth
parquet mkhareb!! chkoun yji fissa3?,urgent_service,carpenter,synth
ياخو شحال يدير طباخة في جيجل؟,price_inquiry,caterer,synth
صحا، نحفف وندير اللحية عند الدار شكون عندو حل,find_worker,barber,synth
"saha, faux plafond ba13 f salon fissa3 svp",urgent_service,plasterer,synth
3andi clim ma tberredch,find_worker,ac_repair,synth
دلوني على réparateur électroménager شاطر ومعقول,find_worker,appliance_repair,synth
ma l9itch ميكانيكي disponible f ورقلة,find_worker,mechanic,synth
خويا نحتاج أرفف للبيرو شكون يجي يشوفها وشكرا مسبقا,find_worker,carpenter,synth
la peinture t2echret men fadlkom,find_worker,painter,synth
ya kho cas urgent: nettoyage des vitres ta3 villa,urgent_service,cleaner,synth
يا خويا واش نقدر نستعمل التطبيق كضيف بلا كونت؟,app_question,none,synth
سلام، ارجو المساعدة بسرعة، نحب نركب باب رئيسية جديدة,urgent_service,carpenter,synth
الرطوبة گوست البلاكو تاع البيت فيسع فيسع,urgent_service,plasterer,synth
n7awes 3la dentiste mli7 f برج بوعريريج,out_of_scope,none,synth
ma l2itch تريتور disponible f غرداية,find_worker,caterer,synth
win nechri machine a coudre f Biskra?,out_of_scope,none,synth
راني نحوس على مول الطياب في سطيف,find_worker,caterer,synth
ma l2itch sebbagh disponible f Ghardaia,find_worker,painter,synth
شكون عندو نيميرو تاع مول الجبس في باتنة؟,find_worker,plasterer,synth
الله يخليكم الكونجيلاتور ما يجمدش ومقدرتش نلقى حل,urgent_service,appliance_repair,synth
معليش تقولي كيفاش راه الطقس في جيجل؟,out_of_scope,none,synth
ch7al ykalefni tabbakha pour une journee?,price_inquiry,caterer,synth
كيفاش نخدم بهاد التطبيق؟ يعطيكم الصحة,app_question,none,synth
دورك دورك نحب نديار قفص حديد فوق السطح,urgent_service,welder,synth
3lach les notifications ma yjounich? merci,app_question,none,synth
نسيت كلمه السر، واش نديار؟,app_question,none,synth
خويا نحول من وهران للعاصمه ونحتاج نأل العفش شكون يجي يشوفها,find_worker,mover,synth
واش هي الأسعار تاع صباغ في الجزائر العاصمة,price_inquiry,painter,synth
صحا، راني نحوس على مصلح الأجهزة في تلمسان,find_worker,appliance_repair,synth
حالة مستعجلة: نقل تلاجة وماشينة للطابق الثالث,urgent_service,mover,synth
صحا، كيفاش نخدم بهاد التطبيڨ؟,app_question,none,synth
وين نشري الزرع والورد للجنان في ڨسنطينة؟,out_of_scope,none,synth
بليز مول الخياطة في تلمسان دورك دورك، تضييگ الگميجة من الجناب باش تجي على الگد,urgent_service,tailor,synth
reparation grille nta3 fenetre fissa3 svp,urgent_service,welder,synth
من فضلكم واش راك؟,greeting_chitchat,none,synth
من فضلكم السگف تاع البلاكو طاح منو طرف ونحتاج بلاكيست ديركت توا,urgent_service,plasterer,synth
راني نحوس على مول الخياطة في سطيف,find_worker,tailor,synth
الدار فيها الكليمة ناأصها غاز من سيمانة كاملة,find_worker,ac_repair,synth
نحب نعلي حيط الحوش متر زيادة واش نديار,find_worker,mason,synth
صحيت خويا,greeting_chitchat,none,synth
prise ma7rou9a men fadlkom,find_worker,electrician,synth
comment ca marche l'application?,app_question,none,synth
n7awes jardinier ghaya ytayye7li les mauvaises herbes,out_of_scope,none,synth
عندي الطابلة تاع الصالون محتاجة تصليح ونحتاج واحد يصلحهالي,find_worker,carpenter,synth
ya kho wach kayen kwafur 9rib meni f Ouargla?,find_worker,barber,synth
من فضلكم كيفاش نبدل المهنة تاعي في البروفيل؟,app_question,none,synth
ch7al rahi el sa3a? wallah ghir 7asel,out_of_scope,none,synth
عندي الدار محتاجة تنظيف عميڨ ونحتاج واحد يصلحهالي,find_worker,cleaner,synth
يا جماعة يعيشك خويا,greeting_chitchat,none,synth
وين نشري الزرع والورد للجنان في غرداية,out_of_scope,none,synth
nettoyage nta3 dar ba3d le demenagement chkoun 3ando solution,find_worker,cleaner,synth
معليش تقولي كيفاه راه الطقس في Boumerdes؟,out_of_scope,none,synth
شحال راهي الساعة؟ وشكرا مسبقا,out_of_scope,none,synth
drouk dork menage apres travaux,urgent_service,cleaner,synth
واش هي الأسعار تاع مول الحلاڨة في بومرداس؟,price_inquiry,barber,synth
نحتاج مول الكليمة زين في تيزي وزو,find_worker,ac_repair,synth
واش معنى الاشتراك برو للعامل,app_question,none,synth
دورك دورك الديجونكتور يطيح ديما,urgent_service,electrician,synth
nheb sebbak yji lyoum l Chlef,find_worker,plumber,synth
عندي نحتاج تركيب سونيري تاع الباب في الدار، واش نديار؟,find_worker,electrician,synth
casser un mur w n7elou bab chkoun 3ando solution,find_worker,mason,synth
peinture ta3 dar kamla men fadlkom,find_worker,painter,synth
les amis le placo tqawes mel humidité!! chkoun yji fissa3?,urgent_service,plasterer,synth
nheb net3allem la couture kayen des cours? rabi y7afdkom,out_of_scope,none,synth
شكون يركب سگي أوتوماتيك في الجنينة؟,out_of_scope,none,synth
كيفاش نفعل الموڨع باش يلڨاوني العمال,app_question,none,synth
بشحال الخدمة تاع مول الطياب تقريبا؟,price_inquiry,caterer,synth
ya kho ch7al nkhalles bach nsale7 frigo ma ybaredch?,price_inquiry,appliance_repair,synth
نحوس على شقة للكراء في الجزائر العاصمة,out_of_scope,none,synth
دلوني على بنّاء شاطر ومعقول,find_worker,mason,synth
الباب تاع الكوزينة تكسر عاونوني,find_worker,carpenter,synth
واش من فيلم غايا نتفرجو اليوم,out_of_scope,none,synth
demenagement ta3 bureau n7taj déménageur tawa dork,urgent_service,mover,synth
كيفاه نڨيّم العامل بعد الخدمة,app_question,none,synth
ya cheikh nheb net3allem la couture kayen des cours?,out_of_scope,none,synth
ya kho thanks,greeting_chitchat,none,synth
شحال يدير مول الطياب في بسكرة؟,price_inquiry,caterer,synth
عاونوني! نحب نكوموندي حلويات تأليديه للعرس وراني حاصل,urgent_service,caterer,synth
nebghi net3allem la soudure kayen formation,out_of_scope,none,synth
جاري االي نسأسي هنا على مول الكليمة في تيزي وزو,find_worker,ac_repair,synth
interrupteur khasser w ma 3reftch win nrou7,find_worker,electrician,synth
نبغي نشري طوموبيل مستعملة، واش تنصحوني؟,out_of_scope,none,synth
كيفاش نبدل رڨم تيليفوني في الكونت؟ الله يخليك,app_question,none,synth
rani n7awes 3la kahrabji f Tizi Ouzou,find_worker,electrician,synth
بليز فام دو ميناج في باتنة ضركا ضركا، نفض الغبرة ومسح البلاط تاع الفيلا,urgent_service,cleaner,synth
les amis nb7ath 3la babysitter l wladi,out_of_scope,none,synth
fissures kbar fel 7it men fadlkom,find_worker,mason,synth
ميناج أسبوعي للفيلا!! نحتاج واحد يجي فيسع,urgent_service,cleaner,synth
نحوس جنايني يگلم الأشجار تاع الجنان,out_of_scope,none,synth
خويا البانيو مسدود والما ما ينزلش شكون يجي يشوفها,find_worker,plumber,synth
يا شيخ خويا الكليمة تجمد وتحبس وحدها شكون يجي يشوفها,find_worker,ac_repair,synth
وين نقرا لانجليزية في الشلف؟ بارك الله فيكم,out_of_scope,none,synth
وين نلقى بيتزيريا مليحة في برج بوعريريج,out_of_scope,none,synth
عاونوني! نبغي نخيط قندورة للعيد وراني حاصل,urgent_service,tailor,synth
urgence!!! clima t9atter el ma f Batna,urgent_service,ac_repair,synth
cas urgent: cuisine en bois sur mesure,urgent_service,carpenter,synth
جاري قالي نسقسي هنا على طباخة في الجزائر العاصمة,find_worker,caterer,synth
كي نشعل الماشينة يطيح الضو عاونوني بارك الله فيكم,find_worker,electrician,synth
نحب نديار كارلاج جديد في الكوزينة ومازال ما لأيتش لي يصلحها,find_worker,mason,synth
نحوس على شڨة للكراء في الجزائر العاصمة,out_of_scope,none,synth
واش هي الأسعار تاع لي يصلح الماشينات في قسنطينة؟,price_inquiry,appliance_repair,synth
"bonjour, n7awes 3la dentiste mli7 f Constantine",out_of_scope,none,synth
عندي الباب الحديدية خرجت من بلاصتها,find_worker,welder,synth
نحب نخيط قندورة للعيد!! نحتاج واحد يجي فيسع,urgent_service,tailor,synth
ch7al ydir reparateur climatiseur f Tiaret? merci,price_inquiry,ac_repair,synth
svp chkoun rbe7 el match lbare7?,out_of_scope,none,synth
شحال يكلف نحب طباخة تجي تطيب في الدار لمناسبة؟,price_inquiry,caterer,synth
مستعجل: نحتاج مول الجبس اليوم في برج بوعريريج,urgent_service,plasterer,synth
ya kho nheb nechri machine a laver jdida ch7al?,out_of_scope,none,synth
kifah rah el jaw f Ouargla?,out_of_scope,none,synth
combien pour peinture nta3 chambre d'enfants,price_inquiry,painter,synth
wach negder ncancel demande b3aththa? rabi y7afdkom,app_question,none,synth
win nelga pizzeria mli7a f قسنطينة?,out_of_scope,none,synth
cas urgent: reparer les volets ta3 fenetres,urgent_service,carpenter,synth
بونجور,greeting_chitchat,none,synth
نحتاج مول الجبس يجي غدوة الصباح لـ غرداية,find_worker,plasterer,synth
شحال نخلص باش نصلح لاباتري راهي ميتة؟,price_inquiry,mechanic,synth
شحال يدير حلاڨ في بجاية؟,price_inquiry,barber,synth
"3andi porte en fer forgé lel 7ouch, chkoun ye3ref 7addad mli7?",find_worker,welder,synth
nb7ath 3la babysitter l wladi,out_of_scope,none,synth
ياخو عاونوني! الما يقطر من سقف الحمام وراني حاصل,urgent_service,plumber,synth
"svp mason f Bejaia vite, construire un mur fel jardin",urgent_service,mason,synth
عندي نحب نركب لامبات ليد في الدار كامل في الدار، واش نديار؟,find_worker,electrician,synth
je cherche un wa7ed y3aweni f khedma f dar à Chlef ya kho,find_worker,none,synth
نحوس على شقه للكراء في الشلف,out_of_scope,none,synth
ecran nta3 telephone therres win nsal7ou,out_of_scope,none,synth
3andi transport ta3 les affaires l dar jdida,find_worker,mover,synth
wach kayen mason 9rib meni f Ouargla?,find_worker,mason,synth
الدار فيها الفنيترة ما تسكرش زين من سيمانة كاملة,find_worker,carpenter,synth
يعطيك الصحة بارك الله فيكم,greeting_chitchat,none,synth
nebghi coiffeur yji lyoum l Mostaganem,find_worker,barber,synth
بشحال الخدمة تاع نجار تقريبا؟,price_inquiry,carpenter,synth
سلام عليكم,greeting_chitchat,none,synth
svp refaire la dalle nta3 la terrasse 3awnouni,find_worker,mason,synth
يا خويا راني نحوس على خياطة في تيزي وزو,find_worker,tailor,synth
وين نشري ماكينة خياطة جديدة في الشلف؟ يعطيكم الصحة,out_of_scope,none,synth
ch7al nkhalles bach nsale7 retouche pantalon twil?,price_inquiry,tailor,synth
besoin d un mol clima serieux f Chlef,find_worker,ac_repair,synth
caftan lel 3ers fissa3 svp,urgent_service,tailor,synth
بشحال الخدمة تاع واحد يعاونني في خدمة في الدار تقريبا؟,price_inquiry,none,synth
نحوس على شقة للكراء في وهران,out_of_scope,none,synth
ch7al taman bach ndir mur ta3 7ouch mayel?,price_inquiry,mason,synth
عندي نبغي نديار پلاكار على ڨياس ونحتاج واحد يصلحهالي,find_worker,carpenter,synth
chkoun 3ando numero ta3 tabbakha f Ghardaia?,find_worker,caterer,synth
win nel9a pizzeria mli7a f Bejaia?,out_of_scope,none,synth
nebghi مصلح تلاجات yji lyoum l الجزائر العاصمة,find_worker,appliance_repair,synth
شحال نخلص باش نصلح نقل مكتب من وسط المدينة؟,price_inquiry,mover,synth
ch7al taman bach ndir four ma yeskhonch,price_inquiry,appliance_repair,synth
نحتاج كاميو صغير ننقل بيه الأثاث ونحتاج ديمناجور ديركت توا,urgent_service,mover,synth
معليش تأولي كيفاش راه الطأس في باتنة؟,out_of_scope,none,synth
شحال تكلف خدمة: نحب صباغة غرفة الأطفال بألوان شابة؟,price_inquiry,painter,synth
صاحبي نحوس أستاذ يعطي دروس خصوصية في الرياضيات,out_of_scope,none,synth
حالة مستعجلة: الكارلاج تاع الحمام تقلع وولى يجمع الما,urgent_service,mason,synth
شحال تكلف خدمة: السڨف نتاع البلاكو طاح منو طرف؟,price_inquiry,plasterer,synth
يا شيخ تصبحو على خير,greeting_chitchat,none,synth
عاونوني! ريحة كابل محروق وراني حاصل,urgent_service,electrician,synth
les amis wach ne9der ncancel demande b3aththa?,app_question,none,synth
win nel2a pizzeria mli7a f Annaba?,out_of_scope,none,synth
يعطيكم الصحة، نحوس مول البناء ناشط في وهران بارك الله فيكم,find_worker,mason,synth
شحال يكلفني بلومبيي لليوم كامل؟,price_inquiry,plumber,synth
واش كاين شي لي يصلح الماشينات گريب من جيجل,find_worker,appliance_repair,synth
شحال يكلف الباب تاع الكوزينة تكسر؟,price_inquiry,carpenter,synth
les freins ydiro bruit n7taj mecanicien tawa dork w chokran,urgent_service,mechanic,synth
سلام خويا، واش التطبيأ يخدم بلا انترنات؟,app_question,none,synth
عندي حيط الحوش مايل وخايفين يطيح في الدار، واش نديار؟,find_worker,mason,synth
عندي السروال يحتاج تقصير في الدار، واش نديار؟,find_worker,tailor,synth
نحتاج مول الخياطة يجي غدوة الصباح لـ سكيكدة,find_worker,tailor,synth
راني نحوس على واحد يعاونني في خدمة في الدار في Blida,find_worker,none,synth
عندي نديرو مارشات قدام باب الدار ونحتاج واحد يصلحهالي,find_worker,mason,synth
يا خويا دلوني على لي يدير الميناج شاطر ومعقول,find_worker,cleaner,synth
wach n9der nkoun worker w client f meme temps? w chokran,app_question,none,synth
ya kho kifach nes7ab compte ta3i?,app_question,none,synth
3awnouni repeindre la façade ta3 dar w rani 7asel,urgent_service,painter,synth
الله يخليكم الروبيني يقطر ومقدرتش نلقى حل,urgent_service,plumber,synth
يعطيكم الصحة، نحوس خياطة ناشط في بجاية,find_worker,tailor,synth
عندي مشكلة في الويفي نتاع دجيزي,out_of_scope,none,synth
"svp svp mikanisyan f Ghardaia vite, embrayage yzleq",urgent_service,mechanic,synth
nheb net3allem la soudure kayen formation,out_of_scope,none,synth
ndiro des marches qoddam el bab chkoun 3ando solution,find_worker,mason,synth
"svp couturiere f Setif vite, tarqi3 ta3 kachabiya",urgent_service,tailor,synth
extension ta3 dar fissa3 svp,urgent_service,mason,synth
راهي عندي الكوزينيار ما يشعلوش البلاكات تاعو وحاصل,find_worker,appliance_repair,synth
femme de menage teji kol jem3a chkoun 3ando solution,find_worker,cleaner,synth
peinture ta3 dar kamla wach ndir,find_worker,painter,synth
عاونوني! نحب نديار باب حديد للحوش وراني حاصل والله غير حاصل,urgent_service,welder,synth
ch7al ydir wa7ed y3aweni f khedma f dar f Ghardaia?,price_inquiry,none,synth
كيفاه نخدم بهاد التطبيگ,app_question,none,synth
ياخو شحال تكلف خدمة: الحيط فيه شقوق كبار؟,price_inquiry,mason,synth
صاحبي واش هي الأسعار تاع طباخة في بجاية؟,price_inquiry,caterer,synth
يا شيخ سلام,greeting_chitchat,none,synth
"svp khayat f Bejaia vite, tadyi9 ta3 9amidja men jnab ya kho",urgent_service,tailor,synth
نحب نديار مكتبة في الحيط بالبلاكو واش نديار,find_worker,plasterer,synth
rani n7awes 3la خياط f بجاية,find_worker,tailor,synth
chkoun 3ando numero ta3 technicien clim f Jijel? svp,find_worker,ac_repair,synth
جاري ڨالي نسڨسي هنا على مول الصباغة في الجزائر العاصمة,find_worker,painter,synth
je cherche un traiteur à Alger,find_worker,caterer,synth
يا شيخ كيفاش نقيّم العامل بعد الخدمة؟,app_question,none,synth
ch7al taman bach ndir la roue tneffes?,price_inquiry,mechanic,synth
دلوني على خياط شاطر ومعڨول,find_worker,tailor,synth
راهي عندي نبغي صباغة غرفة الأطفال بألوان شابة وحاصل,find_worker,painter,synth
ch7al taman bach ndir femme de menage teji kol jem3a?,price_inquiry,cleaner,synth
c'est quoi l'abonnement pro? wallah ghir 7asel,app_question,none,synth
devis approximatif: les lampes yrigliw wa7edhom?,price_inquiry,electrician,synth
صحا، خويا الطواليت محبوسة والما يطلع شكون يجي يشوفها,find_worker,plumber,synth
يعطيكم الصحة، نحوس ميكانيسيان ناشط في سطيف,find_worker,mechanic,synth
"rani n7awes 3la khedma nekhdemha, kayen des postes? w chokran",out_of_scope,none,synth
trou kbir fel mur en platre chkoun 3ando solution ya kho,find_worker,plasterer,synth
besoin d un sebbagh serieux f Tiaret rabi y7afdkom,find_worker,painter,synth
3awnouni four ma yeskhonch w rani 7asel,urgent_service,appliance_repair,synth
win nechri machine a coudre f قسنطينة,out_of_scope,none,synth
الدار فيها الما حابس في الدار كامل من سيمانة كاملة,find_worker,plumber,synth
urgence!! reparer les volets ta3 fenetres f Blida,urgent_service,carpenter,synth
combien coute un kahrabji,price_inquiry,electrician,synth
3andi transport ta3 piano,find_worker,mover,synth
ch7al nkhalles bach nsale7 machine a laver tejri el ma men ta7t?,price_inquiry,appliance_repair,synth
ya kho combien coute un déménageur?,price_inquiry,mover,synth
lavabo rah mfwiti ... chkoun ysal7hali?,find_worker,plumber,synth
التلاجة تدير صوت غريب!! نحتاج واحد يجي فيسع,urgent_service,appliance_repair,synth
نحب حماية حديد للفنيترات، شكون يعرف سودور مليح؟,find_worker,welder,synth
"saha, n7awes 3la dentiste zin f Batna",out_of_scope,none,synth
le paiement fel appli kifach ykoun,app_question,none,synth
sa7bi kifach nchouf les avis ta3 worker?,app_question,none,synth
ch7al taman bach ndir traiteur pour f tour ramadan,price_inquiry,caterer,synth
الصباغة تقشرت في البيت ونحتاج مول الصباغة ديركت توا,urgent_service,painter,synth
déplacer la clim l chambre okhra ... chkoun ysal7hali?,find_worker,ac_repair,synth
وين كاين أڨرب صيدلية في باتنة؟,out_of_scope,none,synth
salut w chokran,greeting_chitchat,none,synth
حالة مستعجلة: نحب نخيط ريدوات جداد للبيت,urgent_service,tailor,synth
وين نقرا لانجليزية في Blida؟,out_of_scope,none,synth
جاري گالي نسگسي هنا على تريسيان في غرداية,find_worker,electrician,synth
restaurant mli7 l le diner f باتنة?,out_of_scope,none,synth
وين نلقى بيتزيريا مليحة في سطيف؟,out_of_scope,none,synth
نحوس على طبيب أسنان غايا في الشلف,out_of_scope,none,synth
راني نحوس على ميكانيكي في قسنطينة,find_worker,mechanic,synth
ma l2itch mol l placo disponible f Bordj Bou Arreridj w chokran,find_worker,plasterer,synth
toilette bouchée w el ma ytla3 fissa3 svp,urgent_service,plumber,synth
كي نشعل الماشينة يطيح الضو!! نحتاج واحد يجي فيسع,urgent_service,electrician,synth
شحال يكلف رتوش خفيف على روبة السهرة؟ وشكرا مسبڨا,price_inquiry,tailor,synth
"saha, nheb net3allem la couture kayen des cours?",out_of_scope,none,synth
عاونوني! الطوموبيل تدخن دخان كحل وراني حاصل,urgent_service,mechanic,synth
nheb bennay yji lyoum l Tizi Ouzou,find_worker,mason,synth
ndiro des marches goddam el bab wach ndir,find_worker,mason,synth
نحب نتعلم الخياطة واش كاين تكوين قريب؟,out_of_scope,none,synth
وين نقرا لانجليزية في بسكرة؟,out_of_scope,none,synth
des ouvriers ynazlou el 9ach mel 5eme etage w ma 3reftch win nrou7,find_worker,mover,synth
حالة مستعجلة: العجلة تنفّس,urgent_service,mechanic,synth
grille de protection lel fenetres men fadlkom,find_worker,welder,synth
les amis cas urgent: nettoyage ta3 les bureaux,urgent_service,cleaner,synth
win nel9a pizzeria mli7a f Skikda?,out_of_scope,none,synth
دورك دورك طباخة تطيب الشخشوخة لمناسبة,urgent_service,caterer,synth
راهي عندي الفور ما يسخنش وحاصل,find_worker,appliance_repair,synth
win kayen pharmacie qriba f Chlef?,out_of_scope,none,synth
coupe degradé m3a trait,find_worker,barber,synth
gateaux traditionnels lel 3ers wach ndir,find_worker,caterer,synth
صاحبي شكون عندو نيميرو تاع عاملة تنظيف في عنابة؟,find_worker,cleaner,synth
ch7al taman bach ndir decor jebs fel plafond?,price_inquiry,plasterer,synth
ضركا دورك صباغة الأبواب والفنيترات يعطيكم الصحة,urgent_service,painter,synth
الفرينات يديرو صوت يخوف عاونوني,find_worker,mechanic,synth
3andi des ouvriers ynazlou el 9ach mel 5eme etage,find_worker,mover,synth
واش هي الأسعار تاع طباخة في ورڨلة؟,price_inquiry,caterer,synth
besoin d un agent de nettoyage serieux f Annaba,find_worker,cleaner,synth
sa7bi peinture ta3 dar kamla wach ndir,find_worker,painter,synth
عندي الاومبرياج يزلأ في الدار، واش نديار؟,find_worker,mechanic,synth
besoin d un trisyan serieux f Ghardaia,find_worker,electrician,synth
راني نحوس على كهربائي في غرداية,find_worker,electrician,synth
وين نلقى بيتزيريا مليحة في ورقلة؟,out_of_scope,none,synth
cas urgent: coupe pour les enfants avant la rentrée,urgent_service,barber,synth
clim ydir bruit bizarre 3awnouni,find_worker,ac_repair,synth
شحال نخلص باش نصلح الشوفو ما يسخنش الما؟ وشكرا مسبقا,price_inquiry,plumber,synth
نحتاج واحد يعاونني في خدمة في الدار يجي غدوة الصباح لـ بليدة,find_worker,none,synth
depuis 3 jours 3andna traiteur pour mariage 100 personnes,find_worker,caterer,synth
win nel9a pizzeria mli7a f Oran?,out_of_scope,none,synth
chkoun y9asli el gazon ta3 jardin? wallah ghir 7asel,out_of_scope,none,synth
نحتاج ناڨل العفش زين في تلمسان يعطيكم الصحة,find_worker,mover,synth
ميناج أسبوعي للفيلا واش نديار,find_worker,cleaner,synth
راني نحوس على خدمة نخدمها، واش كاين بلايص؟ الله يخليك,out_of_scope,none,synth
البانيو مسدود والما ما ينزلش ونحتاج مول السباكة ديركت ضروك,urgent_service,plumber,synth
كيفاش نشارك في العروض تاع الخدمات؟ الله يخليك,app_question,none,synth
نحب نتعلم الحلاگة باش نحل صالون,out_of_scope,none,synth
الكوزينيار ما يشعلوش البلاكات تاعو عاونوني,find_worker,appliance_repair,synth
ya kho ya3tik saha,greeting_chitchat,none,synth
n7awes 3la dentiste zin f Blida,out_of_scope,none,synth
je cherche un سباك à وهران,find_worker,plumber,synth
شحال يكلف ترقيع الجاكيطة القديمة؟,price_inquiry,tailor,synth
la voiture tdakhen dokhan k7el 3awnouni merci,find_worker,mechanic,synth
سلام خويا، الجنان محتاج تنڨية وڨازون جديد,out_of_scope,none,synth
نحتاج تنظيف الزجاج والفنيترات تاع الفيلا فيسع فيسع,urgent_service,cleaner,synth
repeindre la façade ta3 dar w ma 3reftch win nrou7,find_worker,painter,synth
نحتاج نبدل الكابلاج القديم تاع الدار فيسع فيسع والله غير حاصل,urgent_service,electrician,synth
nettoyage ta3 les bureaux wach ndir,find_worker,cleaner,synth
besoin d un reparateur climatiseur serieux f Oran,find_worker,ac_repair,synth
nettoyage appartement 9bel ma nekriwah n7taj menage tawa dork,urgent_service,cleaner,synth
bn nuit khouya w chokran,greeting_chitchat,none,synth
devis approximatif: la voiture tdakhen dokhan k7el?,price_inquiry,mechanic,synth
douk dork meuble ye7taj tsli7 rabi y7afdkom,urgent_service,carpenter,synth
win nechri gazon w les plantes f بجاية?,out_of_scope,none,synth
الدوش مقطوع الما فيسع فيسع,urgent_service,plumber,synth
"saha, compte guest kifach ykhdem?",app_question,none,synth
ya khouya wach ne9der nesta3mel l appli offline?,app_question,none,synth
نحتاج بلومبيي زين في عنابة,find_worker,plumber,synth
واش كاين شي نجار گريب من گسنطينة؟,find_worker,carpenter,synth
شحال يكلفني لي يصلح الماشينات لليوم كامل؟,price_inquiry,appliance_repair,synth
chkoun 3ando numero ta3 déménageur f Boumerdes?,find_worker,mover,synth
besoin d un ديمناجور serieux f بسكرة,find_worker,mover,synth
ma l9itch طباخة disponible f الشلف,find_worker,caterer,synth
recette ta3 tajine 7lou lel 3id rabi y7afdkom,out_of_scope,none,synth
nheb najjar yji lyoum l Jijel,find_worker,carpenter,synth
وين نلگى بيتزيريا مليحة في وهران؟,out_of_scope,none,synth
السيفون تاع التواليت خسر من فضلكم,find_worker,plumber,synth
nettoyer canapé w moquette w ma 3reftch win nrou7,find_worker,cleaner,synth
واش كاين شي مصلح تلاجات قريب من بليدة,find_worker,appliance_repair,synth
سلام، شحال يكلف الاشتراك في الشهر؟,app_question,none,synth
دلوني على مول السباكة شاطر ومعقول,find_worker,plumber,synth
besoin d un bennay serieux f Bejaia,find_worker,mason,synth
3andi extension ta3 dar,find_worker,mason,synth
"3andi lavabo rah mfwiti, chkoun ye3ref sebbak mli7?",find_worker,plumber,synth
ya cheikh n7awes 3la appartement l kra f الشلف,out_of_scope,none,synth
dork dork baignoire msdouda svp,urgent_service,plumber,synth
les amis n7awes jardinier mli7 ytayye7li les mauvaises herbes,out_of_scope,none,synth
nebghi menuisier yji lyoum l Ghardaia,find_worker,carpenter,synth
تصبحو على خير بارك الله فيكم,greeting_chitchat,none,synth
trou kbir fel mur en platre n7taj plaquiste tawa douk,urgent_service,plasterer,synth
ch7al nkhalles bach nsale7 la clim tjamed w t7bes wa7edha?,price_inquiry,ac_repair,synth
الدار فيها البالوعة مسدودة من سيمانة كاملة,find_worker,plumber,synth
شحال نخلص باش نصلح التلاجة ما تبردش والمأكلة تخسر؟,price_inquiry,appliance_repair,synth
الكونجيلاتور ما يجمدش!! نحتاج واحد يجي فيسع,urgent_service,appliance_repair,synth
عندي نفض الغبرة ومسح البلاط تاع الفيلا في الدار، واش نديار؟,find_worker,cleaner,synth
ya cheikh nbi3 telephone samsung presque jdid,out_of_scope,none,synth
راهي عندي تقصير الكم تاع القميجة وحاصل,find_worker,tailor,synth
نسيت كلمة السر، واش نديار؟ يعطيكم الصحة,app_question,none,synth
nbeddel couleur nta3 salon wach ndir,find_worker,painter,synth
عندي طباخة لحفلة النجاح ونحتاج واحد يصلحهالي,find_worker,caterer,synth
cloture en fer te7taj soudure n7taj soudeur tawa dork,urgent_service,welder,synth
kifach nactivi la localisation fel appli? ya kho,app_question,none,synth
بليز بلاكيست في عنابة دورك دورك، نحب نديار مكتبة في الحيط بالبلاكو,urgent_service,plasterer,synth
"slm, bslema",greeting_chitchat,none,synth
seche-linge khasser ... chkoun ysal7hali?,find_worker,appliance_repair,synth
coiffure ta3 la mariée a domicile ... chkoun ysal7hali?,find_worker,barber,synth
devis approximatif: clim ma tberredch,price_inquiry,ac_repair,synth
صاحبي تحياتي ليكم,greeting_chitchat,none,synth
n7awes 3la dentiste ghaya f Tlemcen,out_of_scope,none,synth
واش الأحوال,greeting_chitchat,none,synth
combien coute un peintre?,price_inquiry,painter,synth
wach negder nesta3mel l appli offline?,app_question,none,synth
ma l9itch soudeur disponible f Jijel svp,find_worker,welder,synth
يعطيك الصحه,greeting_chitchat,none,synth
svp clim ma tberredch ... chkoun ysal7hali?,find_worker,ac_repair,synth
ضروك دورك تنظيف الموكيت والكناپي,urgent_service,cleaner,synth
نحتاج عمال ينزلولي العفش من الطابق الخامس شكون عندو حل,find_worker,mover,synth
شحال تكلف خدمة: الكشابية محتاجة ترقيع؟,price_inquiry,tailor,synth
ya cheikh compte guest kifach ykhdem?,app_question,none,synth
كيفاش نخدم بهاد التطبيڨ؟,app_question,none,synth
نحب نشري ماشينة صابون جديدة شحال السوم؟ يعطيكم الصحة,out_of_scope,none,synth
كي نشعل الماشينة يطيح الضو,find_worker,electrician,synth
je cherche un déménageur à Tiaret,find_worker,mover,synth
kifach nchouf les avis ta3 worker?,app_question,none,synth
واش هي الأسعار تاع طباخة في باتنة؟ الله يخليك,price_inquiry,caterer,synth
coiffeur yji l dar men fadlkom,find_worker,barber,synth
عندي الباب الحديدية خرجت من بلاصتها في الدار، واش نديار,find_worker,welder,synth
وين نشري ماكينة خياطة جديدة في Constantine؟ الله يخليك,out_of_scope,none,synth
شحال تكلف خدمة: ترقيع الجاكيطة القديمة؟,price_inquiry,tailor,synth
rani n7awes 3la wa7ed y3aweni f khedma f dar f Biskra,find_worker,none,synth
devis approximatif: nbeddel couleur ta3 salon?,price_inquiry,painter,synth
مستعجل: نحتاج فام دو ميناج اليوم في عنابة,urgent_service,cleaner,synth
ma l9itch soudor disponible f Tiaret,find_worker,welder,synth
خويا الفور ما يسخنش شكون يجي يشوفها,find_worker,appliance_repair,synth
الله يخليكم ريحة كابل محروق ومقدرتش نلقى حل,urgent_service,electrician,synth
depuis 3 jours 3andna grille de protection lel fenetres,find_worker,welder,synth
depuis 3 jours 3andna peindre le plafond,find_worker,painter,synth
ch7al taman bach ndir femme de menage l villa kol khemis,price_inquiry,cleaner,synth
"slm, douk dork le carrelage nta3 hammam t9alla3",urgent_service,mason,synth
fermeture eclair ta3 veste khasra fissa3 svp,urgent_service,tailor,synth
وين نلأى تكوين في النجارة,out_of_scope,none,synth
wach kayen wa7ed y3aweni f khedma f dar 2rib meni f Jijel?,find_worker,none,synth
ch7al ykalefni demenageur pour une journee?,price_inquiry,mover,synth
urgence!!! retouche nta3 costume f Biskra,urgent_service,tailor,synth
وين نلقى الطلبات لي بعثتهم؟,app_question,none,synth
نبغي نشري ماشينة صابون جديدة شحال السوم؟,out_of_scope,none,synth
الفرينات يديرو صوت يخوف فيسع فيسع,urgent_service,mechanic,synth
راني نحوس على خدمه نخدمها، واش كاين بلايص؟,out_of_scope,none,synth
تنظيف الفور والتلاجة والكوزينة الكل قبل رمضان فيسع فيسع الله يخليك,urgent_service,cleaner,synth
يا خويا واش نقدر نلغي طلب بعثتو؟,app_question,none,synth
سلام خويا، واش نأدر نلغي طلب بعثتو؟,app_question,none,synth
راني نحوس على منوزيي في تلمسان ياخو,find_worker,carpenter,synth
traiteur pour f tour ramadan fissa3 svp,urgent_service,caterer,synth
سلام، عندي نحتاج عمال ينزلولي العفش من الطابق الخامس في الدار، واش نديار؟,find_worker,mover,synth
combien pour four ma yeskhonch?,price_inquiry,appliance_repair,synth
واش كاين شي كوافور قريب من بومرداس,find_worker,barber,synth
نقدر نلقى plombier يجي اليوم لـ Setif؟,find_worker,plumber,synth
"bonjour, svp peintre f Tizi Ouzou vite, repeindre la façade ta3 dar",urgent_service,painter,synth
وين كاين أقرب صيدلية في Setif؟,out_of_scope,none,synth
شحال تكلف خدمة: راسي شعث بزاف ونحتاج نحفف؟,price_inquiry,barber,synth
شحال يدير ميكانيكي في بومرداس؟,price_inquiry,mechanic,synth
ياخو يعطيك الصحة,greeting_chitchat,none,synth
واش هي الأسعار نتاع سباك في وهران؟,price_inquiry,plumber,synth
سلام خويا، شحال نخلص باش نصلح نحب نكوموندي حلويات تگليدية للعرس؟,price_inquiry,caterer,synth
win kayen pharmacie 2riba f Oran?,out_of_scope,none,synth
نحتاج تنظيف الدار قبل ما نسكنو فيها واش نديار,find_worker,cleaner,synth
"3andi nettoyage profond, chkoun ye3ref femme de ménage mli7?",find_worker,cleaner,synth
le placo tqawes mel humidité men fadlkom,find_worker,plasterer,synth
ch7al ydir خياط f عنابة?,price_inquiry,tailor,synth
عاونوني! نحتاج مرا تعاون ماما في قضيان الدار وراني حاصل يعطيكم الصحة,urgent_service,cleaner,synth
نحوس على طبيب أسنان مليح في تيزي وزو,out_of_scope,none,synth
شكون عندو نيميرو تاع najjar في Ghardaia؟,find_worker,carpenter,synth
depuis 3 jours 3andna cloture nta3 jardin,find_worker,mason,synth
الدار فيها التلاجة تدير صوت غريب من سيمانة كاملة,find_worker,appliance_repair,synth
sbagha ta3 les portes 3awnouni,find_worker,painter,synth
ch7al ykalefni plombi pour une journee? w chokran,price_inquiry,plumber,synth
نحتاج منوزيي غايا في ورگلة,find_worker,carpenter,synth
n7awes 3la appartement l kra f Tiaret,out_of_scope,none,synth
الماشينة تاع الصابون تجري الما من تحت ونحتاج مصلح الأجهزة ديركت توا,urgent_service,appliance_repair,synth
repeindre la façade nta3 dar,find_worker,painter,synth
شحال السوم تاع ميكانيسيان؟,price_inquiry,mechanic,synth
"3andi tableau electrique qdim, chkoun ye3ref kahrabji mli7?",find_worker,electrician,synth
نحوس على شقة للكراء في بجاية,out_of_scope,none,synth
البيسي تاعي ولا ثقيل بزاف واش نديار؟,out_of_scope,none,synth
rani n7awes 3la coiffeur f Constantine,find_worker,barber,synth
وين نشري الزرع والورد للجنان في سكيكدة؟,out_of_scope,none,synth
chkoun 3ando numero nta3 electricien f Tizi Ouzou,find_worker,electrician,synth
nheb سباك yji lyoum l بومرداس,find_worker,plumber,synth
الجبس تاع السقف تشقق ومحتاج تصليح شكون عندو حل وشكرا مسبقا,find_worker,plasterer,synth
les amis ch7al taman bach ndir nbeddel couleur ta3 salon?,price_inquiry,painter,synth
win nechri des plaques ba13 en gros? ya kho,out_of_scope,none,synth
يا خويا كيفاش نشارك في العروض نتاع الخدمات؟,app_question,none,synth
بشحال الخدمة تاع 7addad تقريبا؟ يعطيكم الصحة,price_inquiry,welder,synth
صاحبي كيفاش نڨيّم العامل بعد الخدمة؟,app_question,none,synth
عندي نحب نبدل الروبينات تاع الكوزينة في الدار، واش نديار؟,find_worker,plumber,synth
"j'ai oublié mon mot de passe, wach ndir? w chokran",app_question,none,synth
عندي نحتاج نتوايا وصيانة الكليمة ڨبل الصيف في الدار، واش نديار؟,find_worker,ac_repair,synth
عندي مشكلة في الويفي تاع دجيزي بارك الله فيكم,out_of_scope,none,synth
بليز مول الكليمة في تيارت دورك دورك، الكليمة تطلق ريحة كريهة,urgent_service,ac_repair,synth
نحتاج حلاأ يجي غدوة الصباح لـ ورألة,find_worker,barber,synth
سلام خويا، كيفاش نزيد تصاور لخدماتي؟,app_question,none,synth
راني نحوس على واحد يعاونني في خدمة في الدار في باتنة,find_worker,none,synth
الدار فيها نديرو درابزين حديد للدرج من سيمانة كاملة,find_worker,welder,synth
شحال السوم تاع مول السباكه؟,price_inquiry,plumber,synth
سگف الغاراج طايح منو الاسمنت وباين الحديد، شكون يعرف ماصون مليح؟,find_worker,mason,synth
تصبحو على خير ياخو,greeting_chitchat,none,synth
chkoun 3ando numero ta3 réparateur électroménager f Alger,find_worker,appliance_repair,synth
la clim tjamed w t7bes wa7edha men fadlkom,find_worker,ac_repair,synth
الكليمة ناقصها غاز!! نحتاج واحد يجي فيسع,urgent_service,ac_repair,synth
humidité fel mur n7taj mason tawa dork,urgent_service,mason,synth
chkoun 3ando numero ta3 soudeur f Tiaret,find_worker,welder,synth
"svp plakist f Bordj Bou Arreridj vite, cloison placo bach n9assmou la chambre",urgent_service,plasterer,synth
يا خويا نحب نتعلم الخياطة واش كاين تكوين قريب؟,out_of_scope,none,synth
wach ne9der ncancel demande b3aththa? w chokran,app_question,none,synth
kifach neb3et demande de service? rabi y7afdkom,app_question,none,synth
cloison placo bach n9assmou la chambre n7taj مول الجبس tawa dork,urgent_service,plasterer,synth
sa7bi chkoun 3ando numero ta3 peintre f Bordj Bou Arreridj?,find_worker,painter,synth
شحال السوم تاع فام دو ميناج؟,price_inquiry,cleaner,synth
"svp mol clima f Jijel vite, clim tetlok ri7a khayba",urgent_service,ac_repair,synth
repas ta3 khetana jour el jem3a w ma 3reftch win nrou7,find_worker,caterer,synth
واش هي الأسعار تاع تقني كليماتيزور في الجزائر العاصمة؟,price_inquiry,ac_repair,synth
بليز نجار في جيجل ضروك ضروك، نبغي نديار پلاكار على گياس,urgent_service,carpenter,synth
restaurant mli7 l le diner f Skikda?,out_of_scope,none,synth
kifach rah el jaw f Alger?,out_of_scope,none,synth
fuite d'eau f la cuisine!! chkoun yji fissa3?,urgent_service,plumber,synth
wach kayen بلومبيي 2rib meni f تلمسان?,find_worker,plumber,synth
sa7bi salam,greeting_chitchat,none,synth
نحوس على طبيب أسنان مليح في جيجل,out_of_scope,none,synth
نحب نديار فو بلافون بلاكو في الصالون ومازال ما لقيتش لي يصلحها,find_worker,plasterer,synth
restaurant ghaya l le diner f Batna?,out_of_scope,none,synth
يا جماعة واش من فيلم غايا نتفرجو اليوم؟,out_of_scope,none,synth
كيفاش نڨيّم العامل بعد الخدمة؟,app_question,none,synth
سلام خويا، نبدلو الدار الشهر الجاي ونحتاجو نأل الأش شكون عندو حل,find_worker,mover,synth
شحال يكلف نحتاج تريتور لفطور رمضان لعائلة كبيرة؟,price_inquiry,caterer,synth
يا شيخ نبغي طباخة تجي تطيب في الدار لمناسبة عاونوني,find_worker,caterer,synth
شحال تكلف خدمة: الفرينات يديرو صوت يخوف؟,price_inquiry,mechanic,synth
وين نڨرا لانجليزية في عنابة؟,out_of_scope,none,synth
واش كاين شي صباغ قريب من بومرداس؟,find_worker,painter,synth
ya khouya je cherche un réparateur électroménager à Jijel,find_worker,appliance_repair,synth
يا جماعة نحب نتعلم الخياطة واش كاين تكوين قريب؟,out_of_scope,none,synth
عندي نهدمو حيط ونحلو باب في الدار، واش نديار؟,find_worker,mason,synth
راهي عندي نبغي نديار باب حديد للحوش وحاصل,find_worker,welder,synth
chkoun 3ando numero ta3 plombi f Batna?,find_worker,plumber,synth
واش كاين شي نجار گريب من غرداية؟,find_worker,carpenter,synth
بليز مول الضو في ورقلة دورك دورك، نحتاج نبدل الكابلاج القديم تاع الدار,urgent_service,electrician,synth
sa7bi je cherche un wa7ed y3aweni f khedma f dar à تيارت,find_worker,none,synth
بشحال الخدمة تاع bennay تقريبا؟,price_inquiry,mason,synth
الله يخليكم نبغي نفصل كوستيم على قياسي ومقدرتش نلقى حل,urgent_service,tailor,synth
كيفاش نبدل المهنة تاعي في البروفيل,app_question,none,synth
tabbakha tji ttayeb f dar,find_worker,caterer,synth
chkoun y9asli el gazon nta3 jardin? rabi y7afdkom,out_of_scope,none,synth
يا شيخ واش الخلاص يكون كاش ولا بالكارطة؟,app_question,none,synth
راهي عندي ترقيع السروال لي تقطع من الركبة وحاصل,find_worker,tailor,synth
عاونوني! الجبس نتاع البيت طاح مع الشتا وراني حاصل,urgent_service,plasterer,synth
3andi mochkla f wifi ta3 djezzy ya kho,out_of_scope,none,synth
chkoun 3ando numero ta3 demenageur f Tlemcen?,find_worker,mover,synth
changer la fermeture ta3 pantalon men fadlkom,find_worker,tailor,synth
moteur yeskhon yasser 3awnouni,find_worker,mechanic,synth
comment ca marche l'application? wallah ghir 7asel,app_question,none,synth
3awnouni porte en fer forgé lel 7ouch w rani 7asel,urgent_service,welder,synth
شحال يدير صباغ في الجزائر العاصمة؟,price_inquiry,painter,synth
ch7al ydir wa7ed y3aweni f khedma f dar f Boumerdes? ya kho,price_inquiry,none,synth
sa7bi rani n7awes 3la mol clima f Oran,find_worker,ac_repair,synth
devis approximatif: trou kbir fel mur en platre?,price_inquiry,plasterer,synth
ياخو ارجو المساعدة بسرعة، التلاجة ما تبردش والمأكلة تخسر,urgent_service,appliance_repair,synth
مستعجل: نحتاج تقني كليماتيزور اليوم في تلمسان,urgent_service,ac_repair,synth
ارجو المساعدة بسرعة، نحب نديار كوزينة خشب على ڨياس,urgent_service,carpenter,synth
من فضلكم نحب نشري طوموبيل مستعملة، واش تنصحوني؟,out_of_scope,none,synth
ch7al taman bach ndir cloison ba13 avec porte?,price_inquiry,plasterer,synth
شحال يكلف تنظيف الدار بعد العرس؟,price_inquiry,cleaner,synth
ديمناجمون كامل للدار,find_worker,mover,synth
تحفيفة وتدريج شاب للولد شكون عندو حل,find_worker,barber,synth
ch7al ykalefni electricien pour une journee?,price_inquiry,electrician,synth
combien coute un plombier? ya kho,price_inquiry,plumber,synth
chokran,greeting_chitchat,none,synth
كيفاش نمسح الحساب تاعي؟ الله يخليك,app_question,none,synth
combien pour transport ta3 les affaires l dar jdida?,price_inquiry,mover,synth
عندي نبغي نديار مكتبة في الحيط بالبلاكو في الدار، واش نديار؟,find_worker,plasterer,synth
"saha, urgence!! clim ta3 tonobil ma tberredch f وهران",urgent_service,mechanic,synth
combien coute un demenageur? merci,price_inquiry,mover,synth
سلام خويا، شكرا على المساعدة,greeting_chitchat,none,synth
شحال نخلص باش نصلح حففلي راسي ديغراديه؟,price_inquiry,barber,synth
win nechri gazon w les plantes f Ghardaia,out_of_scope,none,synth
من فضلكم ضركا دورك جبس السقف طايح شوية شوية,urgent_service,plasterer,synth
نحوس على ريسطورون زين للعشاء في مستغانم,out_of_scope,none,synth
location camion m3a demenageurs 3awnouni,find_worker,mover,synth
صاحبي عاونوني! راسي شعث بزاف ونحتاج نحفف وراني حاصل,urgent_service,barber,synth
"saha, nheb tabbakha yji lyoum l Tiaret",find_worker,caterer,synth
les prix ta3 cuisiniere f Tizi Ouzou?,price_inquiry,caterer,synth
سلام خويا، الفرينات يديرو صوت يخوف ونحتاج ميكانيسيان ديركت توا,urgent_service,mechanic,synth
يا شيخ واش نقدر نستعمل التطبيق كضيف بلا كونت؟,app_question,none,synth
rani n7awes 3la cuisiniere f Biskra,find_worker,caterer,synth
besoin d un demenageur serieux f Blida,find_worker,mover,synth
نحتاج مول الجبس مليح في ورڨلة,find_worker,plasterer,synth
يا خويا الدار فيها نگل تلاجة وماشينة للطابگ الثالث من سيمانة كاملة,find_worker,mover,synth
الكشابية محتاجة ترگيع من فضلكم,find_worker,tailor,synth
نحوس على طبيب أسنان مليح في تيارت,out_of_scope,none,synth
installation sonnette ta3 el bab ... chkoun ysal7hali?,find_worker,electrician,synth
nheb najjar yji lyoum l Mostaganem,find_worker,carpenter,synth
combien pour coiffure a domicile pour le mariage?,price_inquiry,barber,synth
راني نحوس على couturier في Setif,find_worker,tailor,synth
decor jebs fel plafond n7taj mol l placo tawa dork,urgent_service,plasterer,synth
نقل عفش عروسة عاونوني,find_worker,mover,synth
بشحال الخدمة نتاع mol l placo تڨريبا؟,price_inquiry,plasterer,synth
cas urgent: location camion m3a demenageurs,urgent_service,mover,synth
embrayage yzle9,find_worker,mechanic,synth
عندي فو بلافون مع اضاءة مخبية ونحتاج واحد يصلحهالي,find_worker,plasterer,synth
عندي مشكله في الويفي تاع دجيزي,out_of_scope,none,synth
البيسي تاعي ولا ثقيل بزاف واش نديار؟ ياخو,out_of_scope,none,synth
عندي حففلي راسي ديغراديه في الدار، واش نديار؟,find_worker,barber,synth
صاحبي مساء الخير,greeting_chitchat,none,synth
ch7al ydir مول البناء f بليدة?,price_inquiry,mason,synth
ch7al ydir wa7ed y3aweni f khedma f dar f Annaba?,price_inquiry,none,synth
la roue tneffes ... chkoun ysal7hali?,find_worker,mechanic,synth
installation chauffe-eau jdid!! chkoun yji fissa3,urgent_service,plumber,synth
دورك دورك الما يقطر من سقف الحمام,urgent_service,plumber,synth
يعطيكم الصحة، نحوس لي يصلح الكليمة ناشط في عنابة,find_worker,ac_repair,synth
دورك دورك صباغة الأبواب والفنيترات,urgent_service,painter,synth
depuis 3 jours 3andna nettoyage w entretien ta3 la clim,find_worker,ac_repair,synth
نحوس على شقة للكراء في بليدة والله غير حاصل,out_of_scope,none,synth
tabbakha lel 3ers!!! chkoun yji fissa3?,urgent_service,caterer,synth
بشحال الخدمة تاع تريتور تگريبا؟,price_inquiry,caterer,synth
placo avec spots led ... chkoun ysal7hali?,find_worker,plasterer,synth
nettoyage appartement 9bel ma nekriwah chkoun 3ando solution,find_worker,cleaner,synth
عندي ضو تاع الموتور شاعل في الطابلو ونحتاج واحد يصلحهالي,find_worker,mechanic,synth
ch7al nkhalles bach nsale7 machine a laver ma tkhdemch?,price_inquiry,appliance_repair,synth
ma l9itch kahrabji disponible f Alger,find_worker,electrician,synth
الله يخليكم الفور ما يسخنش ومقدرتش نلقى حل,urgent_service,appliance_repair,synth
عندي نديرو درابزين حديد للدرج ونحتاج واحد يصلحهالي وشكرا مسبقا,find_worker,welder,synth
ya cheikh nebghi net3allem la couture kayen des cours?,out_of_scope,none,synth
fissures kbar fel 7it,find_worker,mason,synth
depuis 3 jours 3andna toilette bouchée w el ma ytla3,find_worker,plumber,synth
chakhchoukha l mounasba fissa3 svp,urgent_service,caterer,synth
micro-onde mat men fadlkom,find_worker,appliance_repair,synth
يعطيكم الصحة، نحوس صباغ ناشط في بومرداس,find_worker,painter,synth
شكرا بزاف ياخو,greeting_chitchat,none,synth
svp recette nta3 couscous svp,out_of_scope,none,synth
واش هي الأسعار تاع لي يصلح الكليمة في تيزي وزو؟,price_inquiry,ac_repair,synth
العجلة تنفّس,find_worker,mechanic,synth
خويا الطوموبيل ما تحبش تشعل شكون يجي يشوفها,find_worker,mechanic,synth
كيفاش نمسح الحساب تاعي,app_question,none,synth
3awnouni degradé lel weld w rani 7asel,urgent_service,barber,synth
ch7al nkhalles bach nsale7 coupe pour les enfants avant la rentrée?,price_inquiry,barber,synth
يا شيخ كسكسي لخمسين نفر لصدگة عاونوني,find_worker,caterer,synth
شكون عندو نيميرو تاع مول الكليمة في تيزي وزو؟,find_worker,ac_repair,synth
نحوس على ريسطورون مليح للعشاء في Boumerdes,out_of_scope,none,synth
سلام خويا، نحتاج مول البلاكو يجي غدوة الصباح لـ بليدة,find_worker,plasterer,synth
نقدر نلقى عاملة تنظيف يجي اليوم لـ وهران؟,find_worker,cleaner,synth
بشحال الخدمة نتاع مول الخياطة تڨريبا؟ ياخو,price_inquiry,tailor,synth
يعطيكم الصحة، نحوس لي يصلح الماشينات ناشط في تيارت,find_worker,appliance_repair,synth
عندي صباغة الأبواب والفنيترات ونحتاج واحد يصلحهالي الله يخليك,find_worker,painter,synth
نحب نركب لامبات ليد في الدار كامل ونحتاج مول الضو ديركت توا,urgent_service,electrician,synth
cas urgent: faux plafond avec lumiere indirecte,urgent_service,plasterer,synth
n7awes 3la dentiste mli7 f Constantine,out_of_scope,none,synth
besoin d un sebbagh serieux f Annaba,find_worker,painter,synth
واش هي الأسعار تاع مول الميكانيك في جيجل؟,price_inquiry,mechanic,synth
ch7al taman bach ndir nkhayet gandoura lel 3id?,price_inquiry,tailor,synth
balustrade lel balcon w ma 3reftch win nrou7,find_worker,welder,synth
combien coute un plakist?,price_inquiry,plasterer,synth
يا خويا راهي عندي نحتاج نتوايا وصيانة الكليمة قبل الصيف وحاصل,find_worker,ac_repair,synth
ma lqitch reparateur machine a laver disponible f Alger,find_worker,appliance_repair,synth
عاونوني! نبغي نديار باب حديد للحوش وراني حاصل,urgent_service,welder,synth
واش هي الأسعار نتاع منوزيي في جيجل؟,price_inquiry,carpenter,synth
installation clim jdida men fadlkom,find_worker,ac_repair,synth
ياخو سلام,greeting_chitchat,none,synth
wach kayen wa7ed y3aweni f khedma f dar grib meni f Tizi Ouzou?,find_worker,none,synth
عندي نحب نبدل بلاصة الكليمة ونحتاج واحد يصلحهالي,find_worker,ac_repair,synth
ya kho recette nta3 couscous svp,out_of_scope,none,synth
نحب نبدل بلاصة الكليمة، شكون يعرف تقني كليماتيزور مليح؟,find_worker,ac_repair,synth
ch7al ydir wa7ed y3aweni f khedma f dar f مستغانم? w chokran,price_inquiry,none,synth
بليز مول الجبس في الجزائر العاصمة دوك دوك، فو بلافون مع اضاءة مخبية,urgent_service,plasterer,synth
cloture en fer te7taj soudure chkoun 3ando solution,find_worker,welder,synth
ch7al taman bach ndir des etageres l biro?,price_inquiry,carpenter,synth
ch7al nkhalles bach nsale7 caftan lel 3ers? svp,price_inquiry,tailor,synth
demenagement men Oran l Alger,find_worker,mover,synth
نحوس على شقة للكراء في سطيف,out_of_scope,none,synth
وين نڨرا لانجليزية في غرداية؟,out_of_scope,none,synth
coupe + barbe w contour ... chkoun ysal7hali?,find_worker,barber,synth
besoin d un trisyan serieux f Setif,find_worker,electrician,synth
ta7fifa lel 3id chkoun 3ando solution,find_worker,barber,synth
sa7bi les murs mkharbchin ye7tajo enduit 3awnouni,find_worker,painter,synth
soudure ta3 porte metallique w ma 3reftch win nrou7,find_worker,welder,synth
شكون عندو نيميرو نتاع خياط في مستغانم؟,find_worker,tailor,synth
urgence!! pression ta3 el ma dai3fa bezzaf f Ghardaia,urgent_service,plumber,synth
يا شيخ ربي يحفظكم,greeting_chitchat,none,synth
شحال تكلف خدمة: نحب نخيط جبة قسنطينية للعرس؟,price_inquiry,tailor,synth
نحب نتعلم الخياطة واش كاين تكوين گريب؟,out_of_scope,none,synth
معليش تقولي كيفاه راه الطقس في Setif؟,out_of_scope,none,synth
location camion m3a demenageurs wach ndir merci,find_worker,mover,synth
win kayen pharmacie griba f Tlemcen?,out_of_scope,none,synth
ch7al taman bach ndir les lampes yrigliw wa7edhom,price_inquiry,electrician,synth
شحال يكلفني sebbak لليوم كامل؟ ياخو,price_inquiry,plumber,synth
مستعجل: نحتاج لحّام اليوم في الشلف,urgent_service,welder,synth
chkoun 3ando numero ta3 mol l placo f Bordj Bou Arreridj?,find_worker,plasterer,synth
خويا نقل الحوايج من الدار القديمة للجديدة شكون يجي يشوفها,find_worker,mover,synth
ضركا دورك نحتاج تنظيف الزجاج والفنيترات تاع الفيلا,urgent_service,cleaner,synth
la clim ma tsakhanch f chta chkoun 3ando solution,find_worker,ac_repair,synth
كيفاش نزيد تصاور لخدماتي؟ يعطيكم الصحة,app_question,none,synth
يا شيخ شحال تكلف خدمة: نحتاج تنظيف الدار گبل ما نسكنو فيها؟,price_inquiry,cleaner,synth
besoin d un femme de ménage serieux f Ghardaia,find_worker,cleaner,synth
ch7al ykalefni traiteur pour une journee,price_inquiry,caterer,synth
نبغي نديار قفص حديد فوق السطح، شكون يعرف مول السودير مليح؟,find_worker,welder,synth
voyant moteur allumé fel tableau chkoun 3ando solution,find_worker,mechanic,synth
ارجو المساعدة بسرعة، نحب نديار كوزينة خشب على قياس,urgent_service,carpenter,synth
"bonjour, ch7al rahi el sa3a?",out_of_scope,none,synth
les amis rampe d escalier en fer!! chkoun yji fissa3?,urgent_service,welder,synth
wach kayen cuisiniere 9rib meni f Tlemcen? wallah ghir 7asel,find_worker,caterer,synth
مستعجل: نحتاج تريسيان اليوم في وهران,urgent_service,electrician,synth
ch7al ydir مول الصباغة f بسكرة?,price_inquiry,painter,synth
bonjour ya kho,greeting_chitchat,none,synth
"3andi reparer les volets ta3 fenetres, chkoun ye3ref menuisier mli7?",find_worker,carpenter,synth
واش هي الأسعار تاع مول الميكانيك في باتنة؟,price_inquiry,mechanic,synth
واش التطبيق يخدم بلا انترنات؟ الله يخليك,app_question,none,synth
sa7bi wach n9der nkoun worker w client f meme temps?,app_question,none,synth
السروال طويل ونحب نقصرو، شكون يعرف couturiere مليح؟,find_worker,tailor,synth
wach ne9der nesta3mel l appli offline? rabi y7afdkom,app_question,none,synth
la chape ta3 les chambres gbel le parquet n7taj ماصون tawa dork,urgent_service,mason,synth
nebghi peintre yji lyoum l Ghardaia,find_worker,painter,synth
drari y7afffo 9bel l3id,find_worker,barber,synth
nheb electricien yji lyoum l Blida,find_worker,electrician,synth
صحا، سلام عليكم,greeting_chitchat,none,synth
خويا ديمناجمون كامل للدار شكون يجي يشوفها,find_worker,mover,synth
واش كاين شي مول الصباغة ڨريب من بسكرة؟,find_worker,painter,synth
wesh rak? svp,greeting_chitchat,none,synth
kifah nbeddel numero ta3i f compte,app_question,none,synth
ch7al rahi el sa3a,out_of_scope,none,synth
restaurant mli7 l le diner f Batna? rabi y7afdkom,out_of_scope,none,synth
"svp trisyan f Boumerdes vite, compteur yti7 ki nch3el la clim w le four ensemble",urgent_service,electrician,synth
3lach les notifications ma yjounich? wallah ghir 7asel,app_question,none,synth
wach ne9der nesta3mel l appli offline? svp,app_question,none,synth
ارجو المساعدة بسرعة، تنظيف الدار بعد العرس,urgent_service,cleaner,synth
بليز reparateur machine a laver في Boumerdes دورك دورك، التلاجة تدير صوت غريب يعطيكم الصحة,urgent_service,appliance_repair,synth
"bonjour, 3andi fenetre ma tetsakkarch mli7",find_worker,carpenter,synth
من فضلكم ارجو المساعدة بسرعة، نحب صباغة غرفة الأطفال بألوان شابة,urgent_service,painter,synth
وين كاين أگرب صيدلية في الشلف؟,out_of_scope,none,synth
نحب بورطاي حديد للغاراج فيسع فيسع,urgent_service,welder,synth
يا شيخ وين كاين أقرب صيدلية في Constantine؟,out_of_scope,none,synth
chkoun rbe7 el match lbare7? w chokran,out_of_scope,none,synth
نحب نتعلم الخياطة واش كاين تكوين قريب؟ ياخو,out_of_scope,none,synth
cas urgent: la chasse d'eau khasra,urgent_service,plumber,synth
نديرو درابزين حديد للدرج من فضلكم,find_worker,welder,synth
chkoun ygasli el gazon ta3 jardin,out_of_scope,none,synth
nettoyage profond chkoun 3ando solution,find_worker,cleaner,synth
drari y7afffo 9bel l3id fissa3 svp,urgent_service,barber,synth
wach kayen peintre 2rib meni f Oran?,find_worker,painter,synth
win kayen pharmacie griba f Tiaret?,out_of_scope,none,synth
عاونوني! نحتاج طياب للوليمة نهار السبت وراني حاصل,urgent_service,caterer,synth
خويا حفرة كبيرة في حيط الجبس شكون يجي يشوفها,find_worker,plasterer,synth
شحال نخلص باش نصلح الميكروند مات؟,price_inquiry,appliance_repair,synth
نقدر نلقى لي يدير الميناج يجي اليوم لـ غرداية؟,find_worker,cleaner,synth
شحال يكلفني مصلح الأجهزة لليوم كامل؟,price_inquiry,appliance_repair,synth
واش معنى الاشتراك برو للعامل؟ بارك الله فيكم,app_question,none,synth
recette ta3 tajine 7lou lel 3id ya kho,out_of_scope,none,synth
شكون عندو نيميرو تاع ميكانيسيان في بسكرة؟,find_worker,mechanic,synth
ma lgitch soudor disponible f Tiaret,find_worker,welder,synth
وين نلأى الطلبات لي بعثتهم؟ يعطيكم الصحة,app_question,none,synth
وين نشري ماكينة خياطة جديدة في سطيف,out_of_scope,none,synth
drouk dork portail ta3 garage mkasser,urgent_service,welder,synth
chkoun 3ando numero nta3 reparateur machine a laver f Ghardaia?,find_worker,appliance_repair,synth
بشحال الخدمة تاع مول الميكانيك تگريبا؟,price_inquiry,mechanic,synth
مستعجل: نحتاج مول الخياطة اليوم في بجاية,urgent_service,tailor,synth
devis approximatif: decor jebs fel plafond?,price_inquiry,plasterer,synth
nebghi net3allem la soudure kayen formation?,out_of_scope,none,synth
راهي عندي نغطيو البيام تاع البلافون بالجبس وحاصل,find_worker,plasterer,synth
يا خويا نحوس جنايني يڨلم الأشجار تاع الجنان,out_of_scope,none,synth
يعطيكم الصحة، نحوس مول الصباغة ناشط في سكيكدة ياخو,find_worker,painter,synth
عندي الشوفو ما يسخنش الما في الدار، واش نديار,find_worker,plumber,synth
combien coute un menuisier? svp,price_inquiry,carpenter,synth
نحوس على شقة للكراء في Bejaia,out_of_scope,none,synth
وين نشري الزرع والورد للجنان في بليدة؟ يعطيكم الصحة,out_of_scope,none,synth
kifah rah el jaw f Chlef? rabi y7afdkom,out_of_scope,none,synth
وين نشري ماكينة خياطة جديدة في ورقلة؟,out_of_scope,none,synth
جاري قالي نسقسي هنا على مصلح الأجهزه في تيارت,find_worker,appliance_repair,synth
wach kayen couturier 9rib meni f Oran,find_worker,tailor,synth
les prix ta3 لي يصلح الماشينات f تيزي وزو?,price_inquiry,appliance_repair,synth
وين كاين أأرب صيدلية في Oran؟ والله غير حاصل,out_of_scope,none,synth
الجنان محتاج تنگيه وگازون جديد,out_of_scope,none,synth
depuis 3 jours 3andna pression nta3 el ma dai3fa bezzaf,find_worker,plumber,synth
واش راهي أخبار الماتش تاع البارح,out_of_scope,none,synth
اللافيسال تحبس في نص البروغرام ومازال ما لقيتش لي يصلحها,find_worker,appliance_repair,synth
"3andi nettoyage ta3 dar ba3d le demenagement, chkoun ye3ref agent de nettoyage mli7?",find_worker,cleaner,synth
compte guest kifach ykhdem,app_question,none,synth
صحا، شحال يكلفني مول السباكة لليوم كامل؟,price_inquiry,plumber,synth
دورك دورك حلاقة في الدار لشيخ كبير ما يقدرش يخرج,urgent_service,barber,synth
fuite d'eau f la cuisine,find_worker,plumber,synth
dalle jdida n7taj بنّاء tawa dorka,urgent_service,mason,synth
حالة مستعجلة: نحتاج نركب سخان الما جديد,urgent_service,plumber,synth
les amis les prix ta3 maçon f Skikda?,price_inquiry,mason,synth
ارجو المساعدة بسرعة، نحب نكوموندي حلويات تڨليدية للعرس,urgent_service,caterer,synth
disjoncteur yti7 kol chwiya,find_worker,electrician,synth
sa7bi location camion m3a demenageurs wach ndir,find_worker,mover,synth
خويا طباخة تطيب الشخشوخة لمناسبة شكون يجي يشوفها,find_worker,caterer,synth
يا شيخ نحتاج طاكسي للمطار غدوة الصباح,out_of_scope,none,synth
svp win nel9a les demandes li b3aththom?,app_question,none,synth
"svp svp femme de ménage f Blida vite, femme de menage teji kol jem3a",urgent_service,cleaner,synth
مستعجل: نحتاج منوزيي اليوم في سكيكدة,urgent_service,carpenter,synth
كيفاه نبدل رڨم تيليفوني في الكونت؟ ياخو,app_question,none,synth
sa7bi chkoun 3ando numero ta3 réparateur électroménager f Blida?,find_worker,appliance_repair,synth
les prix nta3 peintre f Jijel?,price_inquiry,painter,synth
الدار فيها تنظيف الدار بعد العرس من سيمانة كاملة,find_worker,cleaner,synth
ya khouya kifach rah el jaw f Biskra?,out_of_scope,none,synth
نقدر نلقى صباغ يجي اليوم لـ عنابة؟,find_worker,painter,synth
ya cheikh nheb soudor yji lyoum l Tlemcen,find_worker,welder,synth
الفور ما يسخنش,find_worker,appliance_repair,synth
نحوس على ريسطورون مليح للعشاء في بجاية,out_of_scope,none,synth
الكليمة ما تسخنش في الشتا فيسع فيسع,urgent_service,ac_repair,synth
ya kho hhhh chaba,greeting_chitchat,none,synth
نحوس أستاذ يعطي دروس خصوصية في الرياضيات,out_of_scope,none,synth
شحال تكلف خدمة: نبغي نديار قفص حديد فوق السطح؟ والله غير حاصل,price_inquiry,welder,synth
واش كاين شي barbier قريب من Bordj Bou Arreridj؟ الله يخليك,find_worker,barber,synth
les amis nheb menage yji lyoum l Skikda,find_worker,cleaner,synth
كيفاه نقيّم العامل بعد الخدمة؟,app_question,none,synth
صاحبي كيفاش نشارك في العروض نتاع الخدمات؟,app_question,none,synth
ch7al taman bach ndir casser un mur w n7elou bab?,price_inquiry,mason,synth
تصليح سودير في السلم الحديدي من فضلكم,find_worker,welder,synth
بشحال الخدمة تاع تريسيان تقريبا؟,price_inquiry,electrician,synth
شكون عندو نيميرو نتاع تريسيان في ورقلة؟,find_worker,electrician,synth
3andi lavabo rah mfwiti,find_worker,plumber,synth
ma lgitch électricien disponible f Chlef,find_worker,electrician,synth
ياخو كيفاش نديار كونت فيسبوك؟,out_of_scope,none,synth
تصبحو على خير وشكرا مسبقا,greeting_chitchat,none,synth
عندي نحب نديار كوزينة خشب على قياس في الدار، واش نديار؟,find_worker,carpenter,synth
شحال يكلفني مصلح تلاجات لليوم كامل؟,price_inquiry,appliance_repair,synth
بليز مول السباكة في الشلف دورك دورك، گنوات الما تاع الدار گدام يسگطو,urgent_service,plumber,synth
نحب نتعلم الحلاقة باش نحل صالون,out_of_scope,none,synth
"slm, win kayen pharmacie 9riba f الجزائر العاصمة?",out_of_scope,none,synth
les prix nta3 menage f Batna? w chokran,price_inquiry,cleaner,synth
rani n7awes 3la déménageur f Skikda,find_worker,mover,synth
حففلي راسي ديغراديه عاونوني,find_worker,barber,synth
ya khouya kifach neb3et demande de service?,app_question,none,synth
c'est quoi l'abonnement pro,app_question,none,synth
صاحبي ارجو المساعدة بسرعة، نحتاج تريتور لفطور رمضان لعائلة كبيرة,urgent_service,caterer,synth
الله يخليكم تريتور للختانة نهار الجمعة ومقدرتش نلقى حل,urgent_service,caterer,synth
شحال يدير حلاق في وهران؟,price_inquiry,barber,synth
ma l9itch reparateur climatiseur disponible f Oran,find_worker,ac_repair,synth
نحب حماية حديد للفنيترات من فضلكم,find_worker,welder,synth
hhhh chaba,greeting_chitchat,none,synth
نحتاج traiteur مليح في Ouargla,find_worker,caterer,synth
ارجو المساعدة بسرعة، كليمة الطوموبيل ما تبردش,urgent_service,mechanic,synth
"les amis j'ai oublié mon mot de passe, wach ndir?",app_question,none,synth
ههههه شابه,greeting_chitchat,none,synth
نحوس على ريسطورون مليح للعشاء في قسنطينة,out_of_scope,none,synth
win nechri machine a coudre f Bejaia?,out_of_scope,none,synth
شحال يدير مول الكليمة في تيزي وزو؟,price_inquiry,ac_repair,synth
"3andi congelateur ma yjamedch, chkoun ye3ref مصلح تلاجات mli7?",find_worker,appliance_repair,synth
شحال يكلف نحب نركب تريات في السقف؟,price_inquiry,electrician,synth
واش كاين شي منوزيي گريب من بسكره؟,find_worker,carpenter,synth
مستعجل: نحتاج كوافور اليوم في سكيكدة,urgent_service,barber,synth
je cherche un soudeur à Alger,find_worker,welder,synth
عاونوني! نحب نبني حيط في الجنان وراني حاصل,urgent_service,mason,synth
معليش تقولي كيفاش راه الطقس في Ouargla؟,out_of_scope,none,synth
sa7bi moteur yeskhon yasser w ma 3reftch win nrou7,find_worker,mechanic,synth
ya khouya cc,greeting_chitchat,none,synth
"ya kho j'ai oublié mon mot de passe, wach ndir?",app_question,none,synth
نقدر نلقى مول البناء يجي اليوم لـ تلمسان؟ الله يخليك,find_worker,mason,synth
يا شيخ خويا نحب صباغة غرفة الأطفال بألوان شابة شكون يجي يشوفها,find_worker,painter,synth
نحوس على ريسطورون مليح للعشاء في Bejaia,out_of_scope,none,synth
خويا تريتور للختانة نهار الجمعة شكون يجي يشوفها,find_worker,caterer,synth
سلام، بليز حلاق في برج بوعريريج دورك دورك، نحتاج حلاق للعريس صباح العرس,urgent_service,barber,synth
واش الأحوال؟ وشكرا مسبقا,greeting_chitchat,none,synth
نحتاج déménageur مليح في Oran,find_worker,mover,synth
شكون عندو نيميرو تاع مول الطياب في سكيكدة؟,find_worker,caterer,synth
يا شيخ شحال السوم تاع واحد يعاونني في خدمة في الدار؟,price_inquiry,none,synth
صباغة الأبواب والفنيترات!! نحتاج واحد يجي فيسع وشكرا مسبأا,urgent_service,painter,synth
"bonjour, slm",greeting_chitchat,none,synth
combien pour nbeddel les robinets nta3 cuisine?,price_inquiry,plumber,synth
bn nuit khouya,greeting_chitchat,none,synth
win nechri machine a coudre f Jijel?,out_of_scope,none,synth
depuis 3 jours 3andna la clim naqesha gaz,find_worker,ac_repair,synth
nebghi bennay yji lyoum l Skikda,find_worker,mason,synth
وين نقرا لانجليزية في Batna؟,out_of_scope,none,synth
نقدر نلقى واحد يعاونني في خدمة في الدار يجي اليوم لـ باتنة؟,find_worker,none,synth
cas urgent: nheb ndir porte blindée,urgent_service,welder,synth
3andi soudure ta3 porte metallique,find_worker,welder,synth
عندي نأل عفش عروسة,find_worker,mover,synth
سلام خويا، واش الخلاص يكون كاش ولا بالكارطة؟,app_question,none,synth
ch7al ykalefni coiffeur pour une journee?,price_inquiry,barber,synth
cas urgent: n9el les meubles l dar jdida,urgent_service,mover,synth
svp n9el machine a laver l etage wach ndir,find_worker,mover,synth
ياخو البيسي تاعي ولا ثقيل بزاف واش نديار؟,out_of_scope,none,synth
couscous l 50 personnes lel sadaga n7taj مول الطياب tawa dorka rabi y7afdkom,urgent_service,caterer,synth
cloture en fer te7taj soudure men fadlkom,find_worker,welder,synth
صحا، واش معنى الاشتراك برو للعامل؟,app_question,none,synth
سلام عليكم وشكرا مسبقا,greeting_chitchat,none,synth
نحوس على شقة للكراء في ورقلة,out_of_scope,none,synth
"svp khayat f Chlef vite, tar9i3 nta3 serwal met9atta3 men rokba",urgent_service,tailor,synth
ch7al taman bach ndir serwal twil nheb n9assrou?,price_inquiry,tailor,synth
الله يخليكم الصباغة تقشرت في البيت ومقدرتش نلقى حل,urgent_service,painter,synth
restaurant mli7 l le diner f Blida?,out_of_scope,none,synth
نحتاج تنظيف الدار ڨبل ما نسكنو فيها واش نديار,find_worker,cleaner,synth
"3andi faux plafond ba13 f salon, chkoun ye3ref بلاكيست mli7?",find_worker,plasterer,synth
سلام عليكم والله غير حاصل,greeting_chitchat,none,synth
واش التطبيق يخدم بلا انترنات؟ ياخو,app_question,none,synth
placard sur mesure n7taj منوزيي tawa dork,urgent_service,carpenter,synth
les prix ta3 electricien f Blida?,price_inquiry,electrician,synth
وين نشري الزرع والورد للجنان في قسنطينة؟,out_of_scope,none,synth
الدار فيها نحب نديار كوزينة خشب على قياس من سيمانة كاملة الله يخليك,find_worker,carpenter,synth
sa7bi ch7al taman bach ndir gateaux traditionnels lel 3ers?,price_inquiry,caterer,synth
الجبس نتاع البيت طاح مع الشتا,find_worker,plasterer,synth
كيفاه نبعث طلب خدمة؟ الله يخليك,app_question,none,synth
كيفاه نفعل الموڨع باش يلڨاوني العمال؟,app_question,none,synth
صاحبي السياج الأخضر تاع الجنان يحتاج تڨليم,out_of_scope,none,synth
les lampes yrigliw wa7edhom chkoun 3ando solution,find_worker,electrician,synth
"bonjour, win nechri gazon w les plantes f Constantine?",out_of_scope,none,synth
كيفاش نشوف تقييمات العامل قبل ما نخدم معاه,app_question,none,synth
"les amis svp traiteur f Tizi Ouzou vite, traiteur pour f tour ramadan",urgent_service,caterer,synth
n7awes 3la dentiste mli7 f Mostaganem,out_of_scope,none,synth
سگف الغاراج طايح منو الاسمنت وباين الحديد واش نديار,find_worker,mason,synth
devis approximatif: baignoire msdouda,price_inquiry,plumber,synth
ارجو المساعدة بسرعة، الجبس تاع السڨف تشڨڨ ومحتاج تصليح,urgent_service,plasterer,synth
شحال يدير plombi في Tiaret؟,price_inquiry,plumber,synth
chakhchoukha l mounasba 3awnouni,find_worker,caterer,synth
مستعجل: نحتاج طباخة اليوم في برج بوعريريج,urgent_service,caterer,synth
ch7al ykalefni sebbagh pour une journee,price_inquiry,painter,synth
شحال نخلص باش نصلح نحب نركب لافابو جديد في الحمام؟,price_inquiry,plumber,synth
win nechri machine a coudre f Bordj Bou Arreridj,out_of_scope,none,synth
win nel9a pizzeria mli7a f سطيف,out_of_scope,none,synth
واش معنى الاشتراك برو للعامل؟ وشكرا مسبقا,app_question,none,synth
dorka dork nbeddel couleur ta3 salon,urgent_service,painter,synth
ya kho ch7al rahi el sa3a?,out_of_scope,none,synth
واش كاين شي منوزيي قريب من برج بوعريريج؟,find_worker,carpenter,synth
recharge gaz ta3 la clim wach ndir,find_worker,ac_repair,synth
شحال يكلفني mol l placo لليوم كامل؟,price_inquiry,plasterer,synth
sa7bi combien pour la peinture t9echret?,price_inquiry,painter,synth
"bonjour, win nel9a les demandes li b3aththom?",app_question,none,synth
besoin d un reparateur machine a laver serieux f Blida,find_worker,appliance_repair,synth
صاحبي شحال يدير réparateur électroménager في Tiaret؟,price_inquiry,appliance_repair,synth
win nechri gazon w les plantes f بليدة?,out_of_scope,none,synth
ya khouya dork dork n9el les meubles l dar jdida,urgent_service,mover,synth
واش هي الأسعار تاع مول الكليمة في بجاية؟,price_inquiry,ac_repair,synth
ch7al taman bach ndir transport ta3 piano?,price_inquiry,mover,synth
ya khouya ma l9itch peintre disponible f Tlemcen,find_worker,painter,synth
recette ta3 tajine 7lou lel 3id merci,out_of_scope,none,synth
devis approximatif: meuble tv en placo fel mur?,price_inquiry,plasterer,synth
ياخو نحوس على ريسطورون مليح للعشاء في Tizi Ouzou,out_of_scope,none,synth
cas urgent: la clim na9esha gaz,urgent_service,ac_repair,synth
ta7fifa lel 3id w ma 3reftch win nrou7 w chokran,find_worker,barber,synth
تصبحو على خير والله غير حاصل,greeting_chitchat,none,synth
شحال يكلف الاشتراك في الشهر؟ والله غير حاصل,app_question,none,synth
douk dork escalier en bois yzegzeg,urgent_service,carpenter,synth
les prix ta3 mikanisyan f Bordj Bou Arreridj,price_inquiry,mechanic,synth
les prix ta3 déménageur f Bordj Bou Arreridj,price_inquiry,mover,synth
شحال نخلص باش نصلح نصب دالة جديدة؟,price_inquiry,mason,synth
نقل مكتب من وسط المدينة!! نحتاج واحد يجي فيسع,urgent_service,mover,synth
الدار فيها الماشينة تاع الصابون تجري الما من تحت من سيمانة كاملة وشكرا مسبقا,find_worker,appliance_repair,synth
عندي نحتاج تريتور لفطور رمضان لعائلة كبيرة,find_worker,caterer,synth
cas urgent: refaire le carrelage ta3 cuisine,urgent_service,mason,synth
كيفاه نبدل المهنة تاعي في البروفيل,app_question,none,synth
kifah nzid des photos l khedmti? ya kho,app_question,none,synth
frigo ydir bruit bizarre fissa3 svp,urgent_service,appliance_repair,synth
نبغي نتعلم الخياطة واش كاين تكوين ڨريب؟,out_of_scope,none,synth
سلام خويا، سلام عليكم,greeting_chitchat,none,synth
شعري طويل ونحب تحفيفة ديغراديه، شكون يعرف coiffeur مليح؟,find_worker,barber,synth
nettoyage w entretien ta3 la clim 3awnouni,find_worker,ac_repair,synth
سلام، عندي نقل بيانو من الطابق الرابع في الدار، واش نديار؟,find_worker,mover,synth
نگدر نلگى تريتور يجي اليوم لـ بليدة؟,find_worker,caterer,synth
سلام، كيفاش نبدل المهنة تاعي في البروفيل؟,app_question,none,synth
نحتاج منوزيي مليح في تلمسان,find_worker,carpenter,synth
"svp reparateur climatiseur f Bordj Bou Arreridj vite, clim tetlok ri7a khayba",urgent_service,ac_repair,synth
واش كاين شي مول السودير قريب من تيزي وزو؟,find_worker,welder,synth
السياج الأخضر نتاع الجنان يحتاج تقليم بارك الله فيكم,out_of_scope,none,synth
nheb net3allem la soudure kayen formation?,out_of_scope,none,synth
coiffure a domicile pour le mariage 3awnouni,find_worker,barber,synth
"bonjour, bonjour",greeting_chitchat,none,synth
دلوني على مصلح تلاجات شاطر ومعقول,find_worker,appliance_repair,synth
سلام، واش نقدر نلغي طلب بعثتو؟,app_question,none,synth
urgence!! cuisiniere ma tech3elch f Mostaganem,urgent_service,appliance_repair,synth
comment ca marche l'application? rabi y7afdkom,app_question,none,synth
حالة مستعجلة: الكوزينيار ما يشعلوش البلاكات تاعو,urgent_service,appliance_repair,synth
changer le cablage 9dim 3awnouni,find_worker,electrician,synth
jebs nta3 plafond tah chwiya wach ndir,find_worker,plasterer,synth
واش نگدر نستعمل التطبيگ كضيف بلا كونت؟,app_question,none,synth
نگل بيانو من الطابگ الرابع فيسع فيسع,urgent_service,mover,synth
jebs ta3 plafond tah chwiya n7taj mol l placo tawa dork,urgent_service,plasterer,synth
refaire la dalle ta3 la terrasse 3awnouni,find_worker,mason,synth
واش كاين شي ناقل العفش قريب من الشلف,find_worker,mover,synth
دورك دورك كاين رطوبة وتڨشير في سڨف البيت,urgent_service,painter,synth
كليمة الطوموبيل ما تبردش عاونوني,find_worker,mechanic,synth
عاونوني! نحتاج عمال ينزلولي العفش من الطابق الخامس وراني حاصل,urgent_service,mover,synth
la peinture t9echret 3awnouni,find_worker,painter,synth
je cherche un mikanisyan à Batna,find_worker,mechanic,synth
صحا، حالة مستعجلة: الجبس نتاع البيت طاح مع الشتا,urgent_service,plasterer,synth
عندي كاين رطوبة وتقشير في سقف البيت في الدار، واش نديار؟,find_worker,painter,synth
شحال تكلف خدمة: البورطاي ما عادش يتسكر مليح؟,price_inquiry,welder,synth
يعطيكم الصحة، نحوس لحّام ناشط في بومرداس,find_worker,welder,synth
سلام خويا، عندي مشكلة في الويفي تاع دجيزي,out_of_scope,none,synth
فويت دو تحت اللافابو فيسع فيسع,urgent_service,plumber,synth
واش كاين شي خياط اريب من ورألة,find_worker,tailor,synth
كيفاش نشوف تڨييمات العامل ڨبل ما نخدم معاه,app_question,none,synth
واش هي الأسعار تاع صباغ في بسكرة,price_inquiry,painter,synth
combien pour femme de menage teji kol jem3a?,price_inquiry,cleaner,synth
سلام خويا، نحوس وصفة طاجين حلو للعيد,out_of_scope,none,synth
سلام خويا، واش نقدر نلغي طلب بعثتو؟,app_question,none,synth
ارجو المساعدة بسرعة، نبغي بورطاي حديد للغاراج,urgent_service,welder,synth
svp compte guest kifach ykhdem?,app_question,none,synth
شحال السوم تاع soudeur؟,price_inquiry,welder,synth
الطوموبيل تحبس في نص الطريگ عاونوني,find_worker,mechanic,synth
من فضلكم واش راهي أخبار الماتش تاع البارح؟,out_of_scope,none,synth
urgence!! extension ta3 dar f Tlemcen,urgent_service,mason,synth
la voiture tdakhen dokhan k7el n7taj mikanisyan tawa dork,urgent_service,mechanic,synth
nheb 7addad yji lyoum l Annaba,find_worker,welder,synth
"bonjour, la voiture t7bes f nos tri9 wach ndir",find_worker,mechanic,synth
صحا، واش التطبيق يخدم بلا انترنات؟,app_question,none,synth
بشحال الخدمة تاع couturier تقريبا؟,price_inquiry,tailor,synth
ارجو المساعدة بسرعة، نحب نزيد بريزة جديدة في البيرو,urgent_service,electrician,synth
ya kho cloison ba13 avec porte n7taj مول الجبس tawa dork,urgent_service,plasterer,synth
تصليح سودير في السلم الحديدي ومازال ما لقيتش لي يصلحها,find_worker,welder,synth
نحتاج couturier يجي غدوة الصباح لـ Boumerdes,find_worker,tailor,synth
ch7al taman bach ndir clim tetlok ri7a khayba?,price_inquiry,ac_repair,synth
win nel9a pizzeria mli7a f Ghardaia?,out_of_scope,none,synth
واش الخلاص يكون كاش ولا بالكارطة,app_question,none,synth
خويا السروال يحتاج تقصير شكون يجي يشوفها,find_worker,tailor,synth
نبغي نتعلم الحلاڨة باش نحل صالون,out_of_scope,none,synth
صاحبي واش نقدر نخدم كعامل وكليان في نفس الوقت؟,app_question,none,synth
win nel9a pizzeria mli7a f Annaba?,out_of_scope,none,synth
شحال يكلف نحتاج عمال ينزلولي العفش من الطابق الخامس؟,price_inquiry,mover,synth
شحال السوم تاع دهان؟,price_inquiry,painter,synth
شحال يكلفني مول الميكانيك لليوم كامل؟,price_inquiry,mechanic,synth
الدار فيها البورطاي ما عادش يتسكر غايا من سيمانة كاملة,find_worker,welder,synth
cas urgent: compteur yti7 ki nch3el la clim w le four ensemble,urgent_service,electrician,synth
reparation grille ta3 fenetre w ma 3reftch win nrou7,find_worker,welder,synth
ya kho win kayen pharmacie 9riba f Chlef?,out_of_scope,none,synth
شحال نخلص باش نصلح الدار محتاجة تنظيف عميق؟,price_inquiry,cleaner,synth
repeindre la façade ta3 dar ... chkoun ysal7hali?,find_worker,painter,synth
الانتيريتور خسر ما يشعلش الضو ومازال ما لقيتش لي يصلحها,find_worker,electrician,synth
nheb déménageur yji lyoum l Skikda,find_worker,mover,synth
porte mkessra men fadlkom,find_worker,carpenter,synth
les amis rani n7awes 3la couturiere f Annaba,find_worker,tailor,synth
يا جماعة ههههه شابة,greeting_chitchat,none,synth
ch7al prix ta3 abonnement par mois? w chokran,app_question,none,synth
ch7al ydir تقني كليماتيزور f ورقلة?,price_inquiry,ac_repair,synth
depuis 3 jours 3andna peinture ta3 chambre d'enfants,find_worker,painter,synth
les prix ta3 réparateur électroménager f Setif?,price_inquiry,appliance_repair,synth
"3andi retouche w tadyiq ta3 roba, chkoun ye3ref مول الخياطة mli7?",find_worker,tailor,synth
شحال يكلف نحتاج نتوايا وصيانة الكليمة ڨبل الصيف؟ وشكرا مسبڨا,price_inquiry,ac_repair,synth
واش نقدر نخدم كعامل وكليان في نفس الوقت؟ وشكرا مسبقا,app_question,none,synth
شحال يدير كهربائي في باتنة,price_inquiry,electrician,synth
placo avec spots led wach ndir,find_worker,plasterer,synth
عندي جبس السڨف طايح شوية شوية ونحتاج واحد يصلحهالي,find_worker,plasterer,synth
les prix ta3 peintre f Alger?,price_inquiry,painter,synth
restaurant mli7 l le diner f Tiaret?,out_of_scope,none,synth
"saha, faux plafond avec lumiere indirecte chkoun 3ando solution",find_worker,plasterer,synth
"slm, thanks",greeting_chitchat,none,synth
نحوس على ريسطورون زين للعشاء في الشلف,out_of_scope,none,synth
نحتاج نبدل الكابلاج القديم تاع الدار من فضلكم,find_worker,electrician,synth
الكليمة ما تبردش عاونوني,find_worker,ac_repair,synth
placo avec spots led 3awnouni,find_worker,plasterer,synth
نحتاج كوافور يجي للدار نهار العرس ومازال ما لقيتش لي يصلحها,find_worker,barber,synth
nettoyage ta3 dar ba3d le demenagement n7taj menage tawa drouk,urgent_service,cleaner,synth
"3andi jebs ta3 plafond tah chwiya, chkoun ye3ref plakist mli7?",find_worker,plasterer,synth
ch7al ydir reparateur machine a laver f Blida? rabi y7afdkom,price_inquiry,appliance_repair,synth
الكوزينيار ما يشعلوش البلاكات تاعو من فضلكم,find_worker,appliance_repair,synth
سلام خويا، نحتاج بلومبيي مليح في باتنة,find_worker,plumber,synth
سلام خويا، وين نلڨى بيتزيريا مليحة في ورڨلة؟,out_of_scope,none,synth
عاونوني! نحتاج صباغة السقف وراني حاصل,urgent_service,painter,synth
نحوس على شقة للكراء في جيجل,out_of_scope,none,synth
نحتاج electricien مليح في Blida,find_worker,electrician,synth
الدار فيها راسي شعث ياسر ونحتاج نحفف من سيمانة كاملة الله يخليك,find_worker,barber,synth
nheb لحّام yji lyoum l تيارت,find_worker,welder,synth
peinture ta3 chambre d'enfants fissa3 svp,urgent_service,painter,synth
جاري گالي نسگسي هنا على فام دو ميناج في بومرداس,find_worker,cleaner,synth
ya kho cc,greeting_chitchat,none,synth
vidange w les filtres men fadlkom,find_worker,mechanic,synth
الكليمة ما تسخنش في الشتا، شكون يعرف تگني كليماتيزور مليح؟ ياخو,find_worker,ac_repair,synth
ch7al nkhalles bach nsale7 voyant moteur allumé fel tableau?,price_inquiry,mechanic,synth
devis approximatif: cuisiniere ma tech3elch,price_inquiry,appliance_repair,synth
"3andi couscous l 50 personnes lel sadaqa, chkoun ye3ref tabbakha mli7?",find_worker,caterer,synth
بشحال الخدمة تاع مصلح الأجهزة تقريبا؟,price_inquiry,appliance_repair,synth
شحال نخلص باش نصلح الجبس تاع البيت طاح مع الشتا؟,price_inquiry,plasterer,synth
حالة مستعجلة: نبدلو الدار الشهر الجاي ونحتاجو نقل القش,urgent_service,mover,synth
البلاط نتاع الساحة تحرك وتكسر عاونوني,find_worker,mason,synth
dork dork peinture ta3 dar kamla,urgent_service,painter,synth
kifach nbeddel numero ta3i f compte? svp,app_question,none,synth
راهي عندي نڨل بيانو من الطابڨ الرابع وحاصل,find_worker,mover,synth
صحا، وين نشري ماكينة خياطة جديدة في بليدة؟,out_of_scope,none,synth
seche-linge khasser w ma 3reftch win nrou7,find_worker,appliance_repair,synth
الموتور يسخن بزاف شكون عندو حل,find_worker,mechanic,synth
الدار فيها الكليمة تجري الما من الداخل من سيمانة كاملة يعطيكم الصحة,find_worker,ac_repair,synth
نحتاج 7addad مليح في Mostaganem,find_worker,welder,synth
وين نلڨى تكوين في النجارة,out_of_scope,none,synth
يعطيكم الصحة، نحوس cuisiniere ناشط في Bordj Bou Arreridj,find_worker,caterer,synth
wach ne9der ncancel demande b3aththa? svp,app_question,none,synth
nbi3 telephone samsung presque jdid ya kho,out_of_scope,none,synth
"j'ai oublié mon mot de passe, wach ndir? svp",app_question,none,synth
شكون عندو نيميرو تاع لي يصلح الماشينات في عنابة؟,find_worker,appliance_repair,synth
شحال السوم تاع مول الميكانيك,price_inquiry,mechanic,synth
تنظيف الفور والتلاجة والكوزينة الكل قبل رمضان ونحتاج agent de nettoyage ديركت توا,urgent_service,cleaner,synth
les prix ta3 demenageur f Alger?,price_inquiry,mover,synth
وين نقرا لانجليزية في تيارت؟,out_of_scope,none,synth
راسي شعث بزاف ونحتاج نحفف,find_worker,barber,synth
راني نحوس على خدمة نخدمها، واش كاين بلايص؟ بارك الله فيكم,out_of_scope,none,synth
نحوس على ريسطورون مليح للعشاء في مستغانم بارك الله فيكم,out_of_scope,none,synth
des etageres l biro,find_worker,carpenter,synth
four ma yeskhonch n7taj reparateur machine a laver tawa dork,urgent_service,appliance_repair,synth
يا جماعة تقصير الكم تاع القميجة من فضلكم,find_worker,tailor,synth
svp kifach neb3et demande de service?,app_question,none,synth
devis approximatif: la clim na9esha gaz?,price_inquiry,ac_repair,synth
نحوس على ريسطورون مليح للعشاء في مستغانم,out_of_scope,none,synth
chkoun 3ando numero ta3 mecanicien f Alger?,find_worker,mechanic,synth
دلوني على طباخة شاطر ومعقول,find_worker,caterer,synth
win nechri gazon w les plantes f Alger?,out_of_scope,none,synth
ya kho 3lach les notifications ma yjounich?,app_question,none,synth
3awnouni batterie morte w rani 7asel,urgent_service,mechanic,synth
ههههه شابة,greeting_chitchat,none,synth
porte en fer forgé lel 7ouch n7taj soudeur tawa drouk,urgent_service,welder,synth
dork dork grille de protection lel fenetres,urgent_service,welder,synth
نحب نركب باب رئيسيه جديده!! نحتاج واحد يجي فيسع,urgent_service,carpenter,synth
الباب نتاع الكوزينة تكسر من فضلكم,find_worker,carpenter,synth
يعطيكم الصحة، نحوس عاملة تنظيف ناشط في جيجل,find_worker,cleaner,synth
"svp mécanicien f Bordj Bou Arreridj vite, la voiture t7bes f nos tri9",urgent_service,mechanic,synth
chkoun ygasli el gazon nta3 jardin?,out_of_scope,none,synth
وين كاين أقرب صيدلية في تيارت؟,out_of_scope,none,synth
kifach n3ayet l worker apres la mission?,app_question,none,synth
دلوني على kahrabji شاطر ومعقول,find_worker,electrician,synth
وين نقرا لانجليزية في تيزي وزو؟,out_of_scope,none,synth
دورك دورك نحب نديار پلاكار على قياس,urgent_service,carpenter,synth
راني نحوس على سودور في الشلف,find_worker,welder,synth
wesh rak?,greeting_chitchat,none,synth
kifach rah el jaw f Oran?,out_of_scope,none,synth
devis approximatif: grand menage ta3 printemps?,price_inquiry,cleaner,synth
واش كاين شي لي يصلح الماشينات اريب من بليدة,find_worker,appliance_repair,synth
شكون عندو نيميرو تاع منوزيي في عنابة؟,find_worker,carpenter,synth
lampe techmel w tetfa wa7edha fissa3 svp,urgent_service,electrician,synth
نحب نركب لامبات ليد في الدار كامل فيسع فيسع,urgent_service,electrician,synth
rideaux lel salon sur mesure fissa3 svp,urgent_service,tailor,synth
voyant moteur allumé fel tableau wach ndir,find_worker,mechanic,synth
je cherche un barbier à Tlemcen,find_worker,barber,synth
n7awes 3la dentiste mli7 f Tizi Ouzou,out_of_scope,none,synth
je cherche un sebbak à Bejaia,find_worker,plumber,synth
شحال يكلف نحب نديار كوزينة خشب على گياس؟,price_inquiry,carpenter,synth
besoin d un plombier serieux f Ghardaia,find_worker,plumber,synth
n7awes 3la dentiste ghaya f برج بوعريريج,out_of_scope,none,synth
les freins ydiro bruit fissa3 svp,urgent_service,mechanic,synth
ya khouya ecran ta3 telephone therres win nsal7ou?,out_of_scope,none,synth
"bonjour, kifach rah el jaw f تيارت?",out_of_scope,none,synth
واش هي الأسعار نتاع مول الجبس في ورگلة؟,price_inquiry,plasterer,synth
je cherche un femme de ménage à Mostaganem,find_worker,cleaner,synth
ya kho cas urgent: balustrade lel balcon,urgent_service,welder,synth
dalle jdida 3awnouni,find_worker,mason,synth
portail ta3 garage mkasser wach ndir,find_worker,welder,synth
depuis 3 jours 3andna menage hebdomadaire,find_worker,cleaner,synth
combien pour roubini rah yfuiti?,price_inquiry,plumber,synth
نحوس على ريسطورون مليح للعشاء في الشلف,out_of_scope,none,synth
وين نشري الزرع والورد للجنان في Batna؟,out_of_scope,none,synth
نسيت كلمة السر، واش نديار؟,app_question,none,synth
comment ca marche l'application,app_question,none,synth
راني نحوس على مول السودير في بسكرة,find_worker,welder,synth
la voiture t7bes f nos tri2!! chkoun yji fissa3?,urgent_service,mechanic,synth
شحال يكلف تحفيفة وتدريج شاب للولد؟,price_inquiry,barber,synth
"saha, kifah n3ayet l worker apres la mission?",app_question,none,synth
بليز لي ينقل الأثاث في تيارت دورك دورك، ديمناجمون كامل للدار,urgent_service,mover,synth
n7awes 3la appartement l kra f Biskra,out_of_scope,none,synth
compte guest kifach ykhdem?,app_question,none,synth
3andi crepissage ta3 façade,find_worker,mason,synth
كيفاش نفعل الموگع باش يلگاوني العمال؟,app_question,none,synth
مستعجل: نحتاج مول الميكانيك اليوم في گسنطينة,urgent_service,mechanic,synth
3awnouni humidité fel mur w rani 7asel,urgent_service,mason,synth
kifach neb3et demande de service? svp,app_question,none,synth
كيفاش نشوف تقييمات العامل قبل ما نخدم معاه؟,app_question,none,synth
الدار فيها ميناج أسبوعي للفيلا من سيمانه كامله,find_worker,cleaner,synth
شحال السوم تاع agent de nettoyage؟,price_inquiry,cleaner,synth
"3andi le portail khrej men blasstou, chkoun ye3ref soudor mli7?",find_worker,welder,synth
robinet y9atter!! chkoun yji fissa3,urgent_service,plumber,synth
tabbakha tji ttayeb f dar!!! chkoun yji fissa3?,urgent_service,caterer,synth
combien coute un wa7ed y3aweni f khedma f dar?,price_inquiry,none,synth
"svp sebbagh f Biskra vite, la peinture t9echret",urgent_service,painter,synth
مستعجل: نحتاج فام دو ميناج اليوم في سكيكدة,urgent_service,cleaner,synth
combien pour machine a laver ma tkhdemch?,price_inquiry,appliance_repair,synth
صاحبي وين كاين أأرب صيدلية في تيزي وزو؟,out_of_scope,none,synth
machine a laver tejri el ma men ta7t 3awnouni,find_worker,appliance_repair,synth
salut,greeting_chitchat,none,synth
ya khouya win nel9a les demandes li b3aththom?,app_question,none,synth
نحب نشري ماشينة صابون جديدة شحال السوم,out_of_scope,none,synth
3andi micro-onde mat,find_worker,appliance_repair,synth
les amis tableau electrique 9dim chkoun 3ando solution,find_worker,electrician,synth
tableau electrique 9dim 3awnouni,find_worker,electrician,synth
le portail khrej men blasstou 3awnouni,find_worker,welder,synth
"3andi congelateur ma yjamedch, chkoun ye3ref reparateur machine a laver mli7?",find_worker,appliance_repair,synth
ch7al ydir mecanicien f Blida?,price_inquiry,mechanic,synth
svp dork dork cloture en fer te7taj soudure,urgent_service,welder,synth
شحال يكلف الكليمة تطلق ريحة كريهة؟,price_inquiry,ac_repair,synth
cloture en fer te7taj soudure fissa3 svp,urgent_service,welder,synth
cloison ba13 avec porte w ma 3reftch win nrou7,find_worker,plasterer,synth
n7awes 3la appartement l kra f Jijel,out_of_scope,none,synth
واش هي الأسعار تاع بلاكيست في مستغانم؟,price_inquiry,plasterer,synth
نحوس على ريسطورون مليح للعشاء في برج بوعريريج,out_of_scope,none,synth
عندي نحب نخيط ڨندورة للعيد في الدار، واش نديار؟,find_worker,tailor,synth
urgence!! balustrade lel balcon f Constantine,urgent_service,welder,synth
"bonjour, 3andi prise ma7rou9a, chkoun ye3ref kahrabji mli7?",find_worker,electrician,synth
كيفاش نفعل الموگع باش يلگاوني العمال,app_question,none,synth
nheb nechri machine a laver jdida ch7al,out_of_scope,none,synth
restaurant mli7 l le diner f Boumerdes?,out_of_scope,none,synth
نحتاج لي يصلح الكليمة مليح في الشلف,find_worker,ac_repair,synth
les prix ta3 mol clima f Bordj Bou Arreridj?,price_inquiry,ac_repair,synth
مستعجل: نحتاج تقني كليماتيزور اليوم في قسنطينة,urgent_service,ac_repair,synth
واش كاين شي واحد يعاونني في خدمه في الدار گريب من بليده؟,find_worker,none,synth
شحال نخلص باش نصلح نحفف وندير اللحية عند الدار؟,price_inquiry,barber,synth
3andi nqel les meubles l dar jdida,find_worker,mover,synth
"bonjour, depuis 3 jours 3andna déménagement complet",find_worker,mover,synth
وين نڨرا لانجليزية في ورڨلة؟,out_of_scope,none,synth
la voiture tdakhen dokhan k7el w ma 3reftch win nrou7,find_worker,mechanic,synth
repas ta3 khetana jour el jem3a 3awnouni,find_worker,caterer,synth
"svp mecanicien f Tiaret vite, les freins ydiro bruit",urgent_service,mechanic,synth
واش هي الأسعار تاع نجار في سكيكدة؟,price_inquiry,carpenter,synth
كيفاش نقيّم العامل بعد الخدمة,app_question,none,synth
شحال يكلفني مول البلاكو لليوم كامل؟,price_inquiry,plasterer,synth
cas urgent: installation chauffe-eau jdid,urgent_service,plumber,synth
تركيب بلاكو بلاتر مع السبوتات من فضلكم,find_worker,plasterer,synth
isolation avec ba13 ... chkoun ysal7hali?,find_worker,plasterer,synth
cas urgent: fuite d'eau f la cuisine,urgent_service,plumber,synth
شحال تكلف خدمة: نحتاج أرفف للبيرو؟,price_inquiry,carpenter,synth
عندي نبدلو الدار الشهر الجاي ونحتاجو نڨل الڨش في الدار، واش نديار,find_worker,mover,synth
kifah nactivi la localisation fel appli? ya kho,app_question,none,synth
كيفاه نبدل رقم تيليفوني في الكونت؟,app_question,none,synth
ecran nta3 telephone therres win nsal7ou?,out_of_scope,none,synth
"les amis 3andi les lampes yrigliw wa7edhom, chkoun ye3ref electricien mli7?",find_worker,electrician,synth
wach kayen mécanicien 9rib meni f Skikda? ya kho,find_worker,mechanic,synth
شحال نخلص باش نصلح رتوش خفيف على روبة السهرة؟,price_inquiry,tailor,synth
transport nta3 les affaires l dar jdida n7taj transport meubles tawa douk,urgent_service,mover,synth
nheb ndir porte blindée!! chkoun yji fissa3,urgent_service,welder,synth
win kayen pharmacie griba f Blida? w chokran,out_of_scope,none,synth
win nechri machine a coudre f Annaba?,out_of_scope,none,synth
n7awes 3la dentiste mli7 f Blida,out_of_scope,none,synth
يا جماعة واش الأحوال؟,greeting_chitchat,none,synth
les amis win nechri gazon w les plantes f Constantine?,out_of_scope,none,synth
"svp demenageur f Alger vite, n7awlou l dar jdida f nefs el 7ay",urgent_service,mover,synth
الروبة تحتاج تضييگ من الجناب من فضلكم,find_worker,tailor,synth
nqel les meubles l dar jdida wach ndir,find_worker,mover,synth
من فضلكم كيفاه نشارك في العروض تاع الخدمات؟,app_question,none,synth
نحوس على طبيب أسنان زين في سكيكدة,out_of_scope,none,synth
combien pour installation chauffe-eau jdid?,price_inquiry,plumber,synth
الدار فيها نحتاج كاميو صغير ننقل بيه الأثاث من سيمانة كاملة,find_worker,mover,synth
شحال يكلف الكليمة ما تسخنش في الشتا؟,price_inquiry,ac_repair,synth
بليز صباغ في مستغانم دورك دورك، نحب نصبغ الدار قبل العيد,urgent_service,painter,synth
يا شيخ نقدر نلقى مول الخياطة يجي اليوم لـ سطيف؟,find_worker,tailor,synth
devis approximatif: femme de menage teji kol jem3a,price_inquiry,cleaner,synth
عندي نقل مكتب من وسط المدينة في الدار، واش نديار؟,find_worker,mover,synth
devis approximatif: porte en fer forgé lel 7ouch?,price_inquiry,welder,synth
الدار فيها اللافيسال تحبس في نص البروغرام من سيمانة كاملة,find_worker,appliance_repair,synth
نحتاج كوافور زين في غرداية,find_worker,barber,synth
نحب نتعلم الكهرباء واش كاين تكوين,out_of_scope,none,synth
يعطيكم الصحة، نحوس لحّام ناشط في غرداية,find_worker,welder,synth
الماشينة نتاع الصابون تجري الما من تحت من فضلكم,find_worker,appliance_repair,synth
شكون عندو نيميرو تاع ماصون في تيارت؟,find_worker,mason,synth
واش راك,greeting_chitchat,none,synth
ya kho win nechri machine a coudre f Constantine?,out_of_scope,none,synth
win kayen pharmacie 9riba f الشلف?,out_of_scope,none,synth
je cherche un réparateur électroménager à Ghardaia,find_worker,appliance_repair,synth
سلام وشكرا مسبأا,greeting_chitchat,none,synth
retouche ta3 costume,find_worker,tailor,synth
كيفاش نگيّم العامل بعد الخدمة؟ والله غير حاصل,app_question,none,synth
نبغي نتعلم الحلاقة باش نحل صالون,out_of_scope,none,synth
n7awes 3la appartement l kra f Bordj Bou Arreridj,out_of_scope,none,synth
salam rabi y7afdkom,greeting_chitchat,none,synth
kifah n3ayet l worker apres la mission? rabi y7afdkom,app_question,none,synth
من فضلكم واش الأحوال؟,greeting_chitchat,none,synth
restaurant mli7 l le diner f Ghardaia?,out_of_scope,none,synth
ndiro des marches 9oddam el bab chkoun 3ando solution,find_worker,mason,synth
كيفاه نشوف تڨييمات العامل ڨبل ما نخدم معاه؟,app_question,none,synth
واش التطبيق يخدم بلا انترنات؟ وشكرا مسبقا,app_question,none,synth
"slm, ma l2itch peintre disponible f Biskra",find_worker,painter,synth
الاومبرياج يزلڨ,find_worker,mechanic,synth
الله يخليكم طباخة لحفلة النجاح ومقدرتش نلقى حل,urgent_service,caterer,synth
les prix ta3 mikanisyan f Tlemcen?,price_inquiry,mechanic,synth
cas urgent: changer la fermeture ta3 pantalon,urgent_service,tailor,synth
كيفاش نڨيّم العامل بعد الخدمة؟ والله غير حاصل,app_question,none,synth
ch7al nkhalles bach nsale7 lave-vaisselle y7bes f nos?,price_inquiry,appliance_repair,synth
سلام، شكرا بزاف,greeting_chitchat,none,synth
prise ma7rou9a ... chkoun ysal7hali,find_worker,electrician,synth
rani n7awes 3la plombier f Setif,find_worker,plumber,synth
عندي كسكسي لخمسين نفر لصدقة ونحتاج واحد يصلحهالي,find_worker,caterer,synth
سلام خويا، شحال يكلف الكناپي ولا مصفر من الاولاد ويحتاج غسيل عميق؟,price_inquiry,cleaner,synth
الدار فيها نأل تلاجة وماشينة للطابأ الثالث من سيمانة كاملة يعطيكم الصحة,find_worker,mover,synth
نبغي نركب لافابو جديد في الحمام من فضلكم,find_worker,plumber,synth
etancheite ta3 stah!! chkoun yji fissa3?,urgent_service,mason,synth
طوفان الما في الكوزينة!! نحتاج واحد يجي فيسع,urgent_service,plumber,synth
merci bcp merci,greeting_chitchat,none,synth
combien coute un demenageur?,price_inquiry,mover,synth
3andi nettoyage w entretien ta3 la clim w chokran,find_worker,ac_repair,synth
سلام، نحب نشري طوموبيل مستعملة، واش تنصحوني؟,out_of_scope,none,synth
كيفاه نبدل رڨم تيليفوني في الكونت؟,app_question,none,synth
خويا الفنيترة ما تسكرش غايا شكون يجي يشوفها,find_worker,carpenter,synth
نحب نتعلم الكهرباء واش كاين تكوين؟,out_of_scope,none,synth
وين نقرا لانجليزية في Bejaia؟,out_of_scope,none,synth
"svp technicien clim f Chlef vite, clim ydir bruit bizarre",urgent_service,ac_repair,synth
نحتاج طاكسي للمطار غدوة الصباح ياخو,out_of_scope,none,synth
wach n9der nkoun worker w client f meme temps?,app_question,none,synth
chkoun 3ando numero ta3 بنّاء f ورقلة?,find_worker,mason,synth
راني نحوس على منوزيي في مستغانم,find_worker,carpenter,synth
الدار فيها نبغي حمايه حديد للفنيترات من سيمانه كامله,find_worker,welder,synth
dorka dork ri7at el mjari fel hammam,urgent_service,plumber,synth
نبغي نديار كارلاج جديد في الكوزينة، شكون يعرف بنّاء مليح؟,find_worker,mason,synth
دورك دورك بريز محروڨة,urgent_service,electrician,synth
صاحبي واش راك؟,greeting_chitchat,none,synth
cas urgent: le placo tqawes mel humidité,urgent_service,plasterer,synth
combien pour toilette bouchée w el ma ytla3?,price_inquiry,plumber,synth
صاحبي واش نقدر نلغي طلب بعثتو؟,app_question,none,synth
دورك دورك نحب نخيط ريدوات جداد للبيت,urgent_service,tailor,synth
ya cheikh kifach n3ayet l worker apres la mission?,app_question,none,synth
شحال تكلف خدمة: تنظيف الفور والتلاجة والكوزينة الكل قبل رمضان؟,price_inquiry,cleaner,synth
les prix ta3 kahrabji f Bordj Bou Arreridj?,price_inquiry,electrician,synth
وين نلقى بيتزيريا مليحة في تلمسان؟,out_of_scope,none,synth
شحال نخلص باش نصلح حلاقة اللحية والتحديد؟,price_inquiry,barber,synth
شكون يركب سقي أوتوماتيك في الجنينة؟,out_of_scope,none,synth
ya kho urgence!! location camion m3a demenageurs f Oran,urgent_service,mover,synth
نحب صبغة ومشطة في الدار!! نحتاج واحد يجي فيسع,urgent_service,barber,synth
سقف الغاراج طايح منو الاسمنت وباين الحديد!!! نحتاج واحد يجي فيسع,urgent_service,mason,synth
وين نشري الزرع والورد للجنان في Oran؟,out_of_scope,none,synth
كي نشعل الماشينة يطيح الضو ومازال ما لقيتش لي يصلحها,find_worker,electrician,synth
grand menage ta3 printemps chkoun 3ando solution,find_worker,cleaner,synth
les amis chokran,greeting_chitchat,none,synth
دورك دورك نحب صباغة غرفة الأطفال بألوان شابة,urgent_service,painter,synth
menage ba3d la fete n7taj لي يدير الميناج tawa drouk,urgent_service,cleaner,synth
chkoun 3ando numero ta3 transport meubles f Chlef?,find_worker,mover,synth
شحال نخلص باش نصلح الپاركي نتاع البيت تخرب؟,price_inquiry,carpenter,synth
n7awes 3la dentiste zin f Ghardaia,out_of_scope,none,synth
ch7al ydir menuisier f Annaba?,price_inquiry,carpenter,synth
besoin d un mason serieux f Constantine,find_worker,mason,synth
كيفاه نخدم بهاد التطبيق؟,app_question,none,synth
نحوس على ريسطورون غايا للعشاء في عنابة,out_of_scope,none,synth
يا شيخ نحوس جنايني يقلم الأشجار تاع الجنان,out_of_scope,none,synth
يا شيخ شكون عندو نيميرو نتاع ديمناجور في الشلف؟,find_worker,mover,synth
عاونوني! حفرة كبيرة في حيط الجبس وراني حاصل,urgent_service,plasterer,synth
وين نشري الزرع والورد للجنان في باتنة؟,out_of_scope,none,synth
besoin d un femme de ménage serieux f Blida,find_worker,cleaner,synth
win nel9a pizzeria mli7a f Oran,out_of_scope,none,synth
"saha, etancheite ta3 stah w ma 3reftch win nrou7",find_worker,mason,synth
ch7al ykalefni reparateur machine a laver pour une journee? wallah ghir 7asel,price_inquiry,appliance_repair,synth
n7awes 3la appartement l kra f جيجل,out_of_scope,none,synth
الكليمة ناأصها غاز واش نديار,find_worker,ac_repair,synth
يا خويا شحال تكلف خدمة: نحب نديار كوزينة خشب على قياس؟,price_inquiry,carpenter,synth
شحال يكلف خياطة ريدو للصالون؟,price_inquiry,tailor,synth
nb7ath 3la babysitter l wladi w chokran,out_of_scope,none,synth
"svp cuisiniere f Batna vite, traiteur pour mariage 100 personnes",urgent_service,caterer,synth
dork dork nettoyage appartement 9bel ma nekriwah,urgent_service,cleaner,synth
نحب نديار پلاكار على گياس ومازال ما لگيتش لي يصلحها,find_worker,carpenter,synth
porte en fer forgé lel 7ouch ya kho,find_worker,welder,synth
شحال يكلف نحتاج مرا تعاون ماما في قضيان الدار؟,price_inquiry,cleaner,synth
نحتاج واحد يعاونني في خدمه في الدار يجي غدوه الصباح لـ Tlemcen,find_worker,none,synth
يا خويا وين نلگى بيتزيريا مليحة في بليدة؟,out_of_scope,none,synth
nbeddel couleur ta3 salon w ma 3reftch win nrou7 w chokran,find_worker,painter,synth
نحوس على طبيب أسنان مليح في Biskra,out_of_scope,none,synth
كيفاه نگيّم العامل بعد الخدمة؟,app_question,none,synth
ya kho salam,greeting_chitchat,none,synth
تحفيفة للأولاد قبل الدخول المدرسي عاونوني,find_worker,barber,synth
ch7al taman bach ndir caftan lel 3ers,price_inquiry,tailor,synth
combien coute un منوزيي?,price_inquiry,carpenter,synth
déplacer la clim l chambre okhra men fadlkom,find_worker,ac_repair,synth
besoin d un plombier serieux f Bordj Bou Arreridj,find_worker,plumber,synth
win nechri machine a coudre f ورقلة?,out_of_scope,none,synth
يعطيكم الصحة، نحوس réparateur électroménager ناشط في Mostaganem,find_worker,appliance_repair,synth
win kayen pharmacie 9riba f Blida?,out_of_scope,none,synth
مستعجل: نحتاج barbier اليوم في Alger,urgent_service,barber,synth
ch7al nkhalles bach nsale7 installation sonnette ta3 el bab?,price_inquiry,electrician,synth
restaurant mli7 l le diner f Bejaia,out_of_scope,none,synth
نبغي نركب باب رئيسية جديدة!! نحتاج واحد يجي فيسع,urgent_service,carpenter,synth
صاحبي نسيت كلمة السر، واش نديار؟,app_question,none,synth
راني نحوس على حلاق في سطيف,find_worker,barber,synth
les freins ydiro bruit 3awnouni,find_worker,mechanic,synth
win kayen pharmacie 9riba f Mostaganem,out_of_scope,none,synth
kifach nzid des photos l khedmti?,app_question,none,synth
مستعجل: نحتاج soudeur اليوم في Mostaganem,urgent_service,welder,synth
rani n7awes 3la 7addad f Tizi Ouzou,find_worker,welder,synth
n7awes 3la dentiste zin f عنابة,out_of_scope,none,synth
"slm, menage apres travaux",find_worker,cleaner,synth
عاونوني! السروال طويل ونحب نقصرو وراني حاصل وشكرا مسبقا,urgent_service,tailor,synth
نحوس على طبيب أسنان غايا في باتنة,out_of_scope,none,synth
ارجو المساعدة بسرعة، الفور ما يسخنش,urgent_service,appliance_repair,synth
شحال يدير ميكانيكي في سكيكدة؟,price_inquiry,mechanic,synth
نحتاج نتوايا وصيانه الكليمه قبل الصيف فيسع فيسع,urgent_service,ac_repair,synth
meuble tv en placo fel mur chkoun 3ando solution,find_worker,plasterer,synth
نبغي نصبغ الدار قبل العيد عاونوني,find_worker,painter,synth
صحا، نبغي نتعلم الحلاقة باش نحل صالون,out_of_scope,none,synth
n7awes 3la appartement l kra f Constantine,out_of_scope,none,synth
clim ta3 tonobil ma tberredch wach ndir,find_worker,mechanic,synth
ya cheikh ch7al rahi el sa3a?,out_of_scope,none,synth
واش هي الأسعار نتاع traiteur في Chlef؟ يعطيكم الصحة,price_inquiry,caterer,synth
تريتور للختانة نهار الجمعة من فضلكم,find_worker,caterer,synth
el ma 7abes f dar kamla!! chkoun yji fissa3?,urgent_service,plumber,synth
كيفاه نديار كونت فيسبوك؟,out_of_scope,none,synth
نحتاج حلاڨ للعريس صباح العرس عاونوني,find_worker,barber,synth
حالة مستعجلة: الكونجيلاتور ما يجمدش,urgent_service,appliance_repair,synth
راني نحوس على بلومبيي في تيارت,find_worker,plumber,synth
نحتاج تركيب سونيري تاع الباب، شكون يعرف kahrabji مليح؟,find_worker,electrician,synth
واش كاين شي ديمناجور قريب من وهران؟,find_worker,mover,synth
kifach neb3et demande de service? merci,app_question,none,synth
صاحبي عندي كاين ريحة مجاري في الحمام في الدار، واش نديار؟,find_worker,plumber,synth
دلوني على bennay شاطر ومعگول,find_worker,mason,synth
بشحال الخدمة نتاع maçon تقريبا؟,price_inquiry,mason,synth
win nechri gazon w les plantes f Biskra? svp,out_of_scope,none,synth
coiffure ta3 la mariée a domicile 3awnouni,find_worker,barber,synth
chauffe-eau ma yeskhonch chkoun 3ando solution,find_worker,plumber,synth
يا جماعة بليز مول الخياطة في مستغانم ضركا ضركا، نحب نخيط كسوة تقليدية للعرس,urgent_service,tailor,synth
يا شيخ بليز plombier في Alger دورك دورك، الروبيني يڨطر,urgent_service,plumber,synth
chkoun yqasli el gazon nta3 jardin?,out_of_scope,none,synth
نحتاج كوافور يجي للدار نهار العرس شكون عندو حل,find_worker,barber,synth
nebghi nechri machine a laver jdida ch7al? ya kho,out_of_scope,none,synth
يا جماعة البيسي تاعي ولا ثقيل ياسر واش نديار؟,out_of_scope,none,synth
واش التطبيأ مجاني ولا بالخلاص,app_question,none,synth
svp kifach rah el jaw f برج بوعريريج?,out_of_scope,none,synth
راهي عندي الجبس نتاع السقف تشقق ومحتاج تصليح وحاصل,find_worker,plasterer,synth
"3andi transport ta3 les affaires l dar jdida, chkoun ye3ref déménageur mli7?",find_worker,mover,synth
kifach nbeddel numero ta3i f compte?,app_question,none,synth
نحب نديار قفص حديد فوق السطح ومازال ما لقيتش لي يصلحها,find_worker,welder,synth
عندي تريتور للختانة نهار الجمعة,find_worker,caterer,synth
chkoun 3ando numero ta3 plombi f Bejaia?,find_worker,plumber,synth
cas urgent: baignoire msdouda,urgent_service,plumber,synth
urgence!! le placo tqawes mel humidité f Bejaia,urgent_service,plasterer,synth
وين كاين أقرب صيدلية في عنابة؟ ياخو,out_of_scope,none,synth
شحال يكلف الكليماتيزور يدير صوت غريب؟,price_inquiry,ac_repair,synth
نحتاج مول الصباغة مليح في تيزي وزو,find_worker,painter,synth
عندي نغطيو البيام تاع البلافون بالجبس ونحتاج واحد يصلحهالي,find_worker,plasterer,synth
kifah ndir compte facebook,out_of_scope,none,synth
win nel9a pizzeria mli7a f برج بوعريريج,out_of_scope,none,synth
وين كاين أگرب صيدليه في وهران؟,out_of_scope,none,synth
نحب نبني حيط في الجنان فيسع فيسع,urgent_service,mason,synth
depuis 3 jours 3andna rideaux lel salon sur mesure,find_worker,tailor,synth
شحال يدير مول السباكة في باتنة؟,price_inquiry,plumber,synth
drouk dork reparation grille ta3 fenetre,urgent_service,welder,synth
depuis 3 jours 3andna parquet mkhareb,find_worker,carpenter,synth
الدار فيها نگل مكتب من وسط المدينة من سيمانة كاملة,find_worker,mover,synth
les amis ch7al ykalefni najjar pour une journee?,price_inquiry,carpenter,synth
صاحبي ههههه شابة,greeting_chitchat,none,synth
الجبس تاع البيت طاح مع الشتا,find_worker,plasterer,synth
cv? wallah ghir 7asel,greeting_chitchat,none,synth
congelateur ma yjamedch n7taj réparateur électroménager tawa dorka,urgent_service,appliance_repair,synth
كيفاش نخدم بهاد التطبيگ؟,app_question,none,synth
راني نحوس على مول السباكة في مستغانم,find_worker,plumber,synth
شحال تكلف خدمة: نحول من وهران للعاصمة ونحتاج نقل العفش,price_inquiry,mover,synth
chkoun 3ando numero nta3 reparateur machine a laver f Skikda?,find_worker,appliance_repair,synth
ch7al nkhalles bach nsale7 rampe d escalier en fer?,price_inquiry,welder,synth
الكونجيلاتور ما يجمدش شكون عندو حل,find_worker,appliance_repair,synth
"svp فام دو ميناج f تلمسان vite, nettoyage ta3 dar ba3d le demenagement",urgent_service,cleaner,synth
"bonjour, placo avec spots led men fadlkom",find_worker,plasterer,synth
3awnouni soudure ta3 porte metallique w rani 7asel,urgent_service,welder,synth
coudre des rideaux occultants l chambre n7taj couturiere tawa dorka,urgent_service,tailor,synth
machine a laver tejri el ma men ta7t wach ndir,find_worker,appliance_repair,synth
من فضلكم جاري قالي نسقسي هنا على ديمناجور في جيجل,find_worker,mover,synth
حالة مستعجلة: نحتاج نزيد بيت فوق السطح,urgent_service,mason,synth
نحتاج دهان يجي غدوة الصباح لـ غرداية,find_worker,painter,synth
شحال يكلف نحب نركب لافابو جديد في الحمام؟,price_inquiry,plumber,synth
من فضلكم البورطاي ما عادش يتسكر مليح ونحتاج لحّام ديركت توا,urgent_service,welder,synth
شحال يكلف نحب ننڨل العفش لدار جديدة؟ بارك الله فيكم,price_inquiry,mover,synth
بليز سودور في باتنة ضروك ضروك، السياج تاع الحديد تكسر ومحتاج سودير,urgent_service,welder,synth
3awnouni placard sur mesure w rani 7asel,urgent_service,carpenter,synth
sa7bi combien pour transport ta3 piano?,price_inquiry,mover,synth
retouche pantalon twil!! chkoun yji fissa3?,urgent_service,tailor,synth
عندي الطابلة نتاع الصالون محتاجة تصليح ونحتاج واحد يصلحهالي,find_worker,carpenter,synth
تنظيف الموكيت والكناپي، شكون يعرف فام دو ميناج مليح؟,find_worker,cleaner,synth
kifah neb3et demande de service? wallah ghir 7asel,app_question,none,synth
"slm, comment ca marche l'application?",app_question,none,synth
شكون يركب سقي أوتوماتيك في الجنينه؟,out_of_scope,none,synth
راهي عندي نحب حماية حديد للفنيترات وحاصل,find_worker,welder,synth
بليز بلاكيست في مستغانم ضروك ضروك، نبغي نديار فو بلافون بلاكو في الصالون ياخو,urgent_service,plasterer,synth
chkoun y2asli el gazon ta3 jardin,out_of_scope,none,synth
السحاب تاع الجاكيطة خسر واش نديار,find_worker,tailor,synth
urgence!! lampe techmel w tetfa wa7edha f Boumerdes,urgent_service,electrician,synth
ma l9itch 7addad disponible f Tizi Ouzou,find_worker,welder,synth
combien pour le placo tqawes mel humidité?,price_inquiry,plasterer,synth
جاري قالي نسقسي هنا على مول الطياب في بومرداس,find_worker,caterer,synth
عندي الرطوبة قوست البلاكو نتاع البيت في الدار، واش نديار؟,find_worker,plasterer,synth
تصليح سودير في السلم الحديدي,find_worker,welder,synth
nebghi ناقل العفش yji lyoum l ورقلة,find_worker,mover,synth
"3andi porte mkessra, chkoun ye3ref najjar mli7?",find_worker,carpenter,synth
salam merci,greeting_chitchat,none,synth
نحتاج واحد يعاونني في خدمه في الدار يجي غدوه الصباح لـ بومرداس,find_worker,none,synth
سلام، شحال تكلف خدمة: نبغي نديار كارلاج جديد في الكوزينة؟,price_inquiry,mason,synth
سلام، بالسلامة,greeting_chitchat,none,synth
عندي ضو نتاع الموتور شاعل في الطابلو,find_worker,mechanic,synth
كيفاش نفعل الموأع باش يلأاوني العمال؟,app_question,none,synth
win nelqa les demandes li b3aththom?,app_question,none,synth
devis approximatif: cuisiniere ma tech3elch?,price_inquiry,appliance_repair,synth
خويا الدرج الخشبي يزقزق شكون يجي يشوفها,find_worker,carpenter,synth
win nechri gazon w les plantes f Tiaret?,out_of_scope,none,synth
combien pour frigo ma ybaredch?,price_inquiry,appliance_repair,synth
ch7al nkhalles bach nsale7 repeindre la façade ta3 dar?,price_inquiry,painter,synth
شحال يكلف صباغة الأبواب والفنيترات؟,price_inquiry,painter,synth
ياخو واش من فيلم مليح نتفرجو اليوم؟,out_of_scope,none,synth
يعطيكم الصحة، نحوس مول السباكة ناشط في سكيكدة بارك الله فيكم,find_worker,plumber,synth
les prix ta3 soudor f Ouargla? rabi y7afdkom,price_inquiry,welder,synth
الكشابية محتاجة ترقيع,find_worker,tailor,synth
ma lqitch menage disponible f Skikda svp,find_worker,cleaner,synth
وين نلقى بيتزيريا مليحة في بسكرة,out_of_scope,none,synth
شحال نخلص باش نصلح نحب نخيط ريدوات جداد للبيت؟,price_inquiry,tailor,synth
cloison ba13 avec porte 3awnouni,find_worker,plasterer,synth
combien coute un transport meubles?,price_inquiry,mover,synth
refaire le carrelage ta3 cuisine wach ndir,find_worker,mason,synth
سلام خويا، كيفاش نگيّم العامل بعد الخدمة؟,app_question,none,synth
الله يخليكم الديجونكتور يطيح ديما ومڨدرتش نلڨى حل,urgent_service,electrician,synth
ya kho nheb nfassel karakou lel 3ers!! chkoun yji fissa3?,urgent_service,tailor,synth
سلام خويا، واش معنى الاشتراك برو للعامل؟,app_question,none,synth
ya khouya machine a laver ma tkhdemch men fadlkom,find_worker,appliance_repair,synth
win nechri machine a coudre f بومرداس?,out_of_scope,none,synth
toilette bouchée w el ma ytla3 men fadlkom,find_worker,plumber,synth
besoin d un peintre serieux f Constantine,find_worker,painter,synth
من فضلكم شحال يكلفني électricien لليوم كامل؟,price_inquiry,electrician,synth
cas urgent: brushing w couleur f dar w chokran,urgent_service,barber,synth
عاونوني! طباخة تطيب الشخشوخة لمناسبة وراني حاصل,urgent_service,caterer,synth
clim ma tberredch men fadlkom,find_worker,ac_repair,synth
rani n7awes 3la reparateur machine a laver f Constantine,find_worker,appliance_repair,synth
الكليمة تجري الما من الداخل فيسع فيسع,urgent_service,ac_repair,synth
حالة مستعجلة: الرطوبة اوست البلاكو تاع البيت,urgent_service,plasterer,synth
"svp soudor f Tiaret vite, grille de protection lel fenetres",urgent_service,welder,synth
le paiement fel appli kifach ykoun?,app_question,none,synth
nheb plombier yji lyoum l Biskra,find_worker,plumber,synth
je cherche un plaquiste à Skikda,find_worker,plasterer,synth
sbagha ta3 les portes men fadlkom,find_worker,painter,synth
"3andi grille de protection lel fenetres, chkoun ye3ref soudor mli7?",find_worker,welder,synth
شكون عندو نيميرو تاع تقني كليماتيزور في بجاية؟,find_worker,ac_repair,synth
les amis kifach rah el jaw f Tizi Ouzou?,out_of_scope,none,synth
combien coute un mecanicien?,price_inquiry,mechanic,synth
dork dork reparation grille ta3 fenetre,urgent_service,welder,synth
العجلة تنفّس فيسع فيسع,urgent_service,mechanic,synth
نحوس على شڨة للكراء في وهران,out_of_scope,none,synth
je cherche un مول الحلاقة à تلمسان,find_worker,barber,synth
واش راك؟ والله غير حاصل,greeting_chitchat,none,synth
kifah nactivi la localisation fel appli,app_question,none,synth
ya kho 3awnouni meuble ye7taj tsli7 w rani 7asel,urgent_service,carpenter,synth
frigo ma ybaredch w ma 3reftch win nrou7 ya kho,find_worker,appliance_repair,synth
3awnouni location camion m3a demenageurs w rani 7asel,urgent_service,mover,synth
كيفاه نشوف تقييمات العامل قبل ما نخدم معاه؟ وشكرا مسبقا,app_question,none,synth
وين نلأى بيتزيريا مليحة في Chlef؟,out_of_scope,none,synth
kifah rah el jaw f Annaba?,out_of_scope,none,synth
"3andi gateaux traditionnels lel 3ers, chkoun ye3ref traiteur mli7? wallah ghir 7asel",find_worker,caterer,synth
fenetre ma tetsakkarch mli7 fissa3 svp,urgent_service,carpenter,synth
thanks rabi y7afdkom,greeting_chitchat,none,synth
rani n7awes 3la barbier f Bejaia,find_worker,barber,synth
واش هي الأسعار تاع مول الخياطة في تيارت؟,price_inquiry,tailor,synth
نحوس على طبيب أسنان زين في تلمسان,out_of_scope,none,synth
سلام خويا، كيفاش نشارك في العروض نتاع الخدمات؟,app_question,none,synth
الله يبارك عليكم ياخو,greeting_chitchat,none,synth
meuble tv en placo fel mur wach ndir,find_worker,plasterer,synth
"svp menuisier f Tizi Ouzou vite, placard sur mesure",urgent_service,carpenter,synth
ch7al prix nta3 abonnement par mois?,app_question,none,synth
rani n7awes 3la tabbakha f Oran,find_worker,caterer,synth
"slm, wach n9der nkoun worker w client f meme temps?",app_question,none,synth
نحب نديار سياج حول الجنان واش نديار,find_worker,mason,synth
"svp mason f Constantine vite, dalle jdida",urgent_service,mason,synth
combien coute un reparateur climatiseur?,price_inquiry,ac_repair,synth
win nel2a pizzeria mli7a f Oran?,out_of_scope,none,synth
ارجو المساعدة بسرعة، الكليمة تطلق ريحة كريهة,urgent_service,ac_repair,synth
خويا الحيوط مخبشين ونحتاجو تصليح وصباغة شكون يجي يشوفها بارك الله فيكم,find_worker,painter,synth
كيفاش نأيّم العامل بعد الخدمة؟,app_question,none,synth
3awnouni femme de menage teji kol jem3a w rani 7asel,urgent_service,cleaner,synth
نحتاج تريتور غايا في تيزي وزو,find_worker,caterer,synth
l'appli gratuite wela payante?,app_question,none,synth
نحوس على شقة للكراء في مستغانم,out_of_scope,none,synth
واش راك؟,greeting_chitchat,none,synth
ch7al nkhalles bach nsale7 roubini rah yfuiti?,price_inquiry,plumber,synth
nheb electricien yji lyoum l Ouargla,find_worker,electrician,synth
شحال نخلص باش نصلح نحب ديكور جبس في السقف؟,price_inquiry,plasterer,synth
بشحال الخدمة تاع مول الصباغة تقريبا؟,price_inquiry,painter,synth
les prix ta3 trisyan f Ouargla?,price_inquiry,electrician,synth
ياخو نحتاج ميكانيكي يجي غدوة الصباح لـ برج بوعريريج,find_worker,mechanic,synth
مستعجل: نحتاج ناقل العفش اليوم في برج بوعريريج,urgent_service,mover,synth
nheb ndir porte blindée fissa3 svp,urgent_service,welder,synth
شحال يكلف سگف الغاراج طايح منو الاسمنت وباين الحديد,price_inquiry,mason,synth
"saha, j'ai oublié mon mot de passe, wach ndir?",app_question,none,synth
peinture nta3 dar kamla,find_worker,painter,synth
nettoyage nta3 les bureaux n7taj femme de ménage tawa douk,urgent_service,cleaner,synth
نحوس على شأة للكراء في عنابة,out_of_scope,none,synth
drouk dork nettoyage profond,urgent_service,cleaner,synth
restaurant ghaya l le diner f Tlemcen? ya kho,out_of_scope,none,synth
ya khouya degradé lel weld!! chkoun yji fissa3?,urgent_service,barber,synth
شحال يكلفني مول الصباغة لليوم كامل؟,price_inquiry,painter,synth
el ma 7abes f dar kamla wach ndir wallah ghir 7asel,find_worker,plumber,synth
ياخو الاومبرياج يزلڨ واش نديار,find_worker,mechanic,synth
وين نلأى بيتزيريا مليحة في ورألة؟,out_of_scope,none,synth
3andi peinture ta3 chambre d'enfants,find_worker,painter,synth
وين نلقى بيتزيريا مليحة في سكيكدة؟,out_of_scope,none,synth
سلام خويا، عندي الكليمة تجمد وتحبس وحدها في الدار، واش نديار؟,find_worker,ac_repair,synth
ya cheikh ecran ta3 telephone therres win nsal7ou?,out_of_scope,none,synth
وين نلڨى بيتزيريا مليحة في Biskra؟,out_of_scope,none,synth
coupe degradé m3a trait chkoun 3ando solution,find_worker,barber,synth
البانيو مسدود والما ما ينزلش!! نحتاج واحد يجي فيسع,urgent_service,plumber,synth
svp canalisation msdouda!! chkoun yji fissa3?,urgent_service,plumber,synth
تصليح سودير في السلم الحديدي ونحتاج مول السودير ديركت توا,urgent_service,welder,synth
نحب نتعلم الحلاأة باش نحل صالون والله غير حاصل,out_of_scope,none,synth
بشحال الخدمة تاع منوزيي تقريبا؟,price_inquiry,carpenter,synth
دلوني على مول السودير شاطر ومعڨول,find_worker,welder,synth
nebghi kwafur yji lyoum l Batna,find_worker,barber,synth
دلوني على تريتور شاطر ومعقول,find_worker,caterer,synth
شحال تكلف خدمة: خياطة ريدو للصالون؟,price_inquiry,tailor,synth
وين نگرا لانجليزية في Setif؟,out_of_scope,none,synth
نحتاج سباك زين في عنابة,find_worker,plumber,synth
شكرا على المساعدة الله يخليك,greeting_chitchat,none,synth
clim ma tberredch,find_worker,ac_repair,synth
"ya khouya rani n7awes 3la khedma nekhdemha, kayen des postes?",out_of_scope,none,synth
الطوموبيل تحبس في نص الطريق، شكون يعرف mikanisyan مليح؟,find_worker,mechanic,synth
rani n7awes 3la مول الميكانيك f سكيكدة,find_worker,mechanic,synth
الدار فيها نحب ننقل العفش لدار جديدة من سيمانة كاملة,find_worker,mover,synth
شحال يدير دهان في بليدة,price_inquiry,painter,synth
نحتاج plombier يجي غدوة الصباح لـ Tizi Ouzou,find_worker,plumber,synth
ارجو المساعدة بسرعة، التلاجة ما تبردش والمأكلة تخسر,urgent_service,appliance_repair,synth
ma l2itch reparateur climatiseur disponible f Tiaret,find_worker,ac_repair,synth
الكليمة تطلق ريحة كريهة ونحتاج لي يصلح الكليمة ديركت توا,urgent_service,ac_repair,synth
يا جماعة شحال تكلف خدمة: الطوموبيل ما تحبش تشعل؟,price_inquiry,mechanic,synth
c'est quoi l'abonnement pro? merci,app_question,none,synth
دلوني على لحّام شاطر ومعگول,find_worker,welder,synth
"3andi tabbakha tji ttayeb f dar, chkoun ye3ref tabbakha mli7?",find_worker,caterer,synth
cuisiniere ma tech3elch men fadlkom,find_worker,appliance_repair,synth
"slm, saha khouya",greeting_chitchat,none,synth
roubini rah yfuiti chkoun 3ando solution,find_worker,plumber,synth
"3andi meuble ye7taj tsli7, chkoun ye3ref menuisier ghaya",find_worker,carpenter,synth
"slm, hhhh chaba",greeting_chitchat,none,synth
besoin d un mécanicien serieux f Annaba,find_worker,mechanic,synth
ارجو المساعدة بسرعة، نحب طباخة تجي تطيب في الدار لمناسبة,urgent_service,caterer,synth
معليش تقولي كيفاش راه الطقس في Mostaganem؟,out_of_scope,none,synth
urgence!! ngel les meubles l dar jdida f Constantine,urgent_service,mover,synth
يعطيكم الصحة، نحوس كهربائي ناشط في قسنطينة,find_worker,electrician,synth
الما يڨطر من سڨف الحمام ومازال ما لڨيتش لي يصلحها,find_worker,plumber,synth
machine a laver ma tkhdemch men fadlkom,find_worker,appliance_repair,synth
سلام خويا، كيفاش نبدل رأم تيليفوني في الكونت؟,app_question,none,synth
طباخة تطيب الشخشوخة لمناسبة ومازال ما لقيتش لي يصلحها,find_worker,caterer,synth
besoin d un plakist serieux f Ghardaia,find_worker,plasterer,synth
depuis 3 jours 3andna repeindre la façade ta3 dar ya kho,find_worker,painter,synth
win nechri machine a coudre f Constantine? merci,out_of_scope,none,synth
واش هي الأسعار تاع ميكانيسيان في تيارت؟,price_inquiry,mechanic,synth
"bonjour, j'ai oublié mon mot de passe, wach ndir?",app_question,none,synth
ma lqitch couturier disponible f Tizi Ouzou,find_worker,tailor,synth
la chasse d'eau khasra men fadlkom,find_worker,plumber,synth
ya cheikh ch7al ykalefni technicien clim pour une journee?,price_inquiry,ac_repair,synth
نحوس على شأه للكراء في تلمسان,out_of_scope,none,synth
svp bonjour,greeting_chitchat,none,synth
3andi frigo ydir bruit bizarre,find_worker,appliance_repair,synth
نڨدر نلڨى ماصون يجي اليوم لـ بليدة؟,find_worker,mason,synth
pc ta3i wela lourd yasser wach ndir?,out_of_scope,none,synth
واش هي الأسعار نتاع ميكانيسيان في جيجل؟,price_inquiry,mechanic,synth
صحا خويا,greeting_chitchat,none,synth
porte en fer forgé lel 7ouch ... chkoun ysal7hali?,find_worker,welder,synth
يا شيخ نسيت كلمة السر، واش نديار؟,app_question,none,synth
شحال يدير ميكانيكي في بجايه؟,price_inquiry,mechanic,synth
compteur yti7 ki nch3el la clim w le four ensemble wach ndir,find_worker,electrician,synth
بليز بنّاء في ورقلة ضركا ضركا، نديرو مارشات قدام باب الدار,urgent_service,mason,synth
ma l9itch mécanicien disponible f Biskra,find_worker,mechanic,synth
sa7bi kifach nzid des photos l khedmti?,app_question,none,synth
شحال السوم تاع مول الصباغة؟,price_inquiry,painter,synth
merci khouya merci,greeting_chitchat,none,synth
بليز مول الضو في عنابة دورك دورك، الكونتور يدق كي نشعلو زوج ماشينات,urgent_service,electrician,synth
يا جماعة كيفاش نفعل الموقع باش يلقاوني العمال؟,app_question,none,synth
يا خويا شحال نخلص باش نصلح نبغي نديار سياج حول الجنان؟,price_inquiry,mason,synth
الطوموبيل تحبس في نص الطريق شكون عندو حل,find_worker,mechanic,synth
la clim na9esha gaz men fadlkom,find_worker,ac_repair,synth
سلام خويا، البلاط نتاع الساحة تحرك وتكسر ونحتاج ماصون ديركت دوك,urgent_service,mason,synth
compte guest kifach ykhdem? rabi y7afdkom,app_question,none,synth
"svp 7addad f Tizi Ouzou vite, rampe d escalier en fer",urgent_service,welder,synth
sa7bi kifach nghayyer profession fel compte ta3i?,app_question,none,synth
شحال تكلف خدمة: ضو نتاع الموتور شاعل في الطابلو,price_inquiry,mechanic,synth
"svp kahrabji f Constantine vite, nrakeb un lustre f salon",urgent_service,electrician,synth
rani n7awes 3la tabbakha f Constantine,find_worker,caterer,synth
wach kayen مول الضو 2rib meni f برج بوعريريج?,find_worker,electrician,synth
شكرا على المساعدة بارك الله فيكم,greeting_chitchat,none,synth
ch7al ydir sebbagh f Tiaret?,price_inquiry,painter,synth
les amis ch7al nkhalles bach nsale7 placard sur mesure?,price_inquiry,carpenter,synth
"3andi nheb nrakeb lavabo jdid fel hammam, chkoun ye3ref مول السباكة mli7?",find_worker,plumber,synth
تحفيفة للأولاد قبل الدخول المدرسي!! نحتاج واحد يجي فيسع,urgent_service,barber,synth
chkoun 3ando numero nta3 mécanicien f Ouargla?,find_worker,mechanic,synth
راهي عندي الكليماتيزور يدير صوت غريب وحاصل,find_worker,ac_repair,synth
الطوموبيل تحبس في نص الطريق ومازال ما لقيتش لي يصلحها,find_worker,mechanic,synth
les amis je cherche un wa7ed y3aweni f khedma f dar à Biskra,find_worker,none,synth
نحوس على شقة للكراء في Mostaganem,out_of_scope,none,synth
الرطوبة قوست البلاكو نتاع البيت فيسع فيسع,urgent_service,plasterer,synth
رتوش خفيف على روبة السهرة!! نحتاج واحد يجي فيسع,urgent_service,tailor,synth
شحال نخلص باش نصلح نبغي نديار باب حديد للحوش؟,price_inquiry,welder,synth
الديجونكتور يطيح ديما من فضلكم,find_worker,electrician,synth
rani n7awes 3la plombier f Constantine,find_worker,plumber,synth
نقدر نلقى لي يدير الميناج يجي اليوم لـ الشلف؟,find_worker,cleaner,synth
ya khouya comment ca marche l'application?,app_question,none,synth
بليز ميكانيكي في سكيكدة دورك دورك، الموتور يسخن بزاف,urgent_service,mechanic,synth
معليش تقولي كيفاش راه الطقس في تيزي وزو؟,out_of_scope,none,synth
شكون عندو نيميرو تاع منوزيي في مستغانم؟,find_worker,carpenter,synth
urgence!! la clim ma tsakhanch f chta f Skikda,urgent_service,ac_repair,synth
واش الخلاص يكون كاش ولا بالكارطة؟ والله غير حاصل,app_question,none,synth
الطوموبيل تدخن دخان كحل ومازال ما لقيتش لي يصلحها,find_worker,mechanic,synth
chkoun 3ando numero ta3 tabbakha f Jijel?,find_worker,caterer,synth
نحتاج تريتور مليح في الشلف,find_worker,caterer,synth
urgence!! brushing w couleur f dar f Annaba ya kho,urgent_service,barber,synth
3awnouni meuble tv en placo fel mur w rani 7asel,urgent_service,plasterer,synth
دورك دورك تنظيف بعد خدمة البناء,urgent_service,cleaner,synth
sa7bi seche-linge khasser chkoun 3ando solution,find_worker,appliance_repair,synth
extension ta3 dar men fadlkom,find_worker,mason,synth
depuis 3 jours 3andna retouche pantalon twil,find_worker,tailor,synth
من فضلكم شكرا على المساعدة,greeting_chitchat,none,synth
الكليمة تقطر الما في البيت، شكون يعرف مول الكليمة مليح,find_worker,ac_repair,synth
les prix ta3 soudeur f Blida?,price_inquiry,welder,synth
بليز مول البناء في مستغانم دورك دورك، الكارلاج تاع الحمام تقلع وولى يجمع الما,urgent_service,mason,synth
depuis 3 jours 3andna couscous l 50 personnes lel sadaqa,find_worker,caterer,synth
besoin d un mol l placo serieux f Ouargla,find_worker,plasterer,synth
devis approximatif: installation clim jdida? rabi y7afdkom,price_inquiry,ac_repair,synth
دلوني على ميكانيسيان شاطر ومعقول ياخو,find_worker,mechanic,synth
كيفاش نمسح الحساب تاعي؟ وشكرا مسبأا,app_question,none,synth
ya khouya nettoyage appartement gbel ma nekriwah,find_worker,cleaner,synth
من فضلكم كيفاش نقيّم العامل بعد الخدمة؟,app_question,none,synth
cloison placo bach n2assmou la chambre 3awnouni ya kho,find_worker,plasterer,synth
بليز ناقل العفش في باتنة ضروك ضروك، نقل بيانو من الطابق الرابع,urgent_service,mover,synth
svp bonsoir,greeting_chitchat,none,synth
sa7bi ch7al nkhalles bach nsale7 fuite ta7t le lavabo?,price_inquiry,plumber,synth
sa7bi chkoun yqasli el gazon ta3 jardin?,out_of_scope,none,synth
saha khouya w chokran,greeting_chitchat,none,synth
clima t9atter el ma ... chkoun ysal7hali?,find_worker,ac_repair,synth
chkoun 3ando numero nta3 menuisier f Ouargla,find_worker,carpenter,synth
ya3tik saha w chokran,greeting_chitchat,none,synth
nheb maçon yji lyoum l Ghardaia,find_worker,mason,synth
nebghi maçon yji lyoum l Bejaia,find_worker,mason,synth
نحتاج مول الجبس مليح في بومرداس بارك الله فيكم,find_worker,plasterer,synth
دورك دورك الطوموبيل ما تحبش تشعل,urgent_service,mechanic,synth
يا جماعة نبغي نشري ماشينة صابون جديدة شحال السوم؟,out_of_scope,none,synth
بشحال الخدمة تاع مول الصباغة تقريبا؟ الله يخليك,price_inquiry,painter,synth
compteur ta3 el ma yfuiti w ma 3reftch win nrou7,find_worker,plumber,synth
نحوس على شقة للكراء في Batna,out_of_scope,none,synth
نديرو حيط بلاكو نأسمو بيه البيت ومازال ما لأيتش لي يصلحها,find_worker,plasterer,synth
les amis besoin d un mécanicien serieux f Batna,find_worker,mechanic,synth
عاونوني! نحب نخيط قندورة للعيد وراني حاصل,urgent_service,tailor,synth
نحتاج واحد يعاونني في خدمة في الدار مليح في غرداية,find_worker,none,synth
win nelga pizzeria mli7a f تلمسان?,out_of_scope,none,synth
"ya cheikh svp plakist f Blida vite, faux plafond ba13 f salon",urgent_service,plasterer,synth
ya kho nbi3 telephone samsung presque jdid,out_of_scope,none,synth
win kayen pharmacie griba f Ouargla?,out_of_scope,none,synth
يا خويا واش التطبيق مجاني ولا بالخلاص؟,app_question,none,synth
صاحبي نڨدر نلڨى واحد يعاونني في خدمة في الدار يجي اليوم لـ باتنة؟,find_worker,none,synth
صحا، جاري قالي نسقسي هنا على لحّام في سكيكدة,find_worker,welder,synth
devis approximatif: four ma yeskhonch?,price_inquiry,appliance_repair,synth
n7awes 3la dentiste ghaya f Alger,out_of_scope,none,synth
kifach ndir compte facebook?,out_of_scope,none,synth
عندي الدرج الخشبي يزڨزڨ ونحتاج واحد يصلحهالي,find_worker,carpenter,synth
"3andi nettoyage ta3 dar kamla, chkoun ye3ref agent de nettoyage mli7?",find_worker,cleaner,synth
devis approximatif: isolation avec ba13?,price_inquiry,plasterer,synth
ya cheikh labas?,greeting_chitchat,none,synth
واش نڨدر نستعمل التطبيڨ كضيف بلا كونت؟,app_question,none,synth
شحال يدير بنّاء في وهران؟,price_inquiry,mason,synth
cas urgent: les freins ydiro bruit,urgent_service,mechanic,synth
c'est quoi l'abonnement pro?,app_question,none,synth
demenagement ta3 bureau wach ndir w chokran,find_worker,mover,synth
"slm, prof ta3 maths l les cours particuliers",out_of_scope,none,synth
ya khouya installation sonnette ta3 el bab,find_worker,electrician,synth
win kayen pharmacie 9riba f Bejaia?,out_of_scope,none,synth
"3andi nheb ndir porte blindée, chkoun ye3ref soudor mli7?",find_worker,welder,synth
سلام خويا، كيفاه نزيد تصاور لخدماتي؟,app_question,none,synth
شحال تكلف خدمة: نبغي نركب تريات في السڨف؟,price_inquiry,electrician,synth
n7taj taxi l aeroport ghedwa rabi y7afdkom,out_of_scope,none,synth
reparer les volets ta3 fenetres 3awnouni,find_worker,carpenter,synth
n7awes 3la dentiste mli7 f Ouargla,out_of_scope,none,synth
ارجو المساعدة بسرعة، نبدلو الدار الشهر الجاي ونحتاجو نقل القش ياخو,urgent_service,mover,synth
ياخو البورطاي ما عادش يتسكر مليح ومازال ما لقيتش لي يصلحها,find_worker,welder,synth
restaurant ghaya l le diner f Biskra?,out_of_scope,none,synth
dorka dork la clim na9esha gaz,urgent_service,ac_repair,synth
نسيت كلمة السر، واش نديار,app_question,none,synth
لاباس عليكم,greeting_chitchat,none,synth
salut svp,greeting_chitchat,none,synth
n9el machine a laver l etage ... chkoun ysal7hali?,find_worker,mover,synth
dork dork coupe + barbe w contour,urgent_service,barber,synth
راني نحوس على كهربائي في برج بوعريريج,find_worker,electrician,synth
شحال يكلف الاشتراك في الشهر؟ بارك الله فيكم,app_question,none,synth
coupe + barbe w contour n7taj coiffeur tawa douk,urgent_service,barber,synth
"j'ai oublié mon mot de passe, wach ndir",app_question,none,synth
urgence!! dalle jdida f ورقلة,urgent_service,mason,synth
الدار فيها الفرينات يديرو صوت يخوف من سيمانة كاملة,find_worker,mechanic,synth
compte guest kifah ykhdem?,app_question,none,synth
دلوني على تريسيان شاطر ومعقول,find_worker,electrician,synth
يا شيخ نحوس على شقة للكراء في سطيف,out_of_scope,none,synth
واش هي الأسعار تاع مول الضو في بومرداس,price_inquiry,electrician,synth
les amis le paiement fel appli kifach ykoun?,app_question,none,synth
"saha, les prix ta3 agent de nettoyage f Tizi Ouzou?",price_inquiry,cleaner,synth
شحال يكلف الاشتراك في الشهر,app_question,none,synth
ch7al ykalefni mason pour une journee?,price_inquiry,mason,synth
شحال السوم تاع صباغ,price_inquiry,painter,synth
ch7al ykalefni لحّام pour une journee?,price_inquiry,welder,synth
نحوس أستاذ يعطي دروس خصوصية في الرياضيات يعطيكم الصحة,out_of_scope,none,synth
عندي شعري طويل ونحب تحفيفة ديغراديه في الدار، واش نديار,find_worker,barber,synth
restaurant mli7 l le diner f تيارت? ya kho,out_of_scope,none,synth
les prix nta3 kahrabji f Skikda?,price_inquiry,electrician,synth
وين نلقى بيتزيريا مليحة في عنابة؟ ياخو,out_of_scope,none,synth
شحال يدير مول الحلاأة في تيزي وزو؟,price_inquiry,barber,synth
شحال السوم تاع ماصون,price_inquiry,mason,synth
gateaux traditionnels lel 3ers ... chkoun ysal7hali?,find_worker,caterer,synth
راسي شعث بزاف ونحتاج نحفف ومازال ما لقيتش لي يصلحها,find_worker,barber,synth
صحا، كيفاه نخدم بهاد التطبيگ؟,app_question,none,synth
kifah rah el jaw f Tlemcen?,out_of_scope,none,synth
الاومبرياج يزلق شكون عندو حل,find_worker,mechanic,synth
دورك دورك العجلة تنفّس الله يخليك,urgent_service,mechanic,synth
merci bcp rabi y7afdkom,greeting_chitchat,none,synth
جاري قالي نسقسي هنا على منوزيي في جيجل,find_worker,carpenter,synth
يا شيخ شكون عندو نيميرو تاع ديمناجور في بليدة؟,find_worker,mover,synth
السروال يحتاج تگصير واش نديار الله يخليك,find_worker,tailor,synth
شحال نخلص باش نصلح نحب حماية حديد للفنيترات؟,price_inquiry,welder,synth
كيفاه نبدل رقم تيليفوني في الكونت,app_question,none,synth
3andi ta7fifa w l7ya,find_worker,barber,synth
wach ne9der nesta3mel l appli offline? ya kho,app_question,none,synth
عندي البورطاي ما عادش يتسكر مليح في الدار، واش نديار,find_worker,welder,synth
transport ta3 piano men fadlkom,find_worker,mover,synth
nheb sebbak yji lyoum l Ouargla,find_worker,plumber,synth
combien pour peinture nta3 dar kamla?,price_inquiry,painter,synth
nheb menuisier yji lyoum l Alger,find_worker,carpenter,synth
cas urgent: demenagement men Oran l Alger,urgent_service,mover,synth
يا شيخ شكرا على المساعدة,greeting_chitchat,none,synth
صاحبي وين نلقى بيتزيريا مليحة في باتنة؟,out_of_scope,none,synth
ch7al prix nta3 abonnement par mois? svp,app_question,none,synth
3lach les notifications ma yjounich?,app_question,none,synth
wach kayen ماصون 9rib meni f بجاية?,find_worker,mason,synth
3awnouni machine a laver ma tkhdemch w rani 7asel rabi y7afdkom,urgent_service,appliance_repair,synth
les prix ta3 wa7ed y3aweni f khedma f dar f Alger?,price_inquiry,none,synth
ch7al taman bach ndir traiteur pour mariage 100 personnes?,price_inquiry,caterer,synth
يا شيخ نحتاج بنّاء مليح في غرداية,find_worker,mason,synth
ch7al nkhalles bach nsale7 placard sur mesure?,price_inquiry,carpenter,synth
واش كاين شي واحد يعاونني في خدمة في الدار قريب من تيزي وزو؟,find_worker,none,synth
سلام خويا، نحب وصفة كسكسي بالدجاج,out_of_scope,none,synth
"svp menuisier f Blida vite, reparer les volets ta3 fenetres",urgent_service,carpenter,synth
ch7al ykalefni électricien pour une journee?,price_inquiry,electrician,synth
سلام، شحال تكلف خدمة: نحتاج صباغة السقف؟,price_inquiry,painter,synth
besoin d un transport meubles serieux f Skikda,find_worker,mover,synth
نحوس على شقة للكراء في بومرداس بارك الله فيكم,out_of_scope,none,synth
fermeture eclair ta3 veste khasra w ma 3reftch win nrou7,find_worker,tailor,synth
راني نحوس على فام دو ميناج في بجاية,find_worker,cleaner,synth
شحال يدير مول الضو في سطيف؟,price_inquiry,electrician,synth
راهي عندي فو بلافون مع اضاءة مخبية وحاصل,find_worker,plasterer,synth
ya kho bn nuit khouya,greeting_chitchat,none,synth
les lampes yrigliw wa7edhom w ma 3reftch win nrou7,find_worker,electrician,synth
"3andi reparer les volets nta3 fenetres, chkoun ye3ref menuisier mli7?",find_worker,carpenter,synth
svp win nelqa pizzeria mli7a f Jijel?,out_of_scope,none,synth
ch7al taman bach ndir déplacer la clim l chambre okhra? ya kho,price_inquiry,ac_repair,synth
كاين ريحة مجاري في الحمام ونحتاج بلومبيي ديركت دوك,urgent_service,plumber,synth
نحتاج مول الخياطة يجي غدوة الصباح لـ عنابة,find_worker,tailor,synth
wach kayen sebbagh 9rib meni f Bordj Bou Arreridj?,find_worker,painter,synth
ch7al nkhalles bach nsale7 couscous l 50 personnes lel sada9a,price_inquiry,caterer,synth
نبغي نتعلم الحلاگة باش نحل صالون,out_of_scope,none,synth
شكرا على المساعدة,greeting_chitchat,none,synth
"svp فام دو ميناج f وهران vite, femme de menage l villa kol khemis",urgent_service,cleaner,synth
devis approximatif: la clim ma tsakhanch f chta?,price_inquiry,ac_repair,synth
الدار فيها نحب نديار قفص حديد فوق السطح من سيمانة كاملة,find_worker,welder,synth
besoin d un wa7ed y3aweni f khedma f dar serieux f Ghardaia,find_worker,none,synth
"svp coiffeur f Tizi Ouzou vite, coupe pour les enfants avant la rentrée",urgent_service,barber,synth
صحا، راني نحوس على لي يدير الميناج في مستغانم,find_worker,cleaner,synth
wach kayen منوزيي 9rib meni f عنابة?,find_worker,carpenter,synth
شحال تكلف خدمة: نبغي نكوموندي حلويات تڨليدية للعرس؟,price_inquiry,caterer,synth
كيفاش نشوف تأييمات العامل ابل ما نخدم معاه؟,app_question,none,synth
نحوس على طبيب أسنان مليح في قسنطينة,out_of_scope,none,synth
ya kho kifach neb3et demande de service?,app_question,none,synth
3andi couscous l 50 personnes lel sada9a,find_worker,caterer,synth
3andi nettoyage nta3 dar kamla,find_worker,cleaner,synth
four ma yeskhonch w ma 3reftch win nrou7,find_worker,appliance_repair,synth
"bonjour, je cherche un bennay à Batna",find_worker,mason,synth
je cherche un kahrabji à Bordj Bou Arreridj,find_worker,electrician,synth
kifah nchouf les avis ta3 worker,app_question,none,synth
راني نحوس على فام دو ميناج في تيزي وزو,find_worker,cleaner,synth
coudre des rideaux occultants l chambre,find_worker,tailor,synth
كيفاش نفعل الموقع باش يلقاوني العمال؟ ياخو,app_question,none,synth
devis approximatif: des ouvriers ynazlou el 9ach mel 5eme etage?,price_inquiry,mover,synth
واش هي الأسعار تاع مول الضو في قسنطينة؟,price_inquiry,electrician,synth
شحال نخلص باش نصلح الباب تاع الكوزينة تكسر؟,price_inquiry,carpenter,synth
ch7al ydir wa7ed y3aweni f khedma f dar f Constantine?,price_inquiry,none,synth
شحال يكلف الكارلاج تاع الحمام تقلع وولى يجمع الما؟,price_inquiry,mason,synth
تصليح سودير في السلم الحديدي عاونوني,find_worker,welder,synth
السياج تاع الحديد تكسر ومحتاج سودير، شكون يعرف سودور مليح؟,find_worker,welder,synth
يا جماعة شحال السوم تاع تقني كليماتيزور؟,price_inquiry,ac_repair,synth
nheb plombi yji lyoum l Jijel,find_worker,plumber,synth
ma lgitch technicien clim disponible f Mostaganem,find_worker,ac_repair,synth
"slm, nheb net3allem la soudure kayen formation?",out_of_scope,none,synth
شحال يكلفني traiteur لليوم كامل؟,price_inquiry,caterer,synth
ch7al nkhalles bach nsale7 camion sghir bach nne9lou les meubles?,price_inquiry,mover,synth
شحال نخلص باش نصلح الفرينات يديرو صوت يخوف؟,price_inquiry,mechanic,synth
البيسي تاعي ولا ثقيل بزاف واش نديار؟ وشكرا مسبقا,out_of_scope,none,synth
femme de menage teji kol jem3a wach ndir,find_worker,cleaner,synth
ya kho combien pour retouche ta3 costume?,price_inquiry,tailor,synth
وين نقرا لانجليزية في جيجل؟,out_of_scope,none,synth
طوفان الما في الكوزينة واش نديار والله غير حاصل,find_worker,plumber,synth
رتوش خفيف على روبة السهرة,find_worker,tailor,synth
urgence!! soudure ta3 porte metallique f Batna,urgent_service,welder,synth
نبغي نديار قفص حديد فوق السطح ومازال ما لقيتش لي يصلحها,find_worker,welder,synth
kifach rah el jaw f Chlef?,out_of_scope,none,synth
بشحال الخدمة نتاع technicien clim تڨريبا؟,price_inquiry,ac_repair,synth
يا خويا وين نلقى الطلبات لي بعثتهم؟,app_question,none,synth
خويا الجبس تاع البيت طاح مع الشتا شكون يجي يشوفها,find_worker,plasterer,synth
وين نلأى الطلبات لي بعثتهم؟,app_question,none,synth
3andi batterie morte,find_worker,mechanic,synth
cas urgent: construire un garage f jardin,urgent_service,mason,synth
دلوني على مصلح الأجهزة شاطر ومعقول,find_worker,appliance_repair,synth
robinet y9atter men fadlkom,find_worker,plumber,synth
صباغة الأبواب والفنيترات عاونوني,find_worker,painter,synth
نحتاج واحد يگص الحشيش تاع الجنان,out_of_scope,none,synth
مستعجل: نحتاج couturiere اليوم في Bordj Bou Arreridj,urgent_service,tailor,synth
الدار فيها نحب ننأل العفش لدار جديدة من سيمانة كاملة بارك الله فيكم,find_worker,mover,synth
شحال يكلفني منوزيي لليوم كامل,price_inquiry,carpenter,synth
ma lgitch mol l placo disponible f Constantine,find_worker,plasterer,synth
ch7al taman bach ndir faux plafond ba13 f salon?,price_inquiry,plasterer,synth
نحب نديار مكتبة في الحيط بالبلاكو عاونوني,find_worker,plasterer,synth
نحب وصفه كسكسي بالدجاج,out_of_scope,none,synth
drari y7afffo 9bel l3id 3awnouni w chokran,find_worker,barber,synth
3andi voiture ma techa3lch,find_worker,mechanic,synth
kifach rah el jaw f Tlemcen?,out_of_scope,none,synth
صحا، كيفاش نقيّم العامل بعد الخدمة؟,app_question,none,synth
3andi mochkla f wifi ta3 djezzy rabi y7afdkom,out_of_scope,none,synth
شكون عندو نيميرو نتاع خياطة في غرداية؟,find_worker,tailor,synth
reparation grille ta3 fenetre 3awnouni,find_worker,welder,synth
شحال راهي الساعه؟,out_of_scope,none,synth
وين كاين أقرب صيدلية في تلمسان؟,out_of_scope,none,synth
شحال نخلص باش نصلح الشوفو ما يسخنش الما؟,price_inquiry,plumber,synth
les prix ta3 wa7ed y3aweni f khedma f dar f Chlef?,price_inquiry,none,synth
راني نحوس على خياط في مستغانم,find_worker,tailor,synth
chkoun 3ando numero nta3 soudor f Batna?,find_worker,welder,synth
نديرو درابزين حديد للدرج شكون عندو حل,find_worker,welder,synth
clim ma tberredch wach ndir,find_worker,ac_repair,synth
les amis kifach neb3et demande de service?,app_question,none,synth
الروبه تحتاج تضييق من الجناب ونحتاج خياطه ديركت دوك,urgent_service,tailor,synth
راهي عندي لاباتري راهي ميتة وحاصل,find_worker,mechanic,synth
location camion m3a demenageurs,find_worker,mover,synth
"svp couturiere f Chlef vite, retouche ta3 costume rabi y7afdkom",urgent_service,tailor,synth
ch7al ydir maçon f Blida?,price_inquiry,mason,synth
الدار فيها الكارلاج تاع الحمام تقلع وولى يجمع الما من سيمانة كاملة,find_worker,mason,synth
ضركا دورك صباغة الأبواب والفنيترات,urgent_service,painter,synth
خويا تنظيف الفور والتلاجة والكوزينة الكل گبل رمضان شكون يجي يشوفها,find_worker,cleaner,synth
win nechri gazon w les plantes f تيزي وزو? w chokran,out_of_scope,none,synth
جاري قالي نسقسي هنا على najjar في Tizi Ouzou,find_worker,carpenter,synth
واش هي الأسعار تاع مول الميكانيك في بسكرة؟,price_inquiry,mechanic,synth
دلوني على صباغ شاطر ومعگول,find_worker,painter,synth
depuis 3 jours 3andna prise ma7rou9a,find_worker,electrician,synth
location camion m3a demenageurs wach ndir,find_worker,mover,synth
نبغي نزيد بريزة جديدة في البيرو عاونوني,find_worker,electrician,synth
دلوني على دهان شاطر ومعقول,find_worker,painter,synth
من فضلكم صحا خويا,greeting_chitchat,none,synth
صحا، نبيع تيليفون سامسونج شبه جديد,out_of_scope,none,synth
rani n7awes 3la agent de nettoyage f Oran w chokran,find_worker,cleaner,synth
شحال يدير حلاق في سكيكده؟,price_inquiry,barber,synth
les amis salut,greeting_chitchat,none,synth
ch7al taman bach ndir peinture ta3 chambre d'enfants?,price_inquiry,painter,synth
ya khouya saha khouya,greeting_chitchat,none,synth
"saha, tabbakha tji ttayeb f dar!! chkoun yji fissa3?",urgent_service,caterer,synth
نحب نتعلم الخياطة واش كاين تكوين ڨريب,out_of_scope,none,synth
عاونوني! الحيوط مخبشين ونحتاجو تصليح وصباغة وراني حاصل,urgent_service,painter,synth
راهي عندي نديرو حيط بلاكو نقسمو بيه البيت وحاصل,find_worker,plasterer,synth
"svp plombier f Ghardaia vite, roubini rah yfuiti",urgent_service,plumber,synth
ch7al ydir électricien f Annaba?,price_inquiry,electrician,synth
ch7al ykalefni reparateur climatiseur pour une journee,price_inquiry,ac_repair,synth
ch7al taman bach ndir portail ta3 garage mkasser? svp,price_inquiry,welder,synth
ch7al nkhalles bach nsale7 des ouvriers ynazlou el 9ach mel 5eme etage?,price_inquiry,mover,synth
la chasse d'eau khasra chkoun 3ando solution,find_worker,plumber,synth
ياخو مستعجل: نحتاج مول البلاكو اليوم في ڨسنطينة,urgent_service,plasterer,synth
"saha, salut",greeting_chitchat,none,synth
فو بلافون مع اضاءة مخبية,find_worker,plasterer,synth
بشحال الخدمة نتاع plaquiste تقريبا,price_inquiry,plasterer,synth
دلوني على حلاق شاطر ومعقول,find_worker,barber,synth
ch7al prix nta3 abonnement par mois? merci,app_question,none,synth
مستعجل: نحتاج حلاق اليوم في سطيف,urgent_service,barber,synth
من فضلكم شحال تكلف خدمة: الما يقطر من سقف الحمام؟,price_inquiry,plumber,synth
ya cheikh win nechri gazon w les plantes f Tizi Ouzou?,out_of_scope,none,synth
وين نشري ماكينة خياطة جديدة في قسنطينة؟,out_of_scope,none,synth
الله يخليكم نحتاج نتوايا وصيانة الكليمة قبل الصيف ومقدرتش نلقى حل,urgent_service,ac_repair,synth
urgence!! clim ma tberredch f Setif,urgent_service,ac_repair,synth
الطوموبيل تحبس في نص الطريگ واش نديار,find_worker,mechanic,synth
ch7al ydir électricien f Oran?,price_inquiry,electrician,synth
wach kayen mol clima 9rib meni f Ghardaia?,find_worker,ac_repair,synth
depuis 3 jours 3andna ta7fifa w l7ya svp,find_worker,barber,synth
نحتاج نبدل الكابلاج الگديم تاع الدار فيسع فيسع,urgent_service,electrician,synth
كيفاه نشارك في العروض تاع الخدمات,app_question,none,synth
واش هي الأسعار تاع مول السودير في باتنة؟,price_inquiry,welder,synth
win nel9a pizzeria mli7a f Mostaganem?,out_of_scope,none,synth
win nechri gazon w les plantes f Bordj Bou Arreridj,out_of_scope,none,synth
راني نحوس على نجار في تيزي وزو,find_worker,carpenter,synth
نحوس وصفة طاجين حلو للعيد الله يخليك,out_of_scope,none,synth
ma l9itch demenageur disponible f Skikda,find_worker,mover,synth
kifah nzid des photos l khedmti?,app_question,none,synth
شحال تكلف خدمه: تركيب بلاكو بلاتر مع السبوتات؟,price_inquiry,plasterer,synth
صاحبي كيفاش نفعل الموقع باش يلقاوني العمال؟,app_question,none,synth
ma l9itch plombier disponible f Boumerdes,find_worker,plumber,synth
repas ta3 khetana jour el jem3a fissa3 svp,urgent_service,caterer,synth
combien pour ta7fifa lel 3id?,price_inquiry,barber,synth
drouk dork etancheite ta3 stah ya kho,urgent_service,mason,synth
شحال تكلف خدمة: حففلي راسي ديغراديه؟,price_inquiry,barber,synth
واش هي الأسعار تاع نجار في تلمسان؟,price_inquiry,carpenter,synth
السياج الأخضر تاع الجنان يحتاج تقليم وشكرا مسبقا,out_of_scope,none,synth
نحوس على شقة للكراء في Annaba,out_of_scope,none,synth
"slm, chkoun 3ando numero ta3 reparateur machine a laver f Blida?",find_worker,appliance_repair,synth
مستعجل: نحتاج منوزيي اليوم في تلمسان,urgent_service,carpenter,synth
win kayen pharmacie 9riba f Biskra? w chokran,out_of_scope,none,synth
كيفاش نزيد تصاور لخدماتي,app_question,none,synth
سلام خويا، شحال تكلف خدمة: الكليماتيزور يدير صوت غريب؟,price_inquiry,ac_repair,synth
الله يخليكم نحتاج تركيب كليمة جديدة ومأدرتش نلأى حل,urgent_service,ac_repair,synth
نحب نتعلم الخياطة واش كاين تكوين قريب؟ الله يخليك,out_of_scope,none,synth
شحال السوم نتاع مول الكليمه؟,price_inquiry,ac_repair,synth
شحال راهي الساعة؟,out_of_scope,none,synth
"bonjour, le paiement fel appli kifach ykoun?",app_question,none,synth
شحال نخلص باش نصلح الكليمة تجري الما من الداخل؟,price_inquiry,ac_repair,synth
sa7bi drouk dork moteur yeskhon bezzaf,urgent_service,mechanic,synth
wach ne9der ncancel demande b3aththa,app_question,none,synth
grille de protection lel fenetres ... chkoun ysal7hali?,find_worker,welder,synth
يعطيكم الصحة، نحوس مصلح الأجهزة ناشط في الجزائر العاصمة,find_worker,appliance_repair,synth
kifach rah el jaw f Boumerdes?,out_of_scope,none,synth
win kayen pharmacie qriba f Jijel? ya kho,out_of_scope,none,synth
يعطيكم الصحة، نحوس واحد يعاونني في خدمة في الدار ناشط في قسنطينة,find_worker,none,synth
ma l9itch plombier disponible f Skikda,find_worker,plumber,synth
دلوني على خياطة شاطر ومعأول,find_worker,tailor,synth
tadyi9 ta3 9amidja men jnab ... chkoun ysal7hali? ya kho,find_worker,tailor,synth
نبغي نديار باب حديد للحوش!! نحتاج واحد يجي فيسع,urgent_service,welder,synth
دلوني على ميكانيكي شاطر ومعقول,find_worker,mechanic,synth
chkoun 3ando numero ta3 plakist f Tlemcen? w chokran,find_worker,plasterer,synth
واش التطبيڨ يخدم بلا انترنات؟,app_question,none,synth
besoin d un transport meubles serieux f Constantine,find_worker,mover,synth
n7awes jardinier ghaya ytayye7li les mauvaises herbes wallah ghir 7asel,out_of_scope,none,synth
je cherche un wa7ed y3aweni f khedma f dar à Skikda,find_worker,none,synth
devis approximatif: traiteur pour mariage 100 personnes?,price_inquiry,caterer,synth
نحوس على ريسطورون مليح للعشاء في Skikda,out_of_scope,none,synth
واش كاين شي واحد يعاونني في خدمة في الدار قريب من باتنة؟,find_worker,none,synth
ya cheikh chkoun y9asli el gazon nta3 jardin?,out_of_scope,none,synth
بشحال الخدمة تاع لي يصلح الكليمة تقريبا,price_inquiry,ac_repair,synth
كيفاش نمسح الحساب تاعي؟,app_question,none,synth
3awnouni recharge gaz ta3 la clim w rani 7asel,urgent_service,ac_repair,synth
الدار فيها ميناج أسبوعي للفيلا من سيمانة كاملة,find_worker,cleaner,synth
prof ta3 maths l les cours particuliers rabi y7afdkom,out_of_scope,none,synth
"saha, svp menage f Ouargla vite, menage apres travaux",urgent_service,cleaner,synth
عندي حفرة كبيرة في حيط الجبس ونحتاج واحد يصلحهالي,find_worker,plasterer,synth
kifach rah el jaw f Jijel?,out_of_scope,none,synth
سلام خويا، شحال يكلف نحب نديار باب حديد للحوش؟,price_inquiry,welder,synth
"3andi douche ma fihach el ma, chkoun ye3ref سباك mli7?",find_worker,plumber,synth
واش التطبيگ يخدم بلا انترنات؟ والله غير حاصل,app_question,none,synth
humidité fel mur wach ndir rabi y7afdkom,find_worker,mason,synth
sa7bi bslema,greeting_chitchat,none,synth
pc ta3i wela lourd bezzaf wach ndir? merci,out_of_scope,none,synth
déménagement complet,find_worker,mover,synth
يعيشك خويا وشكرا مسبگا,greeting_chitchat,none,synth
nheb khayat yji lyoum l Chlef ya kho,find_worker,tailor,synth
وين نشري ماكينة خياطة جديدة في مستغانم؟,out_of_scope,none,synth
je cherche un kahrabji à Annaba,find_worker,electrician,synth
kifach rah el jaw f Biskra?,out_of_scope,none,synth
نبغي نشري طوموبيل مستعملة، واش تنصحوني؟ والله غير حاصل,out_of_scope,none,synth
مستعجل: نحتاج مول الجبس اليوم في بومرداس,urgent_service,plasterer,synth
لاباس عليكم؟,greeting_chitchat,none,synth
tabbakha lel 3ers n7taj traiteur tawa dork,urgent_service,caterer,synth
وين نقرا لانجليزية في مستغانم؟,out_of_scope,none,synth
راهي عندي حففلي راسي ديغراديه وحاصل,find_worker,barber,synth
balustrade lel balcon fissa3 svp,urgent_service,welder,synth
nebghi nechri machine a laver jdida ch7al?,out_of_scope,none,synth
rani n7awes 3la sebbak f Setif,find_worker,plumber,synth
win nechri machine a coudre f Constantine,out_of_scope,none,synth
nb7ath 3la babysitter l wladi merci,out_of_scope,none,synth
يا جماعة كيفاش نبدل رقم تيليفوني في الكونت؟,app_question,none,synth
نحب نتعلم الخياطة واش كاين تكوين اريب؟,out_of_scope,none,synth
السياج الأخضر تاع الجنان يحتاج تأليم,out_of_scope,none,synth
"slm, toute la maison sans courant n7taj electricien tawa dork",urgent_service,electrician,synth
نحوس على شگة للكراء في گسنطينة,out_of_scope,none,synth
je cherche un wa7ed y3aweni f khedma f dar à Constantine,find_worker,none,synth
refaire le carrelage ta3 cuisine w ma 3reftch win nrou7,find_worker,mason,synth
الدار فيها الطواليت محبوسة والما يطلع من سيمانة كاملة,find_worker,plumber,synth
nebghi nechri machine a laver jdida ch7al? svp,out_of_scope,none,synth
ya kho rani n7awes 3la réparateur électroménager f Ouargla,find_worker,appliance_repair,synth
les prix ta3 sebbak f Skikda?,price_inquiry,plumber,synth
صباغة الأبواب والفنيترات ونحتاج صباغ ديركت توا,urgent_service,painter,synth
chkoun y9asli el gazon ta3 jardin,out_of_scope,none,synth
البيسي تاعي ولا ثڨيل ياسر واش نديار؟,out_of_scope,none,synth
صاحبي كيفاش نقيّم العامل بعد الخدمة؟,app_question,none,synth
ch7al nkhalles bach nsale7 congelateur ma yjamedch? svp,price_inquiry,appliance_repair,synth
واش هي الأسعار تاع لي يدير الميناج في باتنة؟,price_inquiry,cleaner,synth
les prix ta3 plombier f Alger?,price_inquiry,plumber,synth
"3andi installation chauffe-eau jdid, chkoun ye3ref plombier mli7?",find_worker,plumber,synth
transport ta3 les affaires l dar jdida wach ndir,find_worker,mover,synth
sa7bi wach nqder nkoun worker w client f meme temps?,app_question,none,synth
demenagement nta3 bureau chkoun 3ando solution,find_worker,mover,synth
نحب نتعلم الحلاگه باش نحل صالون,out_of_scope,none,synth
meuble tv en placo fel mur!! chkoun yji fissa3?,urgent_service,plasterer,synth
وين نقرا لانجليزية في Setif؟,out_of_scope,none,synth
ياخو كيفاه نزيد تصاور لخدماتي؟,app_question,none,synth
nheb nechri machine a laver jdida ch7al?,out_of_scope,none,synth
sa7bi win nel9a pizzeria mli7a f بومرداس?,out_of_scope,none,synth
شحال يدير تريسيان في برج بوعريريج؟,price_inquiry,electrician,synth
واش هي الأسعار تاع كوافور في عنابة؟,price_inquiry,barber,synth
n7awes 3la dentiste zin f Constantine ya kho,out_of_scope,none,synth
الله يخليكم كاين رطوبة وتقشير في سقف البيت ومقدرتش نلقى حل,urgent_service,painter,synth
les amis chkoun rbe7 el match lbare7?,out_of_scope,none,synth
ya kho wach ne2der nesta3mel l appli offline?,app_question,none,synth
دورك دورك نحب نزيد بريزة جديدة في البيرو,urgent_service,electrician,synth
نبغي نحفف قبل العيد!! نحتاج واحد يجي فيسع,urgent_service,barber,synth
extension ta3 dar 3awnouni,find_worker,mason,synth
البيسي تاعي ولا ثڨيل بزاف واش نديار؟ بارك الله فيكم,out_of_scope,none,synth
fuite d'eau f la cuisine chkoun 3ando solution,find_worker,plumber,synth
ya kho l'appli gratuite wela payante?,app_question,none,synth
3andi nettoyage des vitres ta3 villa,find_worker,cleaner,synth
monter un mur en parpaing men fadlkom svp,find_worker,mason,synth
n7awes 3la dentiste mli7 f Tlemcen,out_of_scope,none,synth
سلام خويا، شكرا بزاف,greeting_chitchat,none,synth
ma lgitch mecanicien disponible f Alger,find_worker,mechanic,synth
عاونوني! تنظيف بعد خدمة البناء وراني حاصل,urgent_service,cleaner,synth
ترقيع الجاكيطة القديمة واش نديار,find_worker,tailor,synth
شحال يدير خياطة في مستغانم؟,price_inquiry,tailor,synth
سلام، نحتاج واحد يگص الحشيش تاع الجنان,out_of_scope,none,synth
besoin d un traiteur serieux f Oran,find_worker,caterer,synth
وين كاين أگرب صيدلية في برج بوعريريج,out_of_scope,none,synth
combien coute un cuisiniere?,price_inquiry,caterer,synth
n7awes 3la appartement l kra f الجزائر العاصمة,out_of_scope,none,synth
les amis les haies y7tajo taille chkoun ydirha?,out_of_scope,none,synth
يا خويا شحال يكلف البالوعة مسدودة؟,price_inquiry,plumber,synth
نڨدر نلڨى واحد يعاونني في خدمة في الدار يجي اليوم لـ بجاية؟,find_worker,none,synth
دورك دورك كاين رطوبة وتأشير في سأف البيت,urgent_service,painter,synth
"bonjour, bonsoir",greeting_chitchat,none,synth
ya3ychek wallah ghir 7asel,greeting_chitchat,none,synth
شحال يكلفني مول الطياب لليوم كامل؟,price_inquiry,caterer,synth
ch7al ydir khayat f Constantine?,price_inquiry,tailor,synth
راهي عندي الشوفو ما يسخنش الما وحاصل,find_worker,plumber,synth
ارجو المساعدة بسرعة، نبغي نخبي الكابلاج بحيط بلاكو,urgent_service,plasterer,synth
شحال السوم تاع ديمناجور؟,price_inquiry,mover,synth
واش نأدر نخدم كعامل وكليان في نفس الوأت,app_question,none,synth
les amis machine a laver tejri el ma men ta7t men fadlkom,find_worker,appliance_repair,synth
dorka dork la voiture tdakhen dokhan k7el,urgent_service,mechanic,synth
rani n7awes 3la traiteur f Ghardaia,find_worker,caterer,synth
sa7bi kifach nes7ab compte ta3i?,app_question,none,synth
kifah nbeddel numero ta3i f compte?,app_question,none,synth
نبغي نخيط جبة قسنطينية للعرس من فضلكم,find_worker,tailor,synth
kifach n3ayet l worker apres la mission,app_question,none,synth
الماشينة تاع الصابون تجري الما من تحت عاونوني,find_worker,appliance_repair,synth
الميكروند مات، شكون يعرف لي يصلح الماشينات مليح؟,find_worker,appliance_repair,synth
عندي الانتيريتور خسر ما يشعلش الضو,find_worker,electrician,synth
svp wach ne9der nesta3mel l appli offline?,app_question,none,synth
يا شيخ يعيشك خويا,greeting_chitchat,none,synth
صاحبي كيفاش نشارك في العروض تاع الخدمات؟,app_question,none,synth
يا خويا وين نلقى تكوين في النجارة؟,out_of_scope,none,synth
retouche w tadyiq ta3 roba fissa3 svp,urgent_service,tailor,synth
win nechri gazon w les plantes f بومرداس?,out_of_scope,none,synth
السحاب تاع الجاكيطة خسر!! نحتاج واحد يجي فيسع,urgent_service,tailor,synth
بليز كوافور في الجزائر العاصمة دورك دورك، حلاقة في الدار لشيخ كبير ما يقدرش يخرج,urgent_service,barber,synth
"svp demenageur f Mostaganem vite, n9el machine a laver l etage",urgent_service,mover,synth
nheb réparateur électroménager yji lyoum l Blida,find_worker,appliance_repair,synth
ma l9itch mecanicien disponible f Blida ya kho,find_worker,mechanic,synth
واش نڨدر نستعمل التطبيڨ كضيف بلا كونت,app_question,none,synth
ch7al ydir wa7ed y3aweni f khedma f dar f Tiaret?,price_inquiry,none,synth
واش نگدر نستعمل التطبيگ كضيف بلا كونت؟ ياخو,app_question,none,synth
la clim na9esha gaz 3awnouni,find_worker,ac_repair,synth
wach men film mli7 nchoufou lyoum? wallah ghir 7asel,out_of_scope,none,synth
بليز ماصون في بسكرة دوك دوك، الكارلاج نتاع الحمام تڨلع وولى يجمع الما,urgent_service,mason,synth
وين نقرا لانجليزية في سكيكدة؟,out_of_scope,none,synth
dork dork degradé lel weld,urgent_service,barber,synth
ch7al taman bach ndir la voiture t7bes f nos tri9?,price_inquiry,mechanic,synth
la chasse d'eau khasra fissa3 svp,urgent_service,plumber,synth
chkoun 3ando numero nta3 khayat f Mostaganem?,find_worker,tailor,synth
wach kayen coiffeur 9rib meni f Batna,find_worker,barber,synth
devis approximatif: vidange w les filtres?,price_inquiry,mechanic,synth
حالة مستعجلة: نحب نديار كارلاج جديد في الكوزينة,urgent_service,mason,synth
"saha, salam",greeting_chitchat,none,synth
دورك دورك الكونتور يدق كي نشعلو زوج ماشينات,urgent_service,electrician,synth
شكون عندو نيميرو تاع تريتور في بسكرة؟,find_worker,caterer,synth
devis approximatif: placard sur mesure?,price_inquiry,carpenter,synth
win nel2a pizzeria mli7a f Tizi Ouzou?,out_of_scope,none,synth
نحب نصبغ الدار ابل العيد ومازال ما لأيتش لي يصلحها,find_worker,painter,synth
كيفاه نبعث طلب خدمه؟,app_question,none,synth
machine a laver tejri el ma men ta7t,find_worker,appliance_repair,synth
سلام خويا، الجنان محتاج تنقية وقازون جديد,out_of_scope,none,synth
"svp traiteur f Bejaia vite, traiteur pour f tour ramadan",urgent_service,caterer,synth
n7awes jardinier mli7 ytayye7li les mauvaises herbes,out_of_scope,none,synth
wach kayen reparateur machine a laver 2rib meni f Annaba,find_worker,appliance_repair,synth
بليز sebbak في Tlemcen ضركا ضركا، الدوش مقطوع الما,urgent_service,plumber,synth
يا خويا يعطيك الصحة,greeting_chitchat,none,synth
bonsoir,greeting_chitchat,none,synth
يا جماعة كيفاش نقيّم العامل بعد الخدمة؟,app_question,none,synth
"saha, nebghi net3allem la couture kayen des cours?",out_of_scope,none,synth
نحتاج واحد يقص الحشيش تاع الجنان,out_of_scope,none,synth
3andi tadyi9 ta3 9amidja men jnab,find_worker,tailor,synth
صاحبي كيفاش نبدل المهنة تاعي في البروفيل؟,app_question,none,synth
نحوس على ريسطورون مليح للعشاء في وهران,out_of_scope,none,synth
دورك دورك ديمناجمون كامل للدار ياخو,urgent_service,mover,synth
n7taj taxi l aeroport ghedwa,out_of_scope,none,synth
راني نحوس على خدمة نخدمها، واش كاين بلايص؟ والله غير حاصل,out_of_scope,none,synth
frigo ydir bruit bizarre,find_worker,appliance_repair,synth
3andi serwal twil nheb nqassrou,find_worker,tailor,synth
nebghi nrakeb lavabo jdid fel hammam w ma 3reftch win nrou7,find_worker,plumber,synth
devis approximatif: brushing w couleur f dar?,price_inquiry,barber,synth
ياخو وين نلأى تكوين في النجارة؟,out_of_scope,none,synth
يا شيخ شحال راهي الساعة؟,out_of_scope,none,synth
شحال نخلص باش نصلح ريحة كابل محروق؟,price_inquiry,electrician,synth
"rani n7awes 3la khedma nekhdemha, kayen des postes?",out_of_scope,none,synth
n7awes 3la dentiste zin f Oran,out_of_scope,none,synth
nheb مول الطياب yji lyoum l ورقلة,find_worker,caterer,synth
شحال يدير بنّاء في اسنطينة؟,price_inquiry,mason,synth
علاش ما يوصلنيش الإشعار كي يجاوبني عامل؟ ياخو,app_question,none,synth
ch7al ydir عاملة تنظيف f الجزائر العاصمة?,price_inquiry,cleaner,synth
شحال السوم نتاع مول الضو؟,price_inquiry,electrician,synth
"slm, n7awes 3la appartement l kra f تيارت",out_of_scope,none,synth
خويا نحب نديار قفص حديد فوق السطح شكون يجي يشوفها,find_worker,welder,synth
شكون يركب سڨي أوتوماتيك في الجنينة,out_of_scope,none,synth
شحال يكلف نحب حماية حديد للفنيترات,price_inquiry,welder,synth
عندي الكناپي ولا مصفر من الاولاد ويحتاج غسيل عميق ونحتاج واحد يصلحهالي,find_worker,cleaner,synth
ياخو نبيع تيليفون سامسونج شبه جديد,out_of_scope,none,synth
وين نلأى الطلبات لي بعثتهم,app_question,none,synth
wach kayen maçon 9rib meni f Batna?,find_worker,mason,synth
ch7al nkhalles bach nsale7 cuisiniere ma tech3elch,price_inquiry,appliance_repair,synth
ياخو وين نشري بلاكات بلاكو بالجملة؟,out_of_scope,none,synth
ya cheikh prise ma7rou9a!! chkoun yji fissa3?,urgent_service,electrician,synth
دورك دورك الطفل يحتاج يحفف قبل المدرسة,urgent_service,barber,synth
شحال السوم تاع مول الكليمة؟,price_inquiry,ac_repair,synth
جاري گالي نسگسي هنا على واحد يعاونني في خدمة في الدار في بسكرة,find_worker,none,synth
win kayen pharmacie 9riba f Batna,out_of_scope,none,synth
compte guest kifach ykhdem? svp,app_question,none,synth
بشحال الخدمة تاع نجار تأريبا؟,price_inquiry,carpenter,synth
عندي الدرج الخشبي يزقزق في الدار، واش نديار؟,find_worker,carpenter,synth
wach ne2der ncancel demande b3aththa? ya kho,app_question,none,synth
شحال يكلفني خياط لليوم كامل؟,price_inquiry,tailor,synth
"bonjour, ch7al ykalefni sebbagh pour une journee?",price_inquiry,painter,synth
compteur nta3 el ma yfuiti!! chkoun yji fissa3?,urgent_service,plumber,synth
pc ta3i wela lourd bezzaf wach ndir,out_of_scope,none,synth
عندي السحاب نتاع الجاكيطة خسر في الدار، واش نديار؟ يعطيكم الصحة,find_worker,tailor,synth
يا جماعة نحتاج فام دو ميناج يجي غدوة الصباح لـ غرداية,find_worker,cleaner,synth
معليش تقولي كيفاه راه الطقس في قسنطينة؟ الله يخليك,out_of_scope,none,synth
وين نلقى بيتزيريا مليحة في بومرداس؟,out_of_scope,none,synth
وين نگرا لانجليزية في Jijel؟ يعطيكم الصحة,out_of_scope,none,synth
يا جماعة نحوس على طبيب أسنان مليح في غرداية,out_of_scope,none,synth
نحوس على طبيب أسنان مليح في Bordj Bou Arreridj,out_of_scope,none,synth
حالة مستعجلة: السطح يقطر ونحتاج ايتونشيتي وشكرا مسبقا,urgent_service,mason,synth
etancheite nta3 stah merci,find_worker,mason,synth
nettoyage ta3 dar kamla chkoun 3ando solution,find_worker,cleaner,synth
نحتاج فيدونج وتبديل الفيلترات فيسع فيسع,urgent_service,mechanic,synth
نحوس على طبيب أسنان مليح في Blida,out_of_scope,none,synth
wach kayen tabbakha qrib meni f Skikda?,find_worker,caterer,synth
ياخو كيفاش نشوف تگييمات العامل گبل ما نخدم معاه؟,app_question,none,synth
dalle jdida ... chkoun ysal7hali,find_worker,mason,synth
كيفاش نخدم بهاد التطبيق,app_question,none,synth
راهي عندي الماشينة تاع الصابون تجري الما من تحت وحاصل,find_worker,appliance_repair,synth
صحا خويا والله غير حاصل,greeting_chitchat,none,synth
شكون ربح الكان هاد العام؟ بارك الله فيكم,out_of_scope,none,synth
les prix nta3 couturier f Oran?,price_inquiry,tailor,synth
كيفاش نبدل رگم تيليفوني في الكونت؟,app_question,none,synth
يا شيخ واش التطبيق مجاني ولا بالخلاص؟,app_question,none,synth
kifach nbeddel numero ta3i f compte,app_question,none,synth
chkoun 3ando numero ta3 barbier f Batna?,find_worker,barber,synth
نحوس على شگه للكراء في Mostaganem,out_of_scope,none,synth
cas urgent: cloture en fer te7taj soudure,urgent_service,welder,synth
وين نشري ماكينة خياطة جديدة في وهران؟,out_of_scope,none,synth
نحب نبني حيط في الجنان عاونوني,find_worker,mason,synth
عندي ريحة كابل محروڨ,find_worker,electrician,synth
نحوس على شڨة للكراء في Constantine,out_of_scope,none,synth
frigo ydir bruit bizarre n7taj reparateur machine a laver tawa dorka,urgent_service,appliance_repair,synth
الله يخليكم نحتاج طياب للوليمة نهار السبت ومگدرتش نلگى حل,urgent_service,caterer,synth
الكليمة تقطر الما في البيت واش نديار,find_worker,ac_repair,synth
خويا نحب بورطاي حديد للغاراج شكون يجي يشوفها,find_worker,welder,synth
la clim ma tsakhanch f chta w ma 3reftch win nrou7,find_worker,ac_repair,synth
راهي عندي الحيوط مخبشين ونحتاجو تصليح وصباغة وحاصل,find_worker,painter,synth
la voiture t7bes f nos tri2,find_worker,mechanic,synth
فويت دو تحت اللافابو، شكون يعرف سباك مليح؟,find_worker,plumber,synth
عندي التلاجة ما تبردش والمأكلة تخسر,find_worker,appliance_repair,synth
ch7al nkhalles bach nsale7 tar9i3 ta3 serwal met9atta3 men rokba?,price_inquiry,tailor,synth
يا شيخ الطفل يحتاج يحفف قبل المدرسة فيسع فيسع,urgent_service,barber,synth
rani n7awes 3la peintre f Jijel,find_worker,painter,synth
نبيع تيليفون سامسونج شبه جديد بارك الله فيكم,out_of_scope,none,synth
الله يخليكم تضييق القميجة من الجناب باش تجي على القد ومقدرتش نلقى حل,urgent_service,tailor,synth
نحتاج طياب للوليمة نهار السبت واش نديار,find_worker,caterer,synth
rani n7awes 3la mecanicien f Boumerdes,find_worker,mechanic,synth
شكون عندو نيميرو تاع مول الكليمة في الجزائر العاصمة؟,find_worker,ac_repair,synth
نحتاج تركيب كليمة جديدة شكون عندو حل,find_worker,ac_repair,synth
restaurant zin l le diner f Annaba?,out_of_scope,none,synth
شحال نخلص باش نصلح سقف الغاراج طايح منو الاسمنت وباين الحديد؟,price_inquiry,mason,synth
ch7al nkhalles bach nsale7 crepissage ta3 façade?,price_inquiry,mason,synth
دلوني على واحد يعاونني في خدمة في الدار شاطر ومعگول,find_worker,none,synth
la voiture tdakhen dokhan k7el,find_worker,mechanic,synth
يا شيخ مساء الخير,greeting_chitchat,none,synth
معليش تقولي كيفاش راه الطقس في سكيكدة؟ بارك الله فيكم,out_of_scope,none,synth
الباب الحديدية خرجت من بلاصتها، شكون يعرف لحّام مليح؟,find_worker,welder,synth
ch7al ydir plombi f Annaba,price_inquiry,plumber,synth
نحفف وندير اللحية عند الدار!! نحتاج واحد يجي فيسع,urgent_service,barber,synth
nheb menuisier yji lyoum l Batna,find_worker,carpenter,synth
je cherche un najjar à Biskra,find_worker,carpenter,synth
ma lqitch reparateur machine a laver disponible f Bejaia,find_worker,appliance_repair,synth
win nechri machine a coudre f Tizi Ouzou?,out_of_scope,none,synth
ya kho ecran nta3 telephone therres win nsal7ou?,out_of_scope,none,synth
cloture ta3 jardin ... chkoun ysal7hali?,find_worker,mason,synth
tabbakha lel 3ers n7taj cuisiniere tawa drouk,urgent_service,caterer,synth
واش كاين شي مول الصباغة قريب من برج بوعريريج؟,find_worker,painter,synth
صحا، راهي عندي العجلة تنفّس وحاصل,find_worker,mechanic,synth
cloison ba13 avec porte men fadlkom,find_worker,plasterer,synth
بشحال الخدمة نتاع كهربائي تقريبا؟,price_inquiry,electrician,synth
نحب صبغه ومشطه في الدار شكون عندو حل,find_worker,barber,synth
من فضلكم وين نشري الزرع والورد للجنان في برج بوعريريج؟,out_of_scope,none,synth
كيفاه نفعل الموقع باش يلقاوني العمال,app_question,none,synth
ya kho kifach n3ayet l worker apres la mission?,app_question,none,synth
كيفاش نگيّم العامل بعد الخدمة؟,app_question,none,synth
win nechri machine a coudre f تيزي وزو?,out_of_scope,none,synth
sa7bi kifah nes7ab compte ta3i?,app_question,none,synth
svp frigo ydir bruit bizarre,find_worker,appliance_repair,synth
sa7bi ch7al nkhalles bach nsale7 tableau electrique gdim?,price_inquiry,electrician,synth
نحتاج تنظيف الدار گبل ما نسكنو فيها!!! نحتاج واحد يجي فيسع,urgent_service,cleaner,synth
راني نحوس على واحد يعاونني في خدمة في الدار في تلمسان,find_worker,none,synth
nebghi نجار yji lyoum l بليدة,find_worker,carpenter,synth
"slm, des ouvriers ynazlou el 9ach mel 5eme etage",find_worker,mover,synth
سلام، كيفاش نبعث طلب خدمة؟,app_question,none,synth
عندي نحب نكوموندي حلويات تقليدية للعرس ونحتاج واحد يصلحهالي,find_worker,caterer,synth
عندي البانيو مسدود والما ما ينزلش في الدار، واش نديار؟,find_worker,plumber,synth
سلام خويا، كيفاش نشارك في العروض تاع الخدمات؟,app_question,none,synth
kifach nghayyer profession fel compte ta3i?,app_question,none,synth
les amis kifach nes7ab compte ta3i?,app_question,none,synth
portail ta3 garage mkasser chkoun 3ando solution,find_worker,welder,synth
شحال السوم تاع سودور؟,price_inquiry,welder,synth
ya khouya kifach n3ayet l worker apres la mission?,app_question,none,synth
صاحبي كيفاش نمسح الحساب تاعي؟,app_question,none,synth
معليش تقولي كيفاش راه الطقس في تلمسان,out_of_scope,none,synth
واش كاين شي مول البناء ڨريب من وهران؟,find_worker,mason,synth
déménagement complet men fadlkom,find_worker,mover,synth
الدار فيها الپاركي تاع البيت تخرب من سيمانة كاملة,find_worker,carpenter,synth
الاومبرياج يزلق,find_worker,mechanic,synth
سلام عليكم بارك الله فيكم,greeting_chitchat,none,synth
يا شيخ بالسلامة,greeting_chitchat,none,synth
ياخو واش نقدر نلغي طلب بعثتو؟,app_question,none,synth
يا شيخ كيفاش نڨيّم العامل بعد الخدمة؟,app_question,none,synth
3awnouni clim ydir bruit bizarre w rani 7asel,urgent_service,ac_repair,synth
نحوس جنايني يگلم الأشجار نتاع الجنان,out_of_scope,none,synth
cas urgent: clim ta3 tonobil ma tberredch,urgent_service,mechanic,synth
الدار فيها الماشينة تاع الصابون ما تدورش من سيمانة كاملة,find_worker,appliance_repair,synth
buffet pour fete de fiançailles 3awnouni ya kho,find_worker,caterer,synth
nheb bennay yji lyoum l Chlef,find_worker,mason,synth
حالة مستعجلة: تنظيف الدار بعد العرس,urgent_service,cleaner,synth
chkoun 3ando numero ta3 maçon f Tizi Ouzou,find_worker,mason,synth
عندي نحتاج صباغة السقف,find_worker,painter,synth
يعطيكم الصحة، نحوس مول الحلاقة ناشط في ورقلة,find_worker,barber,synth
واش راهي أخبار الماتش تاع البارح؟,out_of_scope,none,synth
nettoyage ta3 les bureaux ... chkoun ysal7hali?,find_worker,cleaner,synth
les prix ta3 مول البناء f اسنطينة?,price_inquiry,mason,synth
ma l9itch mécanicien disponible f Alger,find_worker,mechanic,synth
نحتاج mikanisyan يجي غدوة الصباح لـ Bordj Bou Arreridj,find_worker,mechanic,synth
ma lqitch مول السودير disponible f برج بوعريريج rabi y7afdkom,find_worker,welder,synth
lave-vaisselle y7bes f nos!! chkoun yji fissa3?,urgent_service,appliance_repair,synth
بشحال الخدمة تاع دهان تقريبا؟ ياخو,price_inquiry,painter,synth
cas urgent: fuite ta7t le lavabo,urgent_service,plumber,synth
svp restaurant mli7 l le diner f Ouargla?,out_of_scope,none,synth
depuis 3 jours 3andna voiture ma techa3lch,find_worker,mechanic,synth
كيفاش نقيّم العامل بعد الخدمه؟,app_question,none,synth
kifach nes7ab compte ta3i?,app_question,none,synth
ch7al taman bach ndir menage ba3d la fete?,price_inquiry,cleaner,synth
urgence!! gateaux traditionnels lel 3ers f Tlemcen,urgent_service,caterer,synth
عندي السحاب نتاع الجاكيطة خسر في الدار، واش نديار,find_worker,tailor,synth
les amis prof ta3 maths l les cours particuliers,out_of_scope,none,synth
يا خويا لاباس عليكم؟,greeting_chitchat,none,synth
راهي عندي نحتاج تنظيف الزجاج والفنيترات تاع الفيلا وحاصل,find_worker,cleaner,synth
الكليمة تجمد وتحبس وحدها ونحتاج mol clima ديركت توا,urgent_service,ac_repair,synth
nheb wa7ed y3aweni f khedma f dar yji lyoum l Biskra,find_worker,none,synth
ya khouya kifach nchouf les avis ta3 worker?,app_question,none,synth
lampe techmel w tetfa wa7edha!!! chkoun yji fissa3?,urgent_service,electrician,synth
البيسي تاعي ولا ثأيل بزاف واش نديار,out_of_scope,none,synth
les prix ta3 cuisiniere f Ghardaia?,price_inquiry,caterer,synth
escalier en bois yzegzeg,find_worker,carpenter,synth
واش هي الأسعار تاع مول الصباغة في الشلف؟,price_inquiry,painter,synth
je cherche un khayat à Boumerdes,find_worker,tailor,synth
واش هي الأسعار تاع مول الضو في الجزائر العاصمة؟,price_inquiry,electrician,synth
نحوس على طبيب أسنان مليح في باتنه,out_of_scope,none,synth
les amis win nechri machine a coudre f Ghardaia?,out_of_scope,none,synth
ecran ta3 telephone therres win nsal7ou?,out_of_scope,none,synth
depuis 3 jours 3andna ta7fifa w l7ya,find_worker,barber,synth
عندي الميكروند مات في الدار، واش نديار؟,find_worker,appliance_repair,synth
نقدر نلقى واحد يعاونني في خدمة في الدار يجي اليوم لـ بجاية,find_worker,none,synth
راني نحوس على حلاق في باتنة,find_worker,barber,synth
femme de menage l villa kol khemis ... chkoun ysal7hali?,find_worker,cleaner,synth
شحال نخلص باش نصلح نديرو درابزين حديد للدرج؟ الله يخليك,price_inquiry,welder,synth
ya khouya placard sur mesure men fadlkom,find_worker,carpenter,synth
العجلة تنفّس شكون عندو حل يعطيكم الصحة,find_worker,mechanic,synth
يا خويا بشحال الخدمة تاع لي ينڨل الأثاث تڨريبا؟,price_inquiry,mover,synth
دلوني على سودور شاطر ومعگول,find_worker,welder,synth
الماشينة تاع الصابون تجري الما من تحت ومازال ما لقيتش لي يصلحها,find_worker,appliance_repair,synth
صحا، وين نلقى تكوين في النجارة؟,out_of_scope,none,synth
rani n7awes 3la femme de ménage f Tlemcen,find_worker,cleaner,synth
الكناپي ولا مصفر من الاولاد ويحتاج غسيل عميق، شكون يعرف لي يدير الميناج مليح؟,find_worker,cleaner,synth
صحا، التلاجة تدير صوت غريب فيسع فيسع,urgent_service,appliance_repair,synth
cas urgent: n9el machine a laver l etage,urgent_service,mover,synth
يا خويا مرحبا,greeting_chitchat,none,synth
ya khouya ch7al taman bach ndir placo avec spots led?,price_inquiry,plasterer,synth
chkoun 3ando numero ta3 réparateur électroménager f Chlef?,find_worker,appliance_repair,synth
دورك دورك التلاجة تدير صوت غريب,urgent_service,appliance_repair,synth
واش كاين شي مول الميكانيك قريب من تيارت؟,find_worker,mechanic,synth
عندي نبغي نركب لامبات ليد في الدار كامل في الدار، واش نديار؟,find_worker,electrician,synth
douche ma fihach el ma 3awnouni merci,find_worker,plumber,synth
ch7al nkhalles bach nsale7 buffet pour fete de fiançailles?,price_inquiry,caterer,synth
wach ne9der nesta3mel l appli offline?,app_question,none,synth
حالة مستعجلة: البالوعة مسدودة,urgent_service,plumber,synth
depuis 3 jours 3andna nettoyage des vitres ta3 villa,find_worker,cleaner,synth
عاونوني! حففلي راسي ديغراديه وراني حاصل,urgent_service,barber,synth
تضييق القميجة من الجناب باش تجي على القد,find_worker,tailor,synth
يا خويا ربي يحفظكم,greeting_chitchat,none,synth
صاحبي عندي الباب تاع الكوزينة تكسر في الدار، واش نديار؟,find_worker,carpenter,synth
arrosage automatique lel jnina chkoun yrakbou? merci,out_of_scope,none,synth
يعطيكم الصحة، نحوس تريتور ناشط في وهران,find_worker,caterer,synth
les prix ta3 mecanicien f Bordj Bou Arreridj?,price_inquiry,mechanic,synth
شحال نخلص باش نصلح نگل بيانو من الطابگ الرابع؟,price_inquiry,mover,synth
نحتاج كهربائي زين في سطيف,find_worker,electrician,synth
واش من فيلم غايا نتفرجو اليوم؟,out_of_scope,none,synth
recharge gaz ta3 la clim w ma 3reftch win nrou7,find_worker,ac_repair,synth
شحال يكلف تريتور للختانة نهار الجمعة؟,price_inquiry,caterer,synth
وين نڨرا لانجليزية في باتنة؟,out_of_scope,none,synth
واش كاين شي electricien ڨريب من Constantine؟,find_worker,electrician,synth
n7awes 3la appartement l kra f Biskra merci,out_of_scope,none,synth
vidange w les filtres ... chkoun ysal7hali?,find_worker,mechanic,synth
"3andi menage apres travaux, chkoun ye3ref فام دو ميناج mli7?",find_worker,cleaner,synth
شحال تكلف خدمة: الطواليت محبوسة والما يطلع؟,price_inquiry,plumber,synth
la peinture t9echret fissa3 svp,urgent_service,painter,synth
وين نشري ماكينة خياطة جديدة في باتنة؟,out_of_scope,none,synth
نحوس على ريسطورون مليح للعشاء في بسكرة,out_of_scope,none,synth
وين كاين أقرب صيدلية في قسنطينة؟,out_of_scope,none,synth
ياخو واش الأحوال؟,greeting_chitchat,none,synth
urgence!! nheb ndir porte blindée f Tiaret,urgent_service,welder,synth
نحب نكوموندي حلويات تقليدية للعرس,find_worker,caterer,synth
واش هي الأسعار نتاع صباغ في باتنة؟,price_inquiry,painter,synth
حالة مستعجلة: تصليح سودير في السلم الحديدي,urgent_service,welder,synth
bslema,greeting_chitchat,none,synth
عندي لاباتري راهي ميتة في الدار، واش نديار؟,find_worker,mechanic,synth
win nechri gazon w les plantes f Constantine?,out_of_scope,none,synth
les prix ta3 plombier f Ouargla?,price_inquiry,plumber,synth
"3andi retouche pantalon twil, chkoun ye3ref couturier mli7?",find_worker,tailor,synth
salam ya kho,greeting_chitchat,none,synth
مستعجل: نحتاج مول الحلاأة اليوم في الشلف,urgent_service,barber,synth
nebghi net3allem la couture kayen des cours,out_of_scope,none,synth
wach kayen najjar 9rib meni f Boumerdes?,find_worker,carpenter,synth
pression nta3 el ma dai3fa bezzaf w ma 3reftch win nrou7,find_worker,plumber,synth
menage ba3d la fete fissa3 svp,urgent_service,cleaner,synth
بشحال الخدمه تاع واحد يعاونني في خدمه في الدار تقريبا؟,price_inquiry,none,synth
tabbakha tji ttayeb f dar n7taj traiteur tawa dork,urgent_service,caterer,synth
نحب نكوموندي حلويات تأليدية للعرس!! نحتاج واحد يجي فيسع,urgent_service,caterer,synth
ارجو المساعدة بسرعة، نحتاج تركيب كليمة جديدة ياخو,urgent_service,ac_repair,synth
ضركا دورك نحتاج طباخه لعرس ميه نفر,urgent_service,caterer,synth
واش هي الأسعار تاع مصلح تلاجات في ورقلة؟,price_inquiry,appliance_repair,synth
combien pour n7affef 3and dar?,price_inquiry,barber,synth
من فضلكم مستعجل: نحتاج électricien اليوم في Biskra,urgent_service,electrician,synth
واش كاين شي mikanisyan قريب من Skikda؟,find_worker,mechanic,synth
besoin d un electricien serieux f Bordj Bou Arreridj,find_worker,electrician,synth
combien pour lampe techmel w tetfa wa7edha?,price_inquiry,electrician,synth
brushing w couleur f dar n7taj barbier tawa douk,urgent_service,barber,synth
واش معنى الاشتراك برو للعامل؟,app_question,none,synth
بالسلامة,greeting_chitchat,none,synth
نحتاج طاكسي للمطار غدوة الصباح بارك الله فيكم,out_of_scope,none,synth
nheb nechri machine a laver jdida ch7al? merci,out_of_scope,none,synth
بشحال الخدمة نتاع واحد يعاونني في خدمة في الدار تقريبا؟,price_inquiry,none,synth
صحا، نسيت كلمة السر، واش نديار؟,app_question,none,synth
nrakeb un lustre f salon ... chkoun ysal7hali?,find_worker,electrician,synth
وين نأرا لانجليزية في وهران,out_of_scope,none,synth
عاونوني! سگف الغاراج طايح منو الاسمنت وباين الحديد وراني حاصل,urgent_service,mason,synth
ch7al nkhalles bach nsale7 meuble tv en placo fel mur?,price_inquiry,plasterer,synth
سلام خويا، الموتور يسخن بزاف من فضلكم,find_worker,mechanic,synth
نبغي نشري ماشينه صابون جديده شحال السوم؟,out_of_scope,none,synth
مستعجل: نحتاج مصلح تلاجات اليوم في بومرداس,urgent_service,appliance_repair,synth
يا جماعة كيفاه نفعل الموقع باش يلقاوني العمال؟,app_question,none,synth
la chasse d'eau khasra ... chkoun ysal7hali?,find_worker,plumber,synth
ya cheikh les prix nta3 électricien f Tizi Ouzou?,price_inquiry,electrician,synth
شحال يكلف نحب حماية حديد للفنيترات؟,price_inquiry,welder,synth
ارجو المساعدة بسرعة، نحب نديار سياج حول الجنان,urgent_service,mason,synth
شحال يدير مول الضو في عنابة؟,price_inquiry,electrician,synth
جاري ڨالي نسڨسي هنا على بلومبيي في الشلف,find_worker,plumber,synth
ya khouya win nel2a pizzeria mli7a f Boumerdes?,out_of_scope,none,synth
نگل الحوايج من الدار الگديمة للجديدة ومازال ما لگيتش لي يصلحها,find_worker,mover,synth
كسكسي لخمسين نفر لصدگة، شكون يعرف طباخة مليح؟,find_worker,caterer,synth
نحتاج مرا تعاون ماما في قضيان الدار من فضلكم,find_worker,cleaner,synth
wesh rak? wallah ghir 7asel,greeting_chitchat,none,synth
عندي مشكلة في الويفي تاع دجيزي يعطيكم الصحة,out_of_scope,none,synth
dork dork refaire le carrelage ta3 cuisine rabi y7afdkom,urgent_service,mason,synth
ya kho combien pour cloison ba13 avec porte?,price_inquiry,plasterer,synth
شحال نخلص باش نصلح الباب الحديدية خرجت من بلاصتها؟,price_inquiry,welder,synth
besoin d un plombi serieux f Bejaia,find_worker,plumber,synth
fermeture eclair ta3 veste khasra w ma 3reftch win nrou7 wallah ghir 7asel,find_worker,tailor,synth
cuisine en bois sur mesure 3awnouni,find_worker,carpenter,synth
"saha, les prix ta3 ميكانيسيان f تيارت?",price_inquiry,mechanic,synth
شحال نخلص باش نصلح نحب نديار افص حديد فوأ السطح؟,price_inquiry,welder,synth
kifach n3ayet l worker apres la mission? merci,app_question,none,synth
kifach rah el jaw f Ouargla?,out_of_scope,none,synth
دلوني على menuisier شاطر ومعقول بارك الله فيكم,find_worker,carpenter,synth
voyant moteur allumé fel tableau fissa3 svp,urgent_service,mechanic,synth
kifach nbeddel numero ta3i f compte? ya kho,app_question,none,synth
ch7al ykalefni reparateur machine a laver pour une journee,price_inquiry,appliance_repair,synth
ch7al taman bach ndir congelateur ma yjamedch?,price_inquiry,appliance_repair,synth
n7awes 3la appartement l kra f ورألة merci,out_of_scope,none,synth
ch7al nkhalles bach nsale7 disjoncteur yti7 kol chwiya?,price_inquiry,electrician,synth
urgence!! clima t9atter el ma f قسنطينة,urgent_service,ac_repair,synth
نبغي نبدل الروبينات نتاع الكوزينة عاونوني,find_worker,plumber,synth
les prix ta3 agent de nettoyage f Bordj Bou Arreridj?,price_inquiry,cleaner,synth
ta7fifa lel 3id n7taj barbier tawa dorka w chokran,urgent_service,barber,synth
je cherche un menuisier à Bejaia,find_worker,carpenter,synth
وين نلقى بيتزيريا مليحة في باتنة,out_of_scope,none,synth
bonjour rabi y7afdkom,greeting_chitchat,none,synth
wach kayen mol clima grib meni f Chlef?,find_worker,ac_repair,synth
n7awes 3la appartement l kra f Batna,out_of_scope,none,synth
urgence!!! nettoyage des vitres ta3 villa f تلمسان,urgent_service,cleaner,synth
pc ta3i wela lourd bezzaf wach ndir?,out_of_scope,none,synth
عندي الفرينات يديرو صوت يخوف,find_worker,mechanic,synth
سگف الغاراج طايح منو الاسمنت وباين الحديد عاونوني,find_worker,mason,synth
"3andi seche-linge khasser, chkoun ye3ref réparateur électroménager mli7?",find_worker,appliance_repair,synth
ch7al prix ta3 abonnement par mois? svp,app_question,none,synth
كيفاه نزيد تصاور لخدماتي,app_question,none,synth
douk dork recharge gaz nta3 la clim,urgent_service,ac_repair,synth
soudure ta3 porte metallique 3awnouni,find_worker,welder,synth
وين كاين أقرب صيدلية في باتنة؟,out_of_scope,none,synth
طوفان الما في الكوزينه ونحتاج بلومبيي ديركت توا,urgent_service,plumber,synth
tadyi9 ta3 9amidja men jnab wach ndir,find_worker,tailor,synth
"saha, wach negder nesta3mel l appli offline?",app_question,none,synth
la peinture t2echret ... chkoun ysal7hali?,find_worker,painter,synth
retouche pantalon twil,find_worker,tailor,synth
شحال تكلف خدمة: نبنيو غرفة زيادة للضياف في الحوش؟,price_inquiry,mason,synth
معليش تگولي كيفاش راه الطگس في الجزائر العاصمة؟,out_of_scope,none,synth
راني نحوس على بلومبيي في الجزائر العاصمة,find_worker,plumber,synth
coupe degradé m3a trait 3awnouni,find_worker,barber,synth
n7awes 3la dentiste mli7 f Setif,out_of_scope,none,synth
يا شيخ الدار فيها الصباغة تقشرت في البيت من سيمانة كاملة,find_worker,painter,synth
نحتاج واحد يقص الحشيش تاع الجنان بارك الله فيكم,out_of_scope,none,synth
ya khouya kifah neb3et demande de service?,app_question,none,synth
nheb net3allem la couture kayen des cours?,out_of_scope,none,synth
نقدر نلقى لي يصلح الكليمة يجي اليوم لـ باتنة؟ الله يخليك,find_worker,ac_repair,synth
chakhchoukha l mounasba wach ndir,find_worker,caterer,synth
svp besoin d un plombi serieux f Bordj Bou Arreridj,find_worker,plumber,synth
من فضلكم وين نلقى الطلبات لي بعثتهم؟,app_question,none,synth
ri7at el mjari fel hammam ... chkoun ysal7hali? wallah ghir 7asel,find_worker,plumber,synth
واش هي الأسعار تاع مول الضو في سطيف؟ ياخو,price_inquiry,electrician,synth
مستعجل: نحتاج مول الكليمه اليوم في عنابه,urgent_service,ac_repair,synth
بليز منوزيي في جيجل دورك دورك، نحتاج أرفف للبيرو,urgent_service,carpenter,synth
سلام، التيليفون تاعي تهرس الايكران وين نصلحو؟,out_of_scope,none,synth
الطوموبيل تحبس في نص الطريق، شكون يعرف ميكانيسيان مليح؟,find_worker,mechanic,synth
wach men film mli7 nchoufou lyoum?,out_of_scope,none,synth
شحال يكلفني واحد يعاونني في خدمة في الدار لليوم كامل؟,price_inquiry,none,synth
شحال يدير cuisiniere في Alger؟,price_inquiry,caterer,synth
جاري ڨالي نسڨسي هنا على مول الطياب في بليدة,find_worker,caterer,synth
من فضلكم شحال يكلف حلاقة في الدار لشيخ كبير ما يقدرش يخرج؟,price_inquiry,barber,synth
"saha, ma l9itch kwafur disponible f Constantine",find_worker,barber,synth
cas urgent: voyant moteur allumé fel tableau,urgent_service,mechanic,synth
شحال يكلفني طباخة لليوم كامل؟,price_inquiry,caterer,synth
واش نقدر نخدم كعامل وكليان في نفس الوقت؟,app_question,none,synth
les prix ta3 reparateur machine a laver f Jijel?,price_inquiry,appliance_repair,synth
راهي عندي الطابلة تاع الصالون محتاجة تصليح وحاصل,find_worker,carpenter,synth
يعطيكم الصحة، نحوس ناقل العفش ناشط في عنابة,find_worker,mover,synth
les amis ch7al ykalefni barbier pour une journee?,price_inquiry,barber,synth
nebghi nechri machine a laver jdida ch7al,out_of_scope,none,synth
شحال يدير مصلح تلاجات في سطيف؟,price_inquiry,appliance_repair,synth
coupe + barbe w contour chkoun 3ando solution w chokran,find_worker,barber,synth
نديرو درابزين حديد للدرج عاونوني,find_worker,welder,synth
عاونوني! تريتور للختانة نهار الجمعة وراني حاصل,urgent_service,caterer,synth
svp l'appli gratuite wela payante?,app_question,none,synth
شكون ربح الكان هاد العام؟ الله يخليك,out_of_scope,none,synth
صحا، نبغي صباغة غرفة الأطفال بألوان شابة من فضلكم,find_worker,painter,synth
combien pour tar9i3 nta3 serwal met9atta3 men rokba,price_inquiry,tailor,synth
نحتاج طاكسي للمطار غدوة الصباح,out_of_scope,none,synth
urgence!! etancheite ta3 stah f Setif,urgent_service,mason,synth
بشحال الخدمة تاع سباك تقريبا؟,price_inquiry,plumber,synth
صباغة الأبواب والفنيترات فيسع فيسع,urgent_service,painter,synth
kifach nes7ab compte ta3i? svp,app_question,none,synth
شحال السوم نتاع maçon؟,price_inquiry,mason,synth
نحوس على شگه للكراء في گسنطينه,out_of_scope,none,synth
sa7bi 3awnouni des ouvriers ynazlou el 2ach mel 5eme etage w rani 7asel,urgent_service,mover,synth
l'appli gratuite wela payante? merci,app_question,none,synth
نحوس على شقة للكراء في قسنطينة,out_of_scope,none,synth
ch7al taman bach ndir déménagement complet?,price_inquiry,mover,synth
سلام خويا، بالسلامة,greeting_chitchat,none,synth
وين كاين أقرب صيدلية في تلمسان؟ ياخو,out_of_scope,none,synth
la chape ta3 les chambres 9bel le parquet wach ndir ya kho,find_worker,mason,synth
dork dork repas ta3 khetana jour el jem3a wallah ghir 7asel,urgent_service,caterer,synth
porte mkessra 3awnouni,find_worker,carpenter,synth
عندي نديرو درابزين حديد للدرج ونحتاج واحد يصلحهالي,find_worker,welder,synth
راني نحوس على خدمة نخدمها، واش كاين بلايص؟ ياخو,out_of_scope,none,synth
chkoun 3ando numero nta3 menage f Tiaret?,find_worker,cleaner,synth
راهي عندي الدرج الخشبي يزقزق وحاصل بارك الله فيكم,find_worker,carpenter,synth
ياخو واش الخلاص يكون كاش ولا بالكارطة؟,app_question,none,synth
عندي نحتاج تنظيف الدار قبل ما نسكنو فيها,find_worker,cleaner,synth
ياخو واش هي الأسعار تاع طباخة في سطيف؟,price_inquiry,caterer,synth
"bonjour, ch7al ydir electricien f Boumerdes?",price_inquiry,electrician,synth
شحال نخلص باش نصلح اللافابو راه يفويتي؟,price_inquiry,plumber,synth
repeindre la façade ta3 dar 3awnouni,find_worker,painter,synth
wach men film mli7 nchoufou lyoum,out_of_scope,none,synth
وين نشري ماكينة خياطة جديدة في برج بوعريريج؟,out_of_scope,none,synth
وين نلقى بيتزيريا مليحة في تيارت؟,out_of_scope,none,synth
ch7al taman bach ndir four ma yeskhonch?,price_inquiry,appliance_repair,synth
نحب نديار فو بلافون بلاكو في الصالون عاونوني,find_worker,plasterer,synth
sa7bi kifach rah el jaw f Bordj Bou Arreridj?,out_of_scope,none,synth
chkoun 3ando numero ta3 bennay f Chlef?,find_worker,mason,synth
rani n7awes 3la bennay f Tizi Ouzou,find_worker,mason,synth
ch7al ykalefni مول السودير pour une journee?,price_inquiry,welder,synth
واش هي الأسعار نتاع demenageur في Jijel؟,price_inquiry,mover,synth
بليز trisyan في Chlef دورك دورك، الديجونكتور يطيح ديما,urgent_service,electrician,synth
wach kayen wa7ed y3aweni f khedma f dar qrib meni f Mostaganem?,find_worker,none,synth
combien coute un لي يصلح الماشينات?,price_inquiry,appliance_repair,synth
شكون عندو نيميرو تاع مول البناء في غرداية,find_worker,mason,synth
n7awes 3la dentiste mli7 f Tiaret,out_of_scope,none,synth
ch7al ykalefni reparateur machine a laver pour une journee?,price_inquiry,appliance_repair,synth
وين نقرا لانجليزية في بجاية؟,out_of_scope,none,synth
la voiture t7bes f nos tri9 w ma 3reftch win nrou7,find_worker,mechanic,synth
"slm, chkoun y2asli el gazon ta3 jardin?",out_of_scope,none,synth
نحب نشري طوموبيل مستعملة، واش تنصحوني,out_of_scope,none,synth
dalle jdida,find_worker,mason,synth
جاري االي نسأسي هنا على تأني كليماتيزور في سكيكدة,find_worker,ac_repair,synth
ya cheikh comment ca marche l'application?,app_question,none,synth
prof ta3 maths l les cours particuliers,out_of_scope,none,synth
jebs ta3 plafond tah chwiya,find_worker,plasterer,synth
يا جماعة راهي عندي السأف تاع البلاكو طاح منو طرف وحاصل,find_worker,plasterer,synth
les amis devis approximatif: micro-onde mat?,price_inquiry,appliance_repair,synth
3andi mochkla f wifi ta3 djezzy merci,out_of_scope,none,synth
مرحبا بارك الله فيكم,greeting_chitchat,none,synth
عندي السطح يقطر ونحتاج ايتونشيتي في الدار، واش نديار؟,find_worker,mason,synth
ya kho kifach nghayyer profession fel compte ta3i?,app_question,none,synth
win kayen pharmacie 9riba f Setif?,out_of_scope,none,synth
ch7al prix ta3 abonnement par mois?,app_question,none,synth
rani n7awes 3la مول الصباغة f عنابة,find_worker,painter,synth
شحال يكلف الديجونكتور يطيح ديما,price_inquiry,electrician,synth
طباخة تطيب الشخشوخة لمناسبة، شكون يعرف tabbakha مليح؟,find_worker,caterer,synth
restaurant mli7 l le diner f بسكرة,out_of_scope,none,synth
"svp trisyan f Alger vite, nzid des prises fel cuisine",urgent_service,electrician,synth
يعطيكم الصحه، نحوس mecanicien ناشط في Alger,find_worker,mechanic,synth
humidité fel mur 3awnouni,find_worker,mason,synth
compte guest kifach ykhdem? ya kho,app_question,none,synth
نحتاج ماصون يجي غدوة الصباح لـ غرداية,find_worker,mason,synth
نحب نبدل لون الصالون عاونوني,find_worker,painter,synth
rani n7awes 3la plaquiste f Skikda,find_worker,plasterer,synth
بشحال الخدمة نتاع تريسيان تڨريبا؟,price_inquiry,electrician,synth
سلام، الجنان محتاج تنقية وقازون جديد,out_of_scope,none,synth
الله يخليكم الضو مأطوع في الدار كامل ومأدرتش نلأى حل,urgent_service,electrician,synth
restaurant mli7 l le diner f Mostaganem?,out_of_scope,none,synth
الكشابية محتاجة ترگيع، شكون يعرف مول الخياطة مليح,find_worker,tailor,synth
نحوس على ريسطورون غايا للعشاء في غرداية,out_of_scope,none,synth
نبغي وصفة كسكسي بالدجاج وشكرا مسبقا,out_of_scope,none,synth
kifach nghayyer profession fel compte ta3i? wallah ghir 7asel,app_question,none,synth
صحا، واش التطبيق مجاني ولا بالخلاص؟,app_question,none,synth
تقصير الكم تاع القميجة ومازال ما لقيتش لي يصلحها,find_worker,tailor,synth
demenagement men Oran l Alger 3awnouni,find_worker,mover,synth
"3andi tabbakha lel 3ers, chkoun ye3ref cuisiniere mli7?",find_worker,caterer,synth
يعطيكم الصحة، نحوس واحد يعاونني في خدمة في الدار ناشط في سكيكدة,find_worker,none,synth
يا جماعة مرحبا,greeting_chitchat,none,synth
svp ya3tik saha,greeting_chitchat,none,synth
صاحبي وين نشري الزرع والورد للجنان في بجاية؟,out_of_scope,none,synth
"bonjour, kifach nactivi la localisation fel appli?",app_question,none,synth
restaurant mli7 l le diner f تلمسان?,out_of_scope,none,synth
شحال نخلص باش نصلح الما حابس في الدار كامل,price_inquiry,plumber,synth
شحال السوم تاع تريتور,price_inquiry,caterer,synth
nrakeb un lustre f salon chkoun 3ando solution,find_worker,electrician,synth
"rani n7awes 3la khedma nekhdemha, kayen des postes? wallah ghir 7asel",out_of_scope,none,synth
سلام خويا، تحياتي ليكم,greeting_chitchat,none,synth
reparer les volets ta3 fenetres w ma 3reftch win nrou7,find_worker,carpenter,synth
ch7al ykalefni barbier pour une journee,price_inquiry,barber,synth
سلام، كيفاش نمسح الحساب تاعي؟,app_question,none,synth
يا جماعة الما ضعيف ما يطلعش للطابڨ شكون عندو حل,find_worker,plumber,synth
وين نلگى بيتزيريا مليحة في تلمسان؟,out_of_scope,none,synth
معليش تقولي كيفاش راه الطقس في برج بوعريريج؟,out_of_scope,none,synth
win nel9a pizzeria mli7a f Bordj Bou Arreridj,out_of_scope,none,synth
يا خويا شحال يدير خياطة في ورقلة؟,price_inquiry,tailor,synth
ch7al taman bach ndir nettoyage appartement 2bel ma nekriwah?,price_inquiry,cleaner,synth
يا شيخ كيفاش نخدم بهاد التطبيق؟,app_question,none,synth
win nechri machine a coudre f Tlemcen?,out_of_scope,none,synth
الكناپي ولا مصفر من الاولاد ويحتاج غسيل عميق شكون عندو حل,find_worker,cleaner,synth
saha khouya wallah ghir 7asel,greeting_chitchat,none,synth
cas urgent: nettoyage w entretien ta3 la clim,urgent_service,ac_repair,synth
بليز لي يصلح الكليمة في ورقلة دوك دوك، نحتاج نتوايا وصيانة الكليمة قبل الصيف,urgent_service,ac_repair,synth
devis approximatif: roubini rah yfuiti?,price_inquiry,plumber,synth
kifach nghayyer profession fel compte ta3i? merci,app_question,none,synth
rani n7awes 3la mol clima f Oran,find_worker,ac_repair,synth
"bonjour, n7awes 3la dentiste mli7 f Bejaia",out_of_scope,none,synth
الصباغة تقشرت في البيت ومازال ما لقيتش لي يصلحها,find_worker,painter,synth
ارجو المساعدة بسرعة، لاباتري راهي ميتة,urgent_service,mechanic,synth
"svp khayat f Constantine vite, rideaux lel salon sur mesure",urgent_service,tailor,synth
واش التطبيق مجاني ولا بالخلاص؟ والله غير حاصل,app_question,none,synth
nebghi net3allem la couture kayen des cours?,out_of_scope,none,synth
3andi mochkla f wifi ta3 djezzy,out_of_scope,none,synth
peinture nta3 chambre d'enfants 3awnouni,find_worker,painter,synth
sa7bi frigo ma ybaredch!! chkoun yji fissa3?,urgent_service,appliance_repair,synth
نحتاج واحد يعاونني في خدمة في الدار يجي غدوة الصباح لـ تيارت,find_worker,none,synth
congelateur ma yjamedch ... chkoun ysal7hali?,find_worker,appliance_repair,synth
السياج الأخضر تاع الجنان يحتاج تگليم,out_of_scope,none,synth
cas urgent: embrayage yzle9,urgent_service,mechanic,synth
تحياتي ليكم,greeting_chitchat,none,synth
نحب نديار سياج حول الجنان ونحتاج ماصون ديركت توا,urgent_service,mason,synth
les amis merci khouya,greeting_chitchat,none,synth
مستعجل: نحتاج لي ينقل الأثاث اليوم في تيارت,urgent_service,mover,synth
moteur yeskhon bezzaf n7taj mikanisyan tawa dork,urgent_service,mechanic,synth
rani n7awes 3la agent de nettoyage f Setif,find_worker,cleaner,synth
ارجو المساعدة بسرعة، شعري طويل ونحب تحفيفة ديغراديه,urgent_service,barber,synth
شحال السوم تاع واحد يعاونني في خدمة في الدار؟,price_inquiry,none,synth
وين نقرا لانجليزية في بومرداس؟,out_of_scope,none,synth
"slm, bonjour",greeting_chitchat,none,synth
buffet pour fete de fiançailles men fadlkom,find_worker,caterer,synth
دوك دورك نحتاج أرفف للبيرو,urgent_service,carpenter,synth
شكون ربح الكان هاد العام؟,out_of_scope,none,synth
السروال يحتاج تڨصير، شكون يعرف خياطة مليح؟,find_worker,tailor,synth
واش راهي أخبار الماتش تاع البارح؟ يعطيكم الصحة,out_of_scope,none,synth
chkoun 3ando numero ta3 plakist f Ouargla?,find_worker,plasterer,synth
نحوس على ريسطورون مليح للعشاء في بومرداس,out_of_scope,none,synth
ma l9itch mikanisyan disponible f Batna,find_worker,mechanic,synth
سلام خويا، شكون عندو نيميرو تاع electricien في Oran؟,find_worker,electrician,synth
ميناج أسبوعي للفيلا فيسع فيسع ياخو,urgent_service,cleaner,synth
ch7al taman bach ndir la voiture t7bes f nos tri2?,price_inquiry,mechanic,synth
عاونوني! تحفيفة وتدريج شاب للولد وراني حاصل,urgent_service,barber,synth
شحال السوم نتاع عاملة تنظيف؟,price_inquiry,cleaner,synth
wach kayen maçon 9rib meni f Bordj Bou Arreridj? w chokran,find_worker,mason,synth
dorka dork trou kbir fel mur en platre,urgent_service,plasterer,synth
"bonjour, chkoun y9asli el gazon ta3 jardin?",out_of_scope,none,synth
شحال يكلفني مول الكليمة لليوم كامل؟,price_inquiry,ac_repair,synth
نحب نتعلم الخياطة واش كاين تكوين ڨريب؟,out_of_scope,none,synth
"bonjour, n7awes 3la appartement l kra f Blida",out_of_scope,none,synth
عندي الكليمة تطلق ريحة كريهة,find_worker,ac_repair,synth
toute la maison sans courant fissa3 svp,urgent_service,electrician,synth
rani n7awes 3la transport meubles f Jijel,find_worker,mover,synth
يا جماعة علاش ما يوصلنيش الإشعار كي يجاوبني عامل؟,app_question,none,synth
يعطيكم الصحة، نحوس نجار ناشط في برج بوعريريج,find_worker,carpenter,synth
شحال يدير مول الضو في بليدة؟,price_inquiry,electrician,synth
win kayen pharmacie 9riba f Jijel?,out_of_scope,none,synth
التلاجة ما تبردش والمأكلة تخسر من فضلكم,find_worker,appliance_repair,synth
عاونوني! نديرو درابزين حديد للدرج وراني حاصل,urgent_service,welder,synth
من فضلكم شحال السوم تاع لي يصلح الكليمة؟,price_inquiry,ac_repair,synth
je cherche un electricien à Tlemcen,find_worker,electrician,synth
cv? svp,greeting_chitchat,none,synth
urgence!! le placo tqawes mel humidité f Setif,urgent_service,plasterer,synth
win kayen pharmacie 9riba f Annaba? merci,out_of_scope,none,synth
شحال يدير نجار في وهران؟ والله غير حاصل,price_inquiry,carpenter,synth
خويا نحتاج حلاگ للعريس صباح العرس شكون يجي يشوفها,find_worker,barber,synth
les freins ydiro bruit n7taj mikanisyan tawa dork,urgent_service,mechanic,synth
win nechri machine a coudre f Skikda? ya kho,out_of_scope,none,synth
نحتاج نركب سخان الما جديد واش نديار,find_worker,plumber,synth
الكليمة تطلق ريحة كريهة شكون عندو حل,find_worker,ac_repair,synth
besoin d un reparateur climatiseur serieux f Boumerdes,find_worker,ac_repair,synth
نحب نتعلم الخياطه واش كاين تكوين قريب؟,out_of_scope,none,synth
عندي نڨل عفش عروسة في الدار، واش نديار؟,find_worker,mover,synth
ya kho les haies y7tajo taille chkoun ydirha?,out_of_scope,none,synth
prise ma7rou9a 3awnouni,find_worker,electrician,synth
urgence!! balustrade lel balcon f Annaba,urgent_service,welder,synth
kifach rah el jaw f Chlef,out_of_scope,none,synth
شحال تكلف خدمة: التابلو الكهربائي قديم ويخوف,price_inquiry,electrician,synth
شحال يدير عاملة تنظيف في بليدة؟,price_inquiry,cleaner,synth
ch7al ykalefni reparateur climatiseur pour une journee?,price_inquiry,ac_repair,synth
changer le cablage 9dim!! chkoun yji fissa3?,urgent_service,electrician,synth
3andi nettoyage nta3 les bureaux,find_worker,cleaner,synth
معليش تقولي كيفاش راه الطقس في Chlef؟ يعطيكم الصحة,out_of_scope,none,synth
n7affef 3and dar w ma 3reftch win nrou7,find_worker,barber,synth
صاحبي السياج الأخضر تاع الجنان يحتاج تگليم,out_of_scope,none,synth
ya khouya hhhh chaba,greeting_chitchat,none,synth
"slm, couscous l 50 personnes lel sada9a 3awnouni",find_worker,caterer,synth
ch7al taman bach ndir tarqi3 ta3 kachabiya,price_inquiry,tailor,synth
وين نشري ماكينة خياطة جديدة في Alger,out_of_scope,none,synth
شكون عندو نيميرو تاع عاملة تنظيف في بجاية,find_worker,cleaner,synth
الروبيني يقطر من فضلكم,find_worker,plumber,synth
femme de menage l villa kol khemis men fadlkom,find_worker,cleaner,synth
les prix ta3 electricien f Tiaret?,price_inquiry,electrician,synth
واش من فيلم مليح نتفرجو اليوم,out_of_scope,none,synth
3lach les notifications ma yjounich,app_question,none,synth
svp n7taj taxi l aeroport ghedwa,out_of_scope,none,synth
nebghi électricien yji lyoum l Batna,find_worker,electrician,synth
sa7bi douk dork la clim ma tsakhanch f chta,urgent_service,ac_repair,synth
win kayen pharmacie qriba f Mostaganem?,out_of_scope,none,synth
كسكسي لخمسين نفر لصدقة ونحتاج tabbakha ديركت توا,urgent_service,caterer,synth
combien pour balustrade lel balcon? ya kho,price_inquiry,welder,synth
صاحبي نحتاج حلاق للعريس صباح العرس,find_worker,barber,synth
ya3ychek rabi y7afdkom,greeting_chitchat,none,synth
يا خويا معليش تقولي كيفاش راه الطقس في سكيكدة؟,out_of_scope,none,synth
شحال يكلف البلاط تاع الساحة تحرك وتكسر؟,price_inquiry,mason,synth
عاونوني! الكونجيلاتور ما يجمدش وراني حاصل,urgent_service,appliance_repair,synth
كيفاش نبدل رقم تيليفوني في الكونت؟,app_question,none,synth
ma l9itch wa7ed y3aweni f khedma f dar disponible f Jijel,find_worker,none,synth
الضو يشعل ويطفي وحدو من فضلكم,find_worker,electrician,synth
بشحال الخدمة تاع مول الجبس تقريبا؟ يعطيكم الصحة,price_inquiry,plasterer,synth
ya khouya compte guest kifach ykhdem?,app_question,none,synth
نحوس على طبيب أسنان زين في جيجل,out_of_scope,none,synth
n7awes 3la dentiste ghaya f Chlef,out_of_scope,none,synth
win nel2a pizzeria mli7a f Mostaganem,out_of_scope,none,synth
ri7at el mjari fel hammam,find_worker,plumber,synth
"saha, n7taj taxi l aeroport ghedwa",out_of_scope,none,synth
ياخو ارجو المساعدة بسرعة، نحتاج عمال ينزلولي العفش من الطابق الخامس,urgent_service,mover,synth
راهي عندي نحتاج فيدونج وتبديل الفيلترات وحاصل,find_worker,mechanic,synth
ch7al nkhalles bach nsale7 frigo ma ybaredch? wallah ghir 7asel,price_inquiry,appliance_repair,synth
chkoun 3ando numero ta3 mecanicien f Tlemcen?,find_worker,mechanic,synth
restaurant ghaya l le diner f Tlemcen?,out_of_scope,none,synth
عاونوني! نحفف وندير اللحية عند الدار وراني حاصل,urgent_service,barber,synth
3awnouni nheb ndir porte blindée w rani 7asel,urgent_service,welder,synth
rani n7awes 3la agent de nettoyage f Tizi Ouzou,find_worker,cleaner,synth
نحتاج واحد يعاونني في خدمة في الدار مليح في باتنة,find_worker,none,synth
pc ta3i wela lourd bezzaf wach ndir? w chokran,out_of_scope,none,synth
كليمة الطوموبيل ما تبردش!! نحتاج واحد يجي فيسع,urgent_service,mechanic,synth
خويا تحفيفة وتدريج شاب للولد شكون يجي يشوفها,find_worker,barber,synth
four ma yeskhonch men fadlkom,find_worker,appliance_repair,synth
win kayen pharmacie qriba f Tiaret?,out_of_scope,none,synth
je cherche un مول البناء à تلمسان,find_worker,mason,synth
frigo ma ybaredch!! chkoun yji fissa3?,urgent_service,appliance_repair,synth
بليز مول الميكانيك في غرداية دورك دورك، الطوموبيل ما تحبش تشعل,urgent_service,mechanic,synth
بشحال الخدمة تاع لي يصلح الماشينات تقريبا؟,price_inquiry,appliance_repair,synth
"bonjour, raccourcir un jean jdid!! chkoun yji fissa3?",urgent_service,tailor,synth
يعطيكم الصحة، نحوس واحد يعاونني في خدمة في الدار ناشط في تيزي وزو,find_worker,none,synth
chkoun 3ando numero nta3 technicien clim f Tlemcen?,find_worker,ac_repair,synth
3awnouni cuisine en bois sur mesure w rani 7asel,urgent_service,carpenter,synth
3awnouni chakhchoukha l mounasba w rani 7asel,urgent_service,caterer,synth
شحال يكلف نحتاج طياب للوليمة نهار السبت؟,price_inquiry,caterer,synth
جاري قالي نسقسي هنا على نجار في برج بوعريريج,find_worker,carpenter,synth
douk dork le placo tqawes mel humidité,urgent_service,plasterer,synth
نحب نخيط ريدوات جداد للبيت ونحتاج خياطة ديركت توا,urgent_service,tailor,synth
"3andi ndiro des marches 2oddam el bab, chkoun ye3ref maçon mli7?",find_worker,mason,synth
"saha, 3awnouni lampe techmel w tetfa wa7edha w rani 7asel",urgent_service,electrician,synth
واش هي الأسعار تاع حلاق في وهران؟,price_inquiry,barber,synth
"saha, wach n2der nkoun worker w client f meme temps?",app_question,none,synth
وين نلقى بيتزيريا مليحة في برج بوعريريج؟,out_of_scope,none,synth
شحال تكلف خدمة: نحتاج تنظيف الزجاج والفنيترات نتاع الفيلا؟,price_inquiry,cleaner,synth
nrakeb un lustre f salon!! chkoun yji fissa3?,urgent_service,electrician,synth
traiteur pour f tour ramadan men fadlkom,find_worker,caterer,synth
"svp déménageur f Biskra vite, n9el machine a laver l etage",urgent_service,mover,synth
ch7al ykalefni soudeur pour une journee?,price_inquiry,welder,synth
ya khouya chakhchoukha l mounasba men fadlkom,find_worker,caterer,synth
صحا، بريز محروگة شكون عندو حل,find_worker,electrician,synth
devis approximatif: sbagha nta3 les portes,price_inquiry,painter,synth
combien pour menage hebdomadaire,price_inquiry,cleaner,synth
عندي نبغي بورطاي حديد للغاراج في الدار، واش نديار؟ والله غير حاصل,find_worker,welder,synth
يا شيخ بليز مول الجبس في بليدة دورك دورك، حفرة كبيرة في حيط الجبس,urgent_service,plasterer,synth
combien coute un plombier?,price_inquiry,plumber,synth
واش كاين شي عاملة تنظيف قريب من الجزائر العاصمة؟,find_worker,cleaner,synth
سلام خويا، صباح الخير,greeting_chitchat,none,synth
الما ضعيف ما يطلعش للطابق من فضلكم,find_worker,plumber,synth
وين نلأى بيتزيريا مليحة في غرداية؟,out_of_scope,none,synth
combien coute un مول الكليمة?,price_inquiry,ac_repair,synth
شحال نخلص باش نصلح تنظيف الدار بعد العرس؟,price_inquiry,cleaner,synth
كسكسي لخمسين نفر لصدگة فيسع فيسع,urgent_service,caterer,synth
"svp électricien f Mostaganem vite, compteur yti7 ki nch3el la clim w le four ensemble",urgent_service,electrician,synth
ياخو شحال السوم تاع دهان؟,price_inquiry,painter,synth
rani n7awes 3la menuisier f Mostaganem,find_worker,carpenter,synth
وين نگرا لانجليزية في سكيكدة؟ والله غير حاصل,out_of_scope,none,synth
نقل بيانو من الطابق الرابع ونحتاج ديمناجور ديركت توا,urgent_service,mover,synth
شحال نخلص باش نصلح نحب بورطاي حديد للغاراج؟,price_inquiry,welder,synth
traiteur pour mariage 100 personnes wach ndir,find_worker,caterer,synth
نحوس أستاذ يعطي دروس خصوصية في الرياضيات وشكرا مسبقا,out_of_scope,none,synth
kifah rah el jaw f Jijel?,out_of_scope,none,synth
راني نحوس على ميكانيكي في باتنة,find_worker,mechanic,synth
cas urgent: pression nta3 el ma dai3fa bezzaf rabi y7afdkom,urgent_service,plumber,synth
بونجور وشكرا مسبڨا,greeting_chitchat,none,synth
معليش تقولي كيفاش راه الطقس في Annaba؟,out_of_scope,none,synth
ch7al taman bach ndir recharge gaz ta3 la clim?,price_inquiry,ac_repair,synth
kifach rah el jaw f Mostaganem?,out_of_scope,none,synth
جاري قالي نسقسي هنا على كهربائي في بسكرة,find_worker,electrician,synth
win nechri machine a coudre f Ghardaia?,out_of_scope,none,synth
شكرا على المساعدة والله غير حاصل,greeting_chitchat,none,synth
شحال يدير واحد يعاونني في خدمة في الدار في وهران؟,price_inquiry,none,synth
الدار فيها الدرج الخشبي يزڨزڨ من سيمانة كاملة,find_worker,carpenter,synth
depuis 3 jours 3andna femme de menage l villa kol khemis,find_worker,cleaner,synth
mur ta3 7ouch mayel ... chkoun ysal7hali?,find_worker,mason,synth
baignoire msdouda 3awnouni,find_worker,plumber,synth
وين نشري ماكينة خياطة جديدة في جيجل؟,out_of_scope,none,synth
عندي الطوموبيل ما تحبش تشعل ونحتاج واحد يصلحهالي,find_worker,mechanic,synth
وين نلگى بيتزيريا مليحة في الشلف؟,out_of_scope,none,synth
راسي شعث بزاف ونحتاج نحفف، شكون يعرف كوافور مليح؟,find_worker,barber,synth
location camion m3a demenageurs!! chkoun yji fissa3?,urgent_service,mover,synth
depuis 3 jours 3andna drari y7afffo gbel l3id,find_worker,barber,synth
بليز تريسيان في عنابة دورك دورك، كي نشعل الماشينة يطيح الضو الله يخليك,urgent_service,electrician,synth
sa7bi win nel9a les demandes li b3aththom?,app_question,none,synth
ya kho repas nta3 khetana jour el jem3a w ma 3reftch win nrou7,find_worker,caterer,synth
wesh rak? rabi y7afdkom,greeting_chitchat,none,synth
rani n7awes 3la transport meubles f Ouargla,find_worker,mover,synth
شعري طويل ونحب تحفيفة ديغراديه!! نحتاج واحد يجي فيسع وشكرا مسبقا,urgent_service,barber,synth
يا خويا مستعجل: نحتاج ميكانيسيان اليوم في بسكرة,urgent_service,mechanic,synth
شحال نخلص باش نصلح نحب نديار سياج حول الجنان؟,price_inquiry,mason,synth
مساء الخير,greeting_chitchat,none,synth
les prix ta3 mécanicien f Tizi Ouzou?,price_inquiry,mechanic,synth
win nelqa pizzeria mli7a f Ouargla?,out_of_scope,none,synth
des ouvriers ynazlou el 9ach mel 5eme etage fissa3 svp,urgent_service,mover,synth
صحا، ارجو المساعدة بسرعة، الضو مقطوع في الدار كامل,urgent_service,electrician,synth
شحال السوم تاع مول البناء,price_inquiry,mason,synth
وين نلقى بيتزيريا مليحة في وهران؟,out_of_scope,none,synth
شحال يكلف الكوزينيار ما يشعلوش البلاكات تاعو؟,price_inquiry,appliance_repair,synth
شكرا بزااااف,greeting_chitchat,none,synth
كيفاش نبعث طلب خدمة؟ بارك الله فيكم,app_question,none,synth
حفرة كبيرة في حيط الجبس ياخو,find_worker,plasterer,synth
شكون عندو نيميرو تاع مول الميكانيك في عنابة؟,find_worker,mechanic,synth
شحال يكلف الطوموبيل تدخن دخان كحل؟ الله يخليك,price_inquiry,mechanic,synth
ياخو نبغي نشري طوموبيل مستعملة، واش تنصحوني؟,out_of_scope,none,synth
nettoyer canapé w moquette chkoun 3ando solution,find_worker,cleaner,synth
menage ba3d la fete men fadlkom,find_worker,cleaner,synth
congelateur ma yjamedch chkoun 3ando solution,find_worker,appliance_repair,synth
ياخو حالة مستعجلة: نديرو درابزين حديد للدرج,urgent_service,welder,synth
besoin d un plombier serieux f Batna,find_worker,plumber,synth
combien pour repeindre la façade ta3 dar?,price_inquiry,painter,synth
3andi tarqi3 ta3 kachabiya,find_worker,tailor,synth
دورك دورك نحتاج كاميو صغير ننگل بيه الأثاث,urgent_service,mover,synth
ta2sir ta3 serwal n7taj khayat tawa dork,urgent_service,tailor,synth
وين كاين أڨرب صيدلية في Constantine؟,out_of_scope,none,synth
"saha, nheb ndir porte blindée n7taj 7addad tawa dork",urgent_service,welder,synth
win nechri gazon w les plantes f Boumerdes?,out_of_scope,none,synth
واش كاين شي ناقل العفش قريب من بسكره؟,find_worker,mover,synth
مستعجل: نحتاج peintre اليوم في Tiaret,urgent_service,painter,synth
sa7bi recette ta3 couscous svp,out_of_scope,none,synth
كيفاش نبعث طلب خدمة؟ وشكرا مسبقا,app_question,none,synth
واش هي الأسعار تاع مول البناء في غرداية؟,price_inquiry,mason,synth
صحا، نحب نتعلم الحلاقة باش نحل صالون,out_of_scope,none,synth
نحتاج لي يصلح الماشينات يجي غدوة الصباح لـ بليدة,find_worker,appliance_repair,synth
شكون عندو نيميرو تاع نجار في مستغانم,find_worker,carpenter,synth
depuis 3 jours 3andna tableau electrique 9dim,find_worker,electrician,synth
سلام خويا، وين نلأى بيتزيريا مليحة في ورألة؟,out_of_scope,none,synth
الكناپي ولا مصفر من الاولاد ويحتاج غسيل عميق من فضلكم وشكرا مسبقا,find_worker,cleaner,synth
"3andi balustrade lel balcon, chkoun ye3ref soudor mli7?",find_worker,welder,synth
la voiture tdakhen dokhan k7el wach ndir,find_worker,mechanic,synth
win nechri gazon w les plantes f سطيف? wallah ghir 7asel,out_of_scope,none,synth
restaurant ghaya l le diner f Bejaia?,out_of_scope,none,synth
ch7al prix ta3 abonnement par mois? ya kho,app_question,none,synth
صاحبي واش التطبيگ مجاني ولا بالخلاص؟,app_question,none,synth
جاري االي نسأسي هنا على بلاكيست في اسنطينة,find_worker,plasterer,synth
من فضلكم عندي نحب نفصل كوستيم على قياسي ونحتاج واحد يصلحهالي,find_worker,tailor,synth
شحال يكلف الاشتراك في الشهر؟ يعطيكم الصحة,app_question,none,synth
نحتاج صباغه السقف شكون عندو حل,find_worker,painter,synth
الجنان محتاج تنڨية وڨازون جديد,out_of_scope,none,synth
السياج الأخضر تاع الجنان يحتاج تقليم يعطيكم الصحة,out_of_scope,none,synth
kifah n3ayet l worker apres la mission?,app_question,none,synth
بشحال الخدمة تاع لحّام تأريبا,price_inquiry,welder,synth
الله يخليكم نحب نبدل بلاصة الكليمة ومقدرتش نلقى حل,urgent_service,ac_repair,synth
شحال السوم تاع مول الخياطة؟,price_inquiry,tailor,synth
je cherche un wa7ed y3aweni f khedma f dar à Ouargla,find_worker,none,synth
راني نحوس على واحد يعاونني في خدمة في الدار في Ghardaia,find_worker,none,synth
ياخو ربي يحفظكم,greeting_chitchat,none,synth
الطواليت محبوسة والما يطلع شكون عندو حل الله يخليك,find_worker,plumber,synth
شحال السوم تاع طباخة؟,price_inquiry,caterer,synth
devis approximatif: tarqi3 ta3 kachabiya?,price_inquiry,tailor,synth
les prix ta3 mol l placo f Tlemcen? ya kho,price_inquiry,plasterer,synth
kifach neb3et demande de service?,app_question,none,synth
يعطيكم الصحة، نحوس kwafur ناشط في Batna,find_worker,barber,synth
من فضلكم كسكسي لخمسين نفر لصدقة فيسع فيسع,urgent_service,caterer,synth
win nechri machine a coudre f Alger?,out_of_scope,none,synth
راهي عندي نحتاج كاميو صغير ننڨل بيه الأثاث وحاصل,find_worker,mover,synth
ya cheikh arrosage automatique lel jnina chkoun yrakbou?,out_of_scope,none,synth
je cherche un najjar à Biskra svp,find_worker,carpenter,synth
n7awes 3la dentiste mli7 f Ghardaia,out_of_scope,none,synth
rani n7awes 3la wa7ed y3aweni f khedma f dar f غرداية,find_worker,none,synth
كيفاش نشوف تگييمات العامل گبل ما نخدم معاه؟ ياخو,app_question,none,synth
واش هي الأسعار تاع kahrabji في Alger؟,price_inquiry,electrician,synth
شحال تكلف خدمة: نڨل بيانو من الطابڨ الرابع؟,price_inquiry,mover,synth
سلام، نبغي نتعلم الكهرباء واش كاين تكوين؟,out_of_scope,none,synth
معليش تقولي كيفاش راه الطقس في بليده؟,out_of_scope,none,synth
يا خويا واش معنى الاشتراك برو للعامل؟,app_question,none,synth
نحوس على شقة للكراء في بومرداس,out_of_scope,none,synth
douk dork la voiture tdakhen dokhan k7el,urgent_service,mechanic,synth
les prix ta3 couturier f Skikda? ya kho,price_inquiry,tailor,synth
شكون عندو نيميرو تاع ميكانيسيان في مستغانم؟,find_worker,mechanic,synth
rani n7awes 3la sebbak f Chlef,find_worker,plumber,synth
je cherche un traiteur à Boumerdes,find_worker,caterer,synth
les lampes yrigliw wa7edhom ... chkoun ysal7hali,find_worker,electrician,synth
حالة مستعجلة: نحب نديار كارلاج جديد في الكوزينة والله غير حاصل,urgent_service,mason,synth
نحوس جنايني يقلم الأشجار تاع الجنان,out_of_scope,none,synth
راني نحوس على نجار في الجزائر العاصمة,find_worker,carpenter,synth
buffet pour fete de fiançailles!! chkoun yji fissa3?,urgent_service,caterer,synth
nettoyage ta3 dar kamla men fadlkom,find_worker,cleaner,synth
بشحال الخدمة تاع صباغ تقريبا؟,price_inquiry,painter,synth
n7awes 3la appartement l kra f Tizi Ouzou,out_of_scope,none,synth
ch7al nkhalles bach nsale7 grille de protection lel fenetres?,price_inquiry,welder,synth
n7awes 3la dentiste ghaya f Mostaganem,out_of_scope,none,synth
يا شيخ عندي تضييق القميجة من الجناب باش تجي على القد ونحتاج واحد يصلحهالي,find_worker,tailor,synth
تحفيفة للأولاد قبل الدخول المدرسي فيسع فيسع,urgent_service,barber,synth
win nechri gazon w les plantes f سطيف?,out_of_scope,none,synth
وين نقرا لانجليزية في وهران؟,out_of_scope,none,synth
balustrade lel balcon 3awnouni,find_worker,welder,synth
يا جماعة جاري قالي نسقسي هنا على حلاق في وهران,find_worker,barber,synth
les prix ta3 wa7ed y3aweni f khedma f dar f Batna?,price_inquiry,none,synth
thanks,greeting_chitchat,none,synth
camion sghir bach nne9lou les meubles 3awnouni,find_worker,mover,synth
sa7bi labas?,greeting_chitchat,none,synth
سلام، واش معنى الاشتراك برو للعامل؟,app_question,none,synth
douk dork porte mkessra,urgent_service,carpenter,synth
خويا الماشينة تاع الصابون تجري الما من تحت شكون يجي يشوفها,find_worker,appliance_repair,synth
urgence!!! clim ydir bruit bizarre f Ouargla,urgent_service,ac_repair,synth
ya cheikh fenetre ma tetsakkarch mli7!! chkoun yji fissa3?,urgent_service,carpenter,synth
coiffeur yji l dar 3awnouni,find_worker,barber,synth
البيسي تاعي ولا ثڨيل بزااااف واش نديار؟,out_of_scope,none,synth
وين نلقى تكوين في النجارة,out_of_scope,none,synth
sa7bi ch7al nkhalles bach nsale7 traiteur pour f tour ramadan?,price_inquiry,caterer,synth
تنظيف الفور والتلاجة والكوزينة الكل قبل رمضان شكون عندو حل,find_worker,cleaner,synth
مستعجل: نحتاج بنّاء اليوم في قسنطينة,urgent_service,mason,synth
جاري االي نسأسي هنا على تأني كليماتيزور في برج بوعريريج,find_worker,ac_repair,synth
الرطوبة قوست البلاكو تاع البيت من فضلكم,find_worker,plasterer,synth
كاين رطوبة وتقشير في سقف البيت بارك الله فيكم,find_worker,painter,synth
الجنان محتاج تنقيه وقازون جديد,out_of_scope,none,synth
نحتاج ناقل العفش يجي غدوة الصباح لـ سطيف,find_worker,mover,synth
cas urgent: micro-onde mat,urgent_service,appliance_repair,synth
n7awes 3la appartement l kra f Setif,out_of_scope,none,synth
win nel9a pizzeria mli7a f Batna?,out_of_scope,none,synth
وين كاين أقرب صيدلية في جيجل؟ يعطيكم الصحة,out_of_scope,none,synth
شكون عندو نيميرو تاع بنّاء في تيزي وزو؟,find_worker,mason,synth
meuble ye7taj tsli7 3awnouni wallah ghir 7asel,find_worker,carpenter,synth
restaurant ghaya l le diner f Annaba?,out_of_scope,none,synth
واش نگدر نخدم كعامل وكليان في نفس الوگت؟ الله يخليك,app_question,none,synth
جاري قالي نسقسي هنا على reparateur machine a laver في Bordj Bou Arreridj,find_worker,appliance_repair,synth
kifah rah el jaw f تلمسان?,out_of_scope,none,synth
les prix ta3 plombier f Tiaret?,price_inquiry,plumber,synth
la roue tneffes chkoun 3ando solution,find_worker,mechanic,synth
el ma 7abes f dar kamla men fadlkom,find_worker,plumber,synth
صحا، ترڨيع الجاكيطة الڨديمة واش نديار,find_worker,tailor,synth
الدار فيها شعري طويل ونحب تحفيفة ديغراديه من سيمانة كاملة,find_worker,barber,synth
شحال السوم تاع ناقل العفش؟,price_inquiry,mover,synth
حالة مستعجلة: الدرج الخشبي يزڨزڨ,urgent_service,carpenter,synth
sa7bi devis approximatif: des ouvriers ynazlou el 2ach mel 5eme etage?,price_inquiry,mover,synth
dork dork clim tetlok ri7a khayba,urgent_service,ac_repair,synth
عاونوني! كليمة الطوموبيل ما تبردش وراني حاصل,urgent_service,mechanic,synth
نحوس على طبيب أسنان مليح في مستغانم,out_of_scope,none,synth
سلام خويا، نبغي نتعلم الخياطة واش كاين تكوين قريب؟,out_of_scope,none,synth
svp urgence!! femme de menage l villa kol khemis f Batna,urgent_service,cleaner,synth
n7awes jardinier mli7 ytayye7li les mauvaises herbes merci,out_of_scope,none,synth
wach kayen wa7ed y3aweni f khedma f dar 9rib meni f سطيف?,find_worker,none,synth
معليش تقولي كيفاش راه الطقس في تلمسان؟,out_of_scope,none,synth
بليز خياطة في الشلف دورك دورك، نحب نفصل كوستيم على ڨياسي,urgent_service,tailor,synth
merci khouya,greeting_chitchat,none,synth
chkoun 3ando numero nta3 peintre f Alger?,find_worker,painter,synth
شكون عندو نيميرو تاع مول الضو في بسكره؟,find_worker,electrician,synth
يا خويا ههههه شابة,greeting_chitchat,none,synth
cas urgent: canalisation msdouda,urgent_service,plumber,synth
wach kayen cuisiniere 9rib meni f Blida?,find_worker,caterer,synth
جاري ڨالي نسڨسي هنا على مول الطياب في عنابة,find_worker,caterer,synth
شحال تكلف خدمة: نبدلو الدار الشهر الجاي ونحتاجو نقل القش؟,price_inquiry,mover,synth
نقدر نلقى سودور يجي اليوم لـ الشلف,find_worker,welder,synth
"saha, combien pour clima tqatter el ma?",price_inquiry,ac_repair,synth
نحب نديار قفص حديد فوق السطح ونحتاج soudor ديركت توا,urgent_service,welder,synth
الكليمه تأطر الما في البيت من فضلكم,find_worker,ac_repair,synth
الكشابية محتاجة ترقيع يعطيكم الصحة,find_worker,tailor,synth
bslema wallah ghir 7asel,greeting_chitchat,none,synth
nebghi trisyan yji lyoum l Batna,find_worker,electrician,synth
شحال يكلف تنظيف الفور والتلاجة والكوزينة الكل قبل رمضان؟,price_inquiry,cleaner,synth
menage ba3d la fete men fadlkom merci,find_worker,cleaner,synth
besoin d un menage serieux f Tiaret,find_worker,cleaner,synth
win kayen pharmacie 9riba f Oran?,out_of_scope,none,synth
وين كاين أگرب صيدلية في الجزائر العاصمة؟,out_of_scope,none,synth
نقدر نلقى واحد يعاونني في خدمة في الدار يجي اليوم لـ جيجل؟,find_worker,none,synth
سلام خويا، شكون عندو نيميرو تاع demenageur في Skikda؟,find_worker,mover,synth
بليز barbier في Jijel دورك دورك، حففلي راسي ديغراديه,urgent_service,barber,synth
الله يخليكم الباب الحديديه خرجت من بلاصتها ومقدرتش نلقى حل,urgent_service,welder,synth
n9el machine a laver l etage!! chkoun yji fissa3?,urgent_service,mover,synth
بريز محروقه!! نحتاج واحد يجي فيسع,urgent_service,electrician,synth
nbi3 telephone samsung presque jdid rabi y7afdkom,out_of_scope,none,synth
win nel9a pizzeria mli7a f Tiaret?,out_of_scope,none,synth
نحتاج بنّاء مليح في بومرداس,find_worker,mason,synth
wach ne9der nesta3mel l appli offline? w chokran,app_question,none,synth
الكارلاج تاع الحمام تقلع وولى يجمع الما شكون عندو حل,find_worker,mason,synth
"slm, les prix ta3 reparateur climatiseur f Mostaganem?",price_inquiry,ac_repair,synth
cloison placo bach n2assmou la chambre ... chkoun ysal7hali?,find_worker,plasterer,synth
نقدر نلقى مول البلاكو يجي اليوم لـ بجاية؟,find_worker,plasterer,synth
نحتاج kwafur يجي غدوة الصباح لـ Annaba,find_worker,barber,synth
ya khouya kifah nes7ab compte ta3i?,app_question,none,synth
besoin d un مول الحلاقة serieux f الجزائر العاصمة,find_worker,barber,synth
win nelqa pizzeria mli7a f Annaba,out_of_scope,none,synth
devis approximatif: chakhchoukha l mounasba?,price_inquiry,caterer,synth
يا جماعة نحوس على شقة للكراء في تلمسان,out_of_scope,none,synth
نحتاج كاميو صغير ننگل بيه الأثاث ونحتاج ناگل العفش ديركت ضروك,urgent_service,mover,synth
roubini rah yfuiti ... chkoun ysal7hali?,find_worker,plumber,synth
يا خويا حالة مستعجلة: الروبة تحتاج تضييق من الجناب,urgent_service,tailor,synth
"saha, tabbakha tji ttayeb f dar chkoun 3ando solution",find_worker,caterer,synth
n7awes 3la dentiste ghaya f بسكرة,out_of_scope,none,synth
الجبس تاع البيت طاح مع الشتا!! نحتاج واحد يجي فيسع بارك الله فيكم,urgent_service,plasterer,synth
nheb menuisier yji lyoum l Ghardaia,find_worker,carpenter,synth
voiture ma techa3lch n7taj mikanisyan tawa drouk,urgent_service,mechanic,synth
البيسي تاعي ولا ثقيل ياسر واش نديار؟,out_of_scope,none,synth
le carrelage nta3 hammam t9alla3 chkoun 3ando solution,find_worker,mason,synth
combien coute un ماصون?,price_inquiry,mason,synth
شحال نخلص باش نصلح نحب نخبي الكابلاج بحيط بلاكو؟,price_inquiry,plasterer,synth
نقدر نلقى خياط يجي اليوم لـ برج بوعريريج؟,find_worker,tailor,synth
يا جماعة نحتاج مصلح تلاجات مليح في بومرداس,find_worker,appliance_repair,synth
installation chauffe-eau jdid 3awnouni,find_worker,plumber,synth
كيفاش نزيد تصاور لخدماتي؟,app_question,none,synth
نحتاج soudeur يجي غدوة الصباح لـ Bordj Bou Arreridj,find_worker,welder,synth
parquet mkhareb men fadlkom,find_worker,carpenter,synth
déménagement complet fissa3 svp,urgent_service,mover,synth
plafond placo tah mennou tarf 3awnouni,find_worker,plasterer,synth
الله يخليكم كليمة الطوموبيل ما تبردش ومقدرتش نلقى حل,urgent_service,mechanic,synth
ya kho besoin d un technicien clim serieux f Bejaia,find_worker,ac_repair,synth
شحال تكلف خدمة: البلاط تاع الساحة تحرك وتكسر؟,price_inquiry,mason,synth
البيسي تاعي ولا ثأيل بزاف واش نديار؟ ياخو,out_of_scope,none,synth
3awnouni coiffeur yji l dar w rani 7asel,urgent_service,barber,synth
labas,greeting_chitchat,none,synth
win nel9a les demandes li b3aththom?,app_question,none,synth
depuis 3 jours 3andna nqel les meubles l dar jdida,find_worker,mover,synth
وين نقرا لانجليزية في قسنطينة,out_of_scope,none,synth
نحتاج مصلح تلاجات يجي غدوة الصباح لـ وهران,find_worker,appliance_repair,synth
chauffe-eau ma yeskhonch!! chkoun yji fissa3? wallah ghir 7asel,urgent_service,plumber,synth
transport ta3 les affaires l dar jdida ... chkoun ysal7hali?,find_worker,mover,synth
porte mkessra!! chkoun yji fissa3?,urgent_service,carpenter,synth
شحال يكلفني تڨني كليماتيزور لليوم كامل؟,price_inquiry,ac_repair,synth
نحوس على شقة للكراء في Ouargla,out_of_scope,none,synth
جاري قالي نسقسي هنا على واحد يعاونني في خدمة في الدار في عنابة,find_worker,none,synth
كيفاش نشوف تأييمات العامل ابل ما نخدم معاه,app_question,none,synth
خويا نقل تلاجة وماشينة للطابق الثالث شكون يجي يشوفها,find_worker,mover,synth
win nel9a pizzeria mli7a f Ghardaia? merci,out_of_scope,none,synth
واش معنى الاشتراك برو للعامل؟ يعطيكم الصحة,app_question,none,synth
الما ضعيف ما يطلعش للطابگ!! نحتاج واحد يجي فيسع,urgent_service,plumber,synth
kifach rah el jaw f Mostaganem,out_of_scope,none,synth
"saha, l'appli gratuite wela payante?",app_question,none,synth
سلام خويا، بليز خياط في ورقلة ضركا ضركا، نحب نخيط جبة قسنطينية للعرس,urgent_service,tailor,synth
حاله مستعجله: نقل عفش عروسه,urgent_service,mover,synth
جاري ڨالي نسڨسي هنا على خياط في تلمسان,find_worker,tailor,synth
urgence!! coiffure a domicile pour le mariage f Ghardaia,urgent_service,barber,synth
ارجو المساعدة بسرعة، الماشينة تاع الصابون تجري الما من تحت,urgent_service,appliance_repair,synth
ch7al nkhalles bach nsale7 moteur yeskhon bzzzaf?,price_inquiry,mechanic,synth
"sa7bi svp réparateur électroménager f Ouargla vite, cuisiniere ma tech3elch",urgent_service,appliance_repair,synth
ch7al nkhalles bach nsale7 fermeture eclair ta3 veste khasra?,price_inquiry,tailor,synth
شحال يدير مول البناء في وهران؟,price_inquiry,mason,synth
شحال يكلف السطح يأطر ونحتاج ايتونشيتي؟,price_inquiry,mason,synth
يا خويا نحب نحفف قبل العيد ونحتاج كوافور ديركت توا,urgent_service,barber,synth
يا جماعة وين نلقى الطلبات لي بعثتهم؟,app_question,none,synth
سلام، الله يخليكم نبغي بورطاي حديد للغاراج ومقدرتش نلقى حل,urgent_service,welder,synth
ma l2itch wa7ed y3aweni f khedma f dar disponible f Constantine,find_worker,none,synth
كيفاش نخدم بهاد التطبيق؟,app_question,none,synth
ma l9itch مول الجبس disponible f سكيكدة,find_worker,plasterer,synth
3awnouni traiteur pour f tour ramadan w rani 7asel,urgent_service,caterer,synth
سلام، ضركا دورك طوفان الما في الكوزينة,urgent_service,plumber,synth
سلام خويا، السياج الأخضر تاع الجنان يحتاج تقليم,out_of_scope,none,synth
نبيع تيليفون سامسونج شبه جديد,out_of_scope,none,synth
prof ta3 maths l les cours particuliers wallah ghir 7asel,out_of_scope,none,synth
recette nta3 couscous svp,out_of_scope,none,synth
combien coute un mikanisyan?,price_inquiry,mechanic,synth
kifach ndir compte facebook,out_of_scope,none,synth
نبغي نشري ماشينة صابون جديدة شحال السوم,out_of_scope,none,synth
sa7bi les haies y7tajo taille chkoun ydirha?,out_of_scope,none,synth
واش هي الأسعار تاع لحّام في تلمسان؟,price_inquiry,welder,synth
راهي عندي اللافيسال تحبس في نص البروغرام وحاصل,find_worker,appliance_repair,synth
حالة مستعجلة: الجبس تاع السقف تشقق ومحتاج تصليح,urgent_service,plasterer,synth
حلاقة في الدار لشيخ كبير ما يقدرش يخرج عاونوني,find_worker,barber,synth
porte en fer forgé lel 7ouch men fadlkom,find_worker,welder,synth
شحال يدير لي ينقل الأثاث في عنابة؟,price_inquiry,mover,synth
ma l9itch كوافور disponible f برج بوعريريج,find_worker,barber,synth
الله يخليكم نگل تلاجة وماشينة للطابگ الثالث ومگدرتش نلگى حل,urgent_service,mover,synth
من فضلكم شحال يكلف الاشتراك في الشهر؟,app_question,none,synth
يعطيكم الصحة، نحوس najjar ناشط في Ouargla,find_worker,carpenter,synth
جاري قالي نسقسي هنا على دهان في عنابة,find_worker,painter,synth
الديجونكتور يطيح ديما عاونوني,find_worker,electrician,synth
راني نحوس على لي يصلح الماشينات في برج بوعريريج,find_worker,appliance_repair,synth
نبغي نخيط گندورة للعيد عاونوني,find_worker,tailor,synth
douk dork clim tetlok ri7a khayba,urgent_service,ac_repair,synth
من فضلكم راني نحوس على mason في Bejaia,find_worker,mason,synth
من فضلكم نحوس على ريسطورون مليح للعشاء في Ouargla,out_of_scope,none,synth
ياخو كيفاش نقيّم العامل بعد الخدمة؟,app_question,none,synth
recette ta3 couscous svp svp,out_of_scope,none,synth
يا جماعة واش التطبيق مجاني ولا بالخلاص؟,app_question,none,synth
شحال يكلفني menuisier لليوم كامل؟,price_inquiry,carpenter,synth
السيفون تاع التواليت خسر ونحتاج بلومبيي ديركت توا,urgent_service,plumber,synth
ya kho nheb cuisiniere yji lyoum l Ouargla,find_worker,caterer,synth
مستعجل: نحتاج مول السودير اليوم في سكيكدة,urgent_service,welder,synth
وين نشري ماكينة خياطة جديدة في عنابة؟,out_of_scope,none,synth
شكون عندو نيميرو تاع مصلح تلاجات في غرداية؟,find_worker,appliance_repair,synth
تريتور للختانة نهار الجمعة عاونوني يعطيكم الصحة,find_worker,caterer,synth
wach kayen kwafur 9rib meni f Tiaret?,find_worker,barber,synth
دلوني على مول السودير شاطر ومعقول,find_worker,welder,synth
نحوس جنايني يألم الأشجار تاع الجنان,out_of_scope,none,synth
ya cheikh rani n7awes 3la peintre f Blida,find_worker,painter,synth
"saha, 3andi cloison placo bach n9assmou la chambre, chkoun ye3ref plakist mli7?",find_worker,plasterer,synth
ارجو المساعدة بسرعة، نحتاج تريتور لفطور رمضان لعائلة كبيرة,urgent_service,caterer,synth
ch7al ykalefni peintre pour une journee? svp,price_inquiry,painter,synth
ch7al taman bach ndir la clim ma tsakhanch f chta?,price_inquiry,ac_repair,synth
ta9sir ta3 serwal chkoun 3ando solution,find_worker,tailor,synth
نبيع تيليفون سامسونج شبه جديد والله غير حاصل,out_of_scope,none,synth
نحتاج sebbagh مليح في Jijel,find_worker,painter,synth
كيفاه نشوف تقييمات العامل قبل ما نخدم معاه,app_question,none,synth
depuis 3 jours 3andna chauffe-eau ma yeskhonch,find_worker,plumber,synth
besoin d un reparateur climatiseur serieux f Bordj Bou Arreridj,find_worker,ac_repair,synth
شكون عندو نيميرو تاع كوافور في بليدة؟,find_worker,barber,synth
ya khouya chakhchoukha l mounasba!! chkoun yji fissa3?,urgent_service,caterer,synth
"svp déménageur f Tiaret vite, transport ta3 piano",urgent_service,mover,synth
déplacer la clim l chambre okhra 3awnouni,find_worker,ac_repair,synth
نگدر نلگى ميكانيسيان يجي اليوم لـ گسنطينة؟,find_worker,mechanic,synth
راهي عندي التلاجة تدير صوت غريب وحاصل,find_worker,appliance_repair,synth
شحال يكلف الروبة تحتاج تضييق من الجناب,price_inquiry,tailor,synth
salam svp,greeting_chitchat,none,synth
ecran ta3 telephone therres win nsal7ou? svp,out_of_scope,none,synth
يا خويا نحوس جنايني يقلم الأشجار تاع الجنان,out_of_scope,none,synth
جاري االي نسأسي هنا على électricien في Biskra,find_worker,electrician,synth
chkoun 3ando numero ta3 najjar f Annaba? w chokran,find_worker,carpenter,synth
يعطيكم الصحة، نحوس سودور ناشط في گسنطينة,find_worker,welder,synth
صباح الخير بارك الله فيكم,greeting_chitchat,none,synth
بليز لي ينأل الأثاث في عنابة دورك دورك، نحب ننأل العفش لدار جديدة,urgent_service,mover,synth
wach n9der nkoun worker w client f meme temps,app_question,none,synth
وين نشري الزرع والورد للجنان في بليدة؟,out_of_scope,none,synth
الله يخليكم الفنيترة ما تسكرش مليح ومقدرتش نلقى حل,urgent_service,carpenter,synth
n7awes 3la dentiste mli7 f Batna,out_of_scope,none,synth
je cherche un plombi à Alger,find_worker,plumber,synth
كيفاش نبدل المهنة تاعي في البروفيل؟ وشكرا مسبقا,app_question,none,synth
ch7al taman bach ndir trou kbir fel mur en platre?,price_inquiry,plasterer,synth
ya khouya nbi3 telephone samsung presque jdid,out_of_scope,none,synth
ياخو نبغي نعلي حيط الحوش متر زيادة شكون عندو حل,find_worker,mason,synth
واش هي الأسعار تاع مول الميكانيك في ڨسنطينة؟,price_inquiry,mechanic,synth
نحوس على شقة للكراء في بليدة يعطيكم الصحة,out_of_scope,none,synth
حالة مستعجلة: نديرو درابزين حديد للدرج,urgent_service,welder,synth
بشحال الخدمة نتاع نجار تقريبا؟,price_inquiry,carpenter,synth
"ya kho svp maçon f Bejaia vite, dalle jdida",urgent_service,mason,synth
depuis 3 jours 3andna nheb ndir porte blindée,find_worker,welder,synth
"bonjour, kifach rah el jaw f وهران?",out_of_scope,none,synth
win kayen pharmacie 9riba f Tizi Ouzou?,out_of_scope,none,synth
chkoun 3ando numero ta3 sebbagh f Ghardaia? svp,find_worker,painter,synth
شكون يركب سڨي أوتوماتيك في الجنينة؟,out_of_scope,none,synth
خويا الضو يشعل ويطفي وحدو شكون يجي يشوفها,find_worker,electrician,synth
وين نشري الزرع والورد للجنان في وهران؟,out_of_scope,none,synth
وين نقرا لانجليزية في Biskra؟,out_of_scope,none,synth
صحا، حالة مستعجلة: نحب نخيط كسوة تقليدية للعرس,urgent_service,tailor,synth
نحب صباغة غرفة الأطفال بألوان شابة واش نديار,find_worker,painter,synth
ya cheikh kifach nghayyer profession fel compte ta3i?,app_question,none,synth
نحتاج ميكانيكي غايا في غرداية,find_worker,mechanic,synth
svp clima tqatter el ma!! chkoun yji fissa3?,urgent_service,ac_repair,synth
بشحال الخدمة تاع فام دو ميناج تگريبا؟,price_inquiry,cleaner,synth
ch7al ykalefni soudor pour une journee?,price_inquiry,welder,synth
كيفاه نبعث طلب خدمة؟,app_question,none,synth
نحتاج demenageur مليح في Oran,find_worker,mover,synth
شحال يكلف بريز محروقة؟,price_inquiry,electrician,synth
نحوس وصفه طاجين حلو للعيد,out_of_scope,none,synth
chkoun 3ando numero nta3 sebbagh f Batna?,find_worker,painter,synth
n7awes jardinier zin ytayye7li les mauvaises herbes,out_of_scope,none,synth
je cherche un wa7ed y3aweni f khedma f dar à Biskra merci,find_worker,none,synth
urgence!! nkhayet 9andoura lel 3id f بومرداس,urgent_service,tailor,synth
نبغي نديار قفص حديد فوق السطح، شكون يعرف سودور مليح؟,find_worker,welder,synth
واش نقدر نخدم كعامل وكليان في نفس الوقت,app_question,none,synth
urgence!! tabbakha lel 3ers f Blida,urgent_service,caterer,synth
حالة مستعجلة: الباب نتاع الكوزينة تكسر,urgent_service,carpenter,synth
نحتاج مرا تعاون ماما في قضيان الدار!! نحتاج واحد يجي فيسع,urgent_service,cleaner,synth
عندي الطوموبيل تدخن دخان كحل,find_worker,mechanic,synth
besoin d un reparateur climatiseur serieux f Tiaret,find_worker,ac_repair,synth
ma l9itch wa7ed y3aweni f khedma f dar disponible f Bordj Bou Arreridj,find_worker,none,synth
حالة مستعجلة: نبغي نركب تريات في السقف ياخو,urgent_service,electrician,synth
ma l9itch menuisier disponible f Tlemcen,find_worker,carpenter,synth
شحال يكلف نحب نديار سياج حول الجنان؟,price_inquiry,mason,synth
les amis wach n9der nkoun worker w client f meme temps?,app_question,none,synth
نحب نديار كوزينة خشب على قياس عاونوني الله يخليك,find_worker,carpenter,synth
دلوني على واحد يعاونني في خدمة في الدار شاطر ومعڨول,find_worker,none,synth
svp ch7al rahi el sa3a?,out_of_scope,none,synth
الدار فيها نحتاج صباغة السقف من سيمانة كاملة,find_worker,painter,synth
عندي الكليمة ناقصها غاز,find_worker,ac_repair,synth
ch7al taman bach ndir les murs mkharbchin ye7tajo enduit?,price_inquiry,painter,synth
نحتاج تركيب سونيري تاع الباب ونحتاج trisyan ديركت توا,urgent_service,electrician,synth
حالة مستعجلة: ريحة كابل محروق,urgent_service,electrician,synth
راهي عندي ريحة كابل محروق وحاصل,find_worker,electrician,synth
"saha, devis approximatif: parquet mkhareb?",price_inquiry,carpenter,synth
"3andi nheb nfassel karakou lel 3ers, chkoun ye3ref khayat mli7?",find_worker,tailor,synth
دلوني على kwafur شاطر ومعقول,find_worker,barber,synth
ضروك دورك الكشابية محتاجة ترڨيع,urgent_service,tailor,synth
transport nta3 les affaires l dar jdida ... chkoun ysal7hali?,find_worker,mover,synth
sa7bi ch7al taman bach ndir disjoncteur yti7 kol chwiya?,price_inquiry,electrician,synth
شحال يكلفني لي يصلح الكليمه لليوم كامل؟,price_inquiry,ac_repair,synth
je cherche un agent de nettoyage à Batna,find_worker,cleaner,synth
يا جماعة نسيت كلمة السر، واش نديار؟,app_question,none,synth
je cherche un sebbak à Oran,find_worker,plumber,synth
الجنان محتاج تنأية وأازون جديد,out_of_scope,none,synth
كيفاش نشارك في العروض نتاع الخدمات؟,app_question,none,synth
الدار فيها نحتاج كوافور يجي للدار نهار العرس من سيمانة كاملة,find_worker,barber,synth
نحوس جنايني يقلم الأشجار تاع الجنان وشكرا مسبقا,out_of_scope,none,synth
ياخو شحال السوم تاع فام دو ميناج؟,price_inquiry,cleaner,synth
نبغي وصفه كسكسي بالدجاج,out_of_scope,none,synth
"3andi coiffure nta3 la mariée a domicile, chkoun ye3ref coiffeur mli7?",find_worker,barber,synth
من فضلكم نسيت كلمة السر، واش نديار؟,app_question,none,synth
drouk dork transport ta3 piano,urgent_service,mover,synth
دلوني على دهان شاطر ومعگول والله غير حاصل,find_worker,painter,synth
"bonjour, la peinture t9echret!! chkoun yji fissa3?",urgent_service,painter,synth
الله يخليكم الدار محتاجة تنظيف عميق ومقدرتش نلقى حل,urgent_service,cleaner,synth
طوفان الما في الكوزينة فيسع فيسع,urgent_service,plumber,synth
يا خويا شكون يركب سقي أوتوماتيك في الجنينة؟,out_of_scope,none,synth
nheb mason yji lyoum l Tizi Ouzou,find_worker,mason,synth
wach men film zin nchoufou lyoum? ya kho,out_of_scope,none,synth
شحال تكلف خدمة: نحتاج تنظيف الزجاج والفنيترات تاع الفيلا؟,price_inquiry,cleaner,synth
شكون عندو نيميرو تاع سباك في تلمسان؟,find_worker,plumber,synth
خويا نديرو مارشات قدام باب الدار شكون يجي يشوفها,find_worker,mason,synth
نحتاج حلاق للعريس صباح العرس عاونوني,find_worker,barber,synth
win nel9a pizzeria mli7a f Annaba,out_of_scope,none,synth
نحتاج كاميو صغير ننڨل بيه الأثاث عاونوني,find_worker,mover,synth
restaurant mli7 l le diner f Setif?,out_of_scope,none,synth
الطابلة تاع الصالون محتاجة تصليح، شكون يعرف menuisier مليح؟,find_worker,carpenter,synth
راهي عندي التلاجة ما تبردش والمأكلة تخسر وحاصل,find_worker,appliance_repair,synth
chkoun 3ando numero ta3 couturiere f Constantine?,find_worker,tailor,synth
merci khouya svp,greeting_chitchat,none,synth
devis approximatif: sbagha ta3 les portes?,price_inquiry,painter,synth
"svp technicien clim f Tiaret vite, la clim ma tsakhanch f chta",urgent_service,ac_repair,synth
n7awes 3la dentiste mli7 f Skikda,out_of_scope,none,synth
"bonjour, nbi3 telephone samsung presque jdid",out_of_scope,none,synth
chkoun 3ando numero ta3 mol clima f Constantine?,find_worker,ac_repair,synth
ma l9itch cuisiniere disponible f Skikda,find_worker,caterer,synth
شحال يكلف الديجونكتور يطيح ديما؟,price_inquiry,electrician,synth
يا خويا كيفاش نبعث طلب خدمة؟,app_question,none,synth
3andi location camion m3a demenageurs,find_worker,mover,synth
نبغي نتعلم الخياطة واش كاين تكوين گريب؟,out_of_scope,none,synth
نحتاج عمال ينزلولي العفش من الطابگ الخامس، شكون يعرف ديمناجور مليح؟,find_worker,mover,synth
شحال يدير reparateur climatiseur في Jijel؟,price_inquiry,ac_repair,synth
sa7bi coiffure a domicile pour le mariage 3awnouni,find_worker,barber,synth
combien pour voiture ma techa3lch?,price_inquiry,mechanic,synth
les amis kifach nactivi la localisation fel appli?,app_question,none,synth
serwal twil nheb ngassrou!! chkoun yji fissa3?,urgent_service,tailor,synth
عاونوني! نبدلو الدار الشهر الجاي ونحتاجو نقل القش وراني حاصل,urgent_service,mover,synth
راني نحوس على مول البناء في مستغانم,find_worker,mason,synth
شحال يدير كوافور في قسنطينة؟,price_inquiry,barber,synth
salam w chokran,greeting_chitchat,none,synth
سلام، واش نقدر نخدم كعامل وكليان في نفس الوقت؟,app_question,none,synth
بشحال الخدمة نتاع بلومبيي تقريبا؟,price_inquiry,plumber,synth
"bonjour, wesh rak?",greeting_chitchat,none,synth
عندي الكناپي ولا مصفر من الاولاد ويحتاج غسيل عميڨ,find_worker,cleaner,synth
صحا، نحوس على شأة للكراء في الشلف,out_of_scope,none,synth
نبغي نديار كوزينة خشب على قياس، شكون يعرف menuisier مليح؟,find_worker,carpenter,synth
وين نگرا لانجليزية في غرداية؟,out_of_scope,none,synth
نحب نتعلم الحلاقة باش نحل صالون يعطيكم الصحة,out_of_scope,none,synth
الكليمة تجري الما من الداخل,find_worker,ac_repair,synth
سلام خويا، نحتاج طاكسي للمطار غدوة الصباح,out_of_scope,none,synth
واش راك؟ الله يخليك,greeting_chitchat,none,synth
combien pour robinet y9atter?,price_inquiry,plumber,synth
واش كاين شي tabbakha قريب من Tiaret؟,find_worker,caterer,synth
صاحبي واش راهي أخبار الماتش تاع البارح؟,out_of_scope,none,synth
"3andi cuisine en bois sur mesure, chkoun ye3ref najjar mli7?",find_worker,carpenter,synth
يا شيخ بونجور,greeting_chitchat,none,synth
نحوس على شگة للكراء في ورگلة,out_of_scope,none,synth
ضروك دورك نبغي صبغة ومشطة في الدار,urgent_service,barber,synth
بالسلامة بارك الله فيكم,greeting_chitchat,none,synth
win nechri machine a coudre f Mostaganem?,out_of_scope,none,synth
bonjour,greeting_chitchat,none,synth
الميكروند مات فيسع فيسع,urgent_service,appliance_repair,synth
معليش تقولي كيفاش راه الطقس في سطيف؟ بارك الله فيكم,out_of_scope,none,synth
ch7al nkhalles bach nsale7 batterie morte? merci,price_inquiry,mechanic,synth
راني نحوس على مول الميكانيك في غرداية,find_worker,mechanic,synth
wach n9der nkoun worker w client f meme temps? svp,app_question,none,synth
rani n7awes 3la tabbakha f Mostaganem,find_worker,caterer,synth
معليش تقولي كيفاش راه الطقس في بجاية؟,out_of_scope,none,synth
شحال نخلص باش نصلح العجلة تنفّس؟,price_inquiry,mechanic,synth
besoin d un منوزيي serieux f بومرداس,find_worker,carpenter,synth
صحا، شحال يكلف الاشتراك في الشهر؟,app_question,none,synth
nheb reparateur machine a laver yji lyoum l Tizi Ouzou,find_worker,appliance_repair,synth
n7awes 3la dentiste mli7 f غرداية,out_of_scope,none,synth
عاونوني! الشوفو ما يسخنش الما وراني حاصل,urgent_service,plumber,synth
ya kho wach men film mli7 nchoufou lyoum?,out_of_scope,none,synth
cas urgent: coiffeur yji l dar,urgent_service,barber,synth
je cherche un najjar à Blida,find_worker,carpenter,synth
reparer les volets nta3 fenetres men fadlkom,find_worker,carpenter,synth
نحتاج مصلح الأجهزة يجي غدوة الصباح لـ الشلف,find_worker,appliance_repair,synth
جاري قالي نسقسي هنا على صباغ في سطيف,find_worker,painter,synth
ma l2itch ميكانيكي disponible f بجاية,find_worker,mechanic,synth
عندي مشكلة في الويفي تاع دجيزي ياخو,out_of_scope,none,synth
واش كاين شي دهان قريب من بومرداس,find_worker,painter,synth
نڨل بيانو من الطابڨ الرابع!! نحتاج واحد يجي فيسع,urgent_service,mover,synth
الجبس تاع البيت طاح مع الشتا ونحتاج مول الجبس ديركت توا,urgent_service,plasterer,synth
راني نحوس على خدمة نخدمها، واش كاين بلايص,out_of_scope,none,synth
يعطيكم الصحة، نحوس فام دو ميناج ناشط في بومرداس,find_worker,cleaner,synth
مستعجل: نحتاج منوزيي اليوم في سكيكدة يعطيكم الصحة,urgent_service,carpenter,synth
شحال يكلفني mason لليوم كامل؟,price_inquiry,mason,synth
خويا نحب نديار پلاكار على قياس شكون يجي يشوفها,find_worker,carpenter,synth
ياخو واش راك؟,greeting_chitchat,none,synth
ch7al nkhalles bach nsale7 construire un mur fel jardin,price_inquiry,mason,synth
devis approximatif: installation chauffe-eau jdid?,price_inquiry,plumber,synth
ya khouya recette ta3 tajine 7lou lel 3id,out_of_scope,none,synth
نحتاج ناقل العفش مليح في برج بوعريريج,find_worker,mover,synth
saha khouya,greeting_chitchat,none,synth
ya khouya kifach ndir compte facebook?,out_of_scope,none,synth
بليز مول الصباغة في تيزي وزو ضروك ضروك، نحتاج صباغة السقف,urgent_service,painter,synth
ecran ta3 telephone therres win nsal7ou,out_of_scope,none,synth
"bonjour, c'est quoi l'abonnement pro?",app_question,none,synth
السحاب تاع الجاكيطة خسر ونحتاج مول الخياطة ديركت توا,urgent_service,tailor,synth
dork dork le placo tqawes mel humidité,urgent_service,plasterer,synth
win kayen pharmacie 9riba f Alger?,out_of_scope,none,synth
ya cheikh bonsoir,greeting_chitchat,none,synth
embrayage yzle9 n7taj mécanicien tawa dork,urgent_service,mechanic,synth
besoin d un technicien clim serieux f Jijel,find_worker,ac_repair,synth
واش نڨدر نلغي طلب بعثتو؟,app_question,none,synth
جاري قالي نسقسي هنا على كهربائي في قسنطينه,find_worker,electrician,synth
l'appli gratuite wela payante,app_question,none,synth
وين نشري ماكينة خياطة جديدة في تلمسان,out_of_scope,none,synth
عاونوني! نحب نبدل الروبينات تاع الكوزينة وراني حاصل,urgent_service,plumber,synth
urgence!! prise ma7rou9a f Ghardaia,urgent_service,electrician,synth
يا جماعة نقدر نلقى مصلح تلاجات يجي اليوم لـ باتنة؟,find_worker,appliance_repair,synth
الدار فيها نحب ننأل العفش لدار جديدة من سيمانة كاملة,find_worker,mover,synth
"bonjour, chokran",greeting_chitchat,none,synth
واش هي الأسعار تاع عاملة تنظيف في تيارت؟,price_inquiry,cleaner,synth
recette nta3 tajine 7lou lel 3id w chokran,out_of_scope,none,synth
ch7al ykalefni mecanicien pour une journee?,price_inquiry,mechanic,synth
شحال تكلف خدمة: نحب نركب تريات في السقف؟,price_inquiry,electrician,synth
صباغة الأبواب والفنيترات واش نديار,find_worker,painter,synth
كيفاه نقيّم العامل بعد الخدمه؟,app_question,none,synth
n7awlou l dar jdida f nefs el 7ay 3awnouni,find_worker,mover,synth
cas urgent: cloison ba13 avec porte,urgent_service,plasterer,synth
شحال نخلص باش نصلح نحب نصبغ الدار قبل العيد؟,price_inquiry,painter,synth
سلام خويا، بليز لي يصلح الماشينات في بومرداس دورك دورك، الميكروند مات,urgent_service,appliance_repair,synth
شكون عندو نيميرو تاع mason في Tizi Ouzou؟,find_worker,mason,synth
واش نأدر نلغي طلب بعثتو؟,app_question,none,synth
nheb transport meubles yji lyoum l Blida w chokran,find_worker,mover,synth
ch7al taman bach ndir construire un garage f jardin?,price_inquiry,mason,synth
ارجو المساعدة بسرعة، جبس السقف طايح شوية شوية,urgent_service,plasterer,synth
نديرو درابزين حديد للدرج,find_worker,welder,synth
devis approximatif: coupe + barbe w contour?,price_inquiry,barber,synth
من فضلكم بليز مول الضو في تيزي وزو ضركا ضركا، الانتيريتور خسر ما يشعلش الضو,urgent_service,electrician,synth
شحال تكلف خدمة: الكناپي ولا مصفر من الاولاد ويحتاج غسيل عميأ؟,price_inquiry,cleaner,synth
وين كاين أگرب صيدلية في برج بوعريريج؟,out_of_scope,none,synth
سلام، واش التطبيق مجاني ولا بالخلاص؟,app_question,none,synth
الجنان محتاج تنقية وقازون جديد ياخو,out_of_scope,none,synth
douk dork installation clim jdida,urgent_service,ac_repair,synth
صحا، شحال يكلفني منوزيي لليوم كامل؟,price_inquiry,carpenter,synth
شحال السوم تاع plombier؟,price_inquiry,plumber,synth
chkoun 3ando numero ta3 traiteur f Oran?,find_worker,caterer,synth
يا شيخ واش نڨدر نستعمل التطبيڨ كضيف بلا كونت؟,app_question,none,synth
كيفاه نفعل الموقع باش يلقاوني العمال؟,app_question,none,synth
شكون عندو نيميرو نتاع دهان في عنابة؟,find_worker,painter,synth
ch7al ydir mason f Skikda?,price_inquiry,mason,synth
الماشينة تاع الصابون تجري الما من تحت واش نديار,find_worker,appliance_repair,synth
"slm, devis approximatif: retouche pantalon twil?",price_inquiry,tailor,synth
الضو مقطوع في الدار كامل من فضلكم الله يخليك,find_worker,electrician,synth
نقل مكتب من وسط المدينة ونحتاج ناقل العفش ديركت توا,urgent_service,mover,synth
ch7al prix ta3 abonnement par mois,app_question,none,synth
combien pour n7awlou l dar jdida f nefs el 7ay?,price_inquiry,mover,synth
les amis 3andi mochkla f wifi ta3 djezzy,out_of_scope,none,synth
rani n7awes 3la reparateur machine a laver f Biskra,find_worker,appliance_repair,synth
les amis 3awnouni four ma yeskhonch w rani 7asel,urgent_service,appliance_repair,synth
ch7al ykalefni بلومبيي pour une journee?,price_inquiry,plumber,synth
يعطيكم الصحة، نحوس لحّام ناشط في تلمسان,find_worker,welder,synth
تصليح سودير في السلم الحديدي ونحتاج سودور ديركت توا,urgent_service,welder,synth
عندي الفور ما يسخنش ونحتاج واحد يصلحهالي,find_worker,appliance_repair,synth
يا خويا البيسي تاعي ولا ثگيل ياسر واش نديار؟,out_of_scope,none,synth
راهي عندي نحب نخيط ريدوات جداد للبيت وحاصل,find_worker,tailor,synth
واش هي الأسعار تاع سودور في برج بوعريريج؟,price_inquiry,welder,synth
سلام، بشحال الخدمة تاع سباك تقريبا؟,price_inquiry,plumber,synth
شكون عندو نيميرو تاع مول الميكانيك في ورقلة؟,find_worker,mechanic,synth
السياج الأخضر نتاع الجنان يحتاج تگليم,out_of_scope,none,synth
عندي نحب نخيط ريدوات جداد للبيت يعطيكم الصحة,find_worker,tailor,synth
راني نحوس على مول السودير في غرداية,find_worker,welder,synth
les amis bn nuit khouya,greeting_chitchat,none,synth
شحال يدير سباك في تيارت؟,price_inquiry,plumber,synth
مستعجل: نحتاج منوزيي اليوم في بسكرة,urgent_service,carpenter,synth
win nechri gazon w les plantes f Batna,out_of_scope,none,synth
des ouvriers ynazlou el 9ach mel 5eme etage wach ndir,find_worker,mover,synth
الكليمة ما تسخنش في الشتا ونحتاج تقني كليماتيزور ديركت توا,urgent_service,ac_repair,synth
معليش تقولي كيفاش راه الطقس في سطيف؟,out_of_scope,none,synth
"svp plombier f Skikda vite, nheb nrakeb lavabo jdid fel hammam",urgent_service,plumber,synth
دلوني على ديمناجور شاطر ومعقول,find_worker,mover,synth
3awnouni lave-vaisselle y7bes f nos w rani 7asel,urgent_service,appliance_repair,synth
cas urgent: placard sur mesure wallah ghir 7asel,urgent_service,carpenter,synth
نحوس على طبيب أسنان غايا في الشلف وشكرا مسبقا,out_of_scope,none,synth
demenagement men Oran l Alger ... chkoun ysal7hali?,find_worker,mover,synth
prof nta3 maths l les cours particuliers,out_of_scope,none,synth
dork dork femme de menage l villa kol khemis,urgent_service,cleaner,synth
restaurant mli7 l le diner f Tizi Ouzou?,out_of_scope,none,synth
البلاط تاع الساحة تحرك وتكسر,find_worker,mason,synth
نحتاج طياب للوليمة نهار السبت فيسع فيسع,urgent_service,caterer,synth
depuis 3 jours 3andna decor jebs fel plafond,find_worker,plasterer,synth
ميناج أسبوعي للفيلا ومازال ما لقيتش لي يصلحها,find_worker,cleaner,synth
يعطيكم الصحة، نحوس كوافور ناشط في غرداية,find_worker,barber,synth
عندي ميناج أسبوعي للفيلا ونحتاج واحد يصلحهالي,find_worker,cleaner,synth
جاري قالي نسقسي هنا على واحد يعاونني في خدمة في الدار في Batna,find_worker,none,synth
devis approximatif: fuite d'eau f la cuisine,price_inquiry,plumber,synth
ma l9itch reparateur climatiseur disponible f Batna,find_worker,ac_repair,synth
نديرو درابزين حديد للدرج، شكون يعرف مول السودير مليح؟,find_worker,welder,synth
شحال يكلفني نجار لليوم كامل؟,price_inquiry,carpenter,synth
شكون عندو نيميرو نتاع ديمناجور في سكيكدة؟ ياخو,find_worker,mover,synth
عاونوني! حيط الحوش مايل وخايفين يطيح وراني حاصل,urgent_service,mason,synth
حالة مستعجلة: الرطوبة گوست البلاكو تاع البيت,urgent_service,plasterer,synth
urgence!! nettoyage ta3 dar ba3d le demenagement f Ouargla,urgent_service,cleaner,synth
يعطيكم الصحة، نحوس دهان ناشط في غرداية,find_worker,painter,synth
urgence!!! la peinture t9echret f Constantine,urgent_service,painter,synth
نحوس على طبيب أسنان مليح في بليدة,out_of_scope,none,synth
صاحبي شحال نخلص باش نصلح اللافابو راه يفويتي؟,price_inquiry,plumber,synth
واش كاين شي حلاق قريب من ورقلة,find_worker,barber,synth
win nechri gazon w les plantes f تيارت?,out_of_scope,none,synth
"bonjour, combien pour clim ta3 tonobil ma tberredch?",price_inquiry,mechanic,synth
les prix ta3 sebbagh f Constantine?,price_inquiry,painter,synth
dork dork installation chauffe-eau jdid,urgent_service,plumber,synth
نحتاج بنّاء يجي غدوة الصباح لـ سكيكدة,find_worker,mason,synth
من فضلكم شحال تكلف خدمة: نحب نصبغ الدار قبل العيد؟,price_inquiry,painter,synth
يا شيخ نحوس وصفة طاجين حلو للعيد,out_of_scope,none,synth
كيفاش نفعل الموقع باش يلقاوني العمال,app_question,none,synth
les prix ta3 tabbakha f Mostaganem?,price_inquiry,caterer,synth
ya cheikh n7awes 3la appartement l kra f Constantine,out_of_scope,none,synth
يا خويا جاري گالي نسگسي هنا على دهان في غرداية,find_worker,painter,synth
الله يخليكم نحب نديار مكتبة في الحيط بالبلاكو ومقدرتش نلقى حل,urgent_service,plasterer,synth
لاباتري راهي ميتة واش نديار,find_worker,mechanic,synth
شحال يدير barbier في Alger؟ الله يخليك,price_inquiry,barber,synth
خويا نحتاج نبدل الكابلاج القديم نتاع الدار شكون يجي يشوفها,find_worker,electrician,synth
واش كاين شي لي يصلح الماشينات قريب من تيارت؟,find_worker,appliance_repair,synth
عاونوني! نحتاج تركيب كليمة جديدة وراني حاصل,urgent_service,ac_repair,synth
صاحبي شحال يدير خياط في سطيف؟,price_inquiry,tailor,synth
win nel9a pizzeria mli7a f ورقلة,out_of_scope,none,synth
بشحال الخدمة تاع مول السودير تقريبا؟,price_inquiry,welder,synth
"svp déménageur f Ghardaia vite, demenagement men Oran l Alger",urgent_service,mover,synth
سلام خويا، واش راهي أخبار الماتش تاع البارح؟,out_of_scope,none,synth
ارجو المساعدة بسرعة، الموتور يسخن بزاف,urgent_service,mechanic,synth
ya khouya compteur ta3 el ma yfuiti 3awnouni,find_worker,plumber,synth
وين كاين أقرب صيدلية في بومرداس؟,out_of_scope,none,synth
dorka dork nettoyage des vitres ta3 villa,urgent_service,cleaner,synth
moteur yeskhon bezzaf wach ndir,find_worker,mechanic,synth
شحال تكلف خدمة: نحتاج عمال ينزلولي العفش من الطابق الخامس,price_inquiry,mover,synth
kifach nzid des photos l khedmti? ya kho,app_question,none,synth
embrayage yzle9!!! chkoun yji fissa3?,urgent_service,mechanic,synth
3andi clim tetlok ri7a khayba,find_worker,ac_repair,synth
الفنيترة ما تسكرش زين عاونوني,find_worker,carpenter,synth
win kayen pharmacie qriba f Bordj Bou Arreridj?,out_of_scope,none,synth
عندي الكليمة تجري الما من الداخل,find_worker,ac_repair,synth
الكوزينيار ما يشعلوش البلاكات تاعو واش نديار,find_worker,appliance_repair,synth
نقدر نلقى لي ينقل الأثاث يجي اليوم لـ باتنة؟,find_worker,mover,synth
سقف الغاراج طايح منو الاسمنت وباين الحديد ونحتاج maçon ديركت توا,urgent_service,mason,synth
ارجو المساعدة بسرعة، سقف الغاراج طايح منو الاسمنت وباين الحديد,urgent_service,mason,synth
معليش تأولي كيفاش راه الطأس في تيارت؟,out_of_scope,none,synth
besoin d un ميكانيكي serieux f اسنطينة,find_worker,mechanic,synth
"svp couturiere f Setif vite, nkhayet 9andoura lel 3id",urgent_service,tailor,synth
معليش تڨولي كيفاش راه الطڨس في الجزائر العاصمة؟,out_of_scope,none,synth
صحا، نحوس على شگة للكراء في تيزي وزو,out_of_scope,none,synth
kifach rah el jaw f تيزي وزو?,out_of_scope,none,synth
les amis ch7al taman bach ndir clim tetlok ri7a khayba?,price_inquiry,ac_repair,synth
بليز menuisier في Skikda ضركا ضركا، نحب نركب باب رئيسية جديدة,urgent_service,carpenter,synth
nheb wa7ed y3aweni f khedma f dar yji lyoum l وهران,find_worker,none,synth
ch7al nkhalles bach nsale7 interrupteur khasser?,price_inquiry,electrician,synth
شحال يكلف نحب صبغة ومشطة في الدار؟,price_inquiry,barber,synth
نحوس على طبيب أسنان مليح في تلمسان,out_of_scope,none,synth
من فضلكم كيفاش نخدم بهاد التطبيق؟,app_question,none,synth
"bonjour, degradé lel weld n7taj حلاق tawa douk",urgent_service,barber,synth
tabbakha lel 3ers n7taj traiteur tawa dorka,urgent_service,caterer,synth
بشحال الخدمة تاع دهان تقريبا,price_inquiry,painter,synth
win nel9a pizzeria mli7a f جيجل?,out_of_scope,none,synth
شحال نخلص باش نصلح الكليمة تجمد وتحبس وحدها؟,price_inquiry,ac_repair,synth
ma l9itch peintre disponible f Batna,find_worker,painter,synth
راني نحوس على مول السودير في وهران,find_worker,welder,synth
je cherche un cuisiniere à Bordj Bou Arreridj,find_worker,caterer,synth
شحال نخلص باش نصلح نحتاج عمال ينزلولي العفش من الطابق الخامس؟,price_inquiry,mover,synth
nheb 7addad yji lyoum l Constantine ya kho,find_worker,welder,synth
واش هي الأسعار تاع سباك في ورألة؟,price_inquiry,plumber,synth
خويا الكليمة ما تبردش شكون يجي يشوفها,find_worker,ac_repair,synth
3andi coudre des rideaux occultants l chambre,find_worker,tailor,synth
شحال يدير خياط في ورقلة؟,price_inquiry,tailor,synth
الله يخليكم نحب نكوموندي حلويات تقليدية للعرس ومقدرتش نلقى حل,urgent_service,caterer,synth
"bonjour, win nechri gazon w les plantes f Bordj Bou Arreridj?",out_of_scope,none,synth
dork dork pression ta3 el ma dai3fa bezzaf,urgent_service,plumber,synth
الدار فيها البورطاي ما عادش يتسكر مليح من سيمانة كاملة,find_worker,welder,synth
win nelqa pizzeria mli7a f Setif?,out_of_scope,none,synth
"saha, n7awes 3la dentiste ghaya f Tiaret",out_of_scope,none,synth
les amis ma l9itch wa7ed y3aweni f khedma f dar disponible f Bordj Bou Arreridj,find_worker,none,synth
wach kayen sebbagh qrib meni f Boumerdes,find_worker,painter,synth
يا جماعة نحب وصفة كسكسي بالدجاج,out_of_scope,none,synth
نحتاج طياب للوليمة نهار السبت، شكون يعرف مول الطياب مليح,find_worker,caterer,synth
ta7fifa lel 3id ... chkoun ysal7hali?,find_worker,barber,synth
"j'ai oublié mon mot de passe, wach ndir? ya kho",app_question,none,synth
الله يخليكم كسكسي لخمسين نفر لصدقة ومقدرتش نلقى حل,urgent_service,caterer,synth
شكون عندو نيميرو نتاع مول السباكة في قسنطينة؟,find_worker,plumber,synth
يا شيخ البيسي تاعي ولا ثقيل بزاف واش نديار؟,out_of_scope,none,synth
نقدر نلقى لي يدير الميناج يجي اليوم لـ عنابة,find_worker,cleaner,synth
الدار فيها الحيوط مخبشين ونحتاجو تصليح وصباغة من سيمانة كاملة,find_worker,painter,synth
نبغي نبدل الروبينات نتاع الكوزينة ومازال ما لقيتش لي يصلحها,find_worker,plumber,synth
menage apres travaux 3awnouni,find_worker,cleaner,synth
نحوس على شگة للكراء في تيزي وزو,out_of_scope,none,synth
وين نشري الزرع والورد للجنان في بجاية؟,out_of_scope,none,synth
عاونوني! نحتاج طباخة لعرس مية نفر وراني حاصل,urgent_service,caterer,synth
كيفاش نخدم بهاد التطبيأ؟,app_question,none,synth
sa7bi compte guest kifach ykhdem?,app_question,none,synth
ch7al taman bach ndir ta9sir ta3 serwal?,price_inquiry,tailor,synth
شحال السوم تاع مول السودير؟,price_inquiry,welder,synth
عندي الكوزينيار ما يشعلوش البلاكات تاعو ونحتاج واحد يصلحهالي,find_worker,appliance_repair,synth
dorka dork des ouvriers ynazlou el gach mel 5eme etage,urgent_service,mover,synth
sa7bi wach n2der nkoun worker w client f meme temps?,app_question,none,synth
كيفاش نبدل المهنة تاعي في البروفيل؟ يعطيكم الصحة,app_question,none,synth
يا شيخ نحب نكوموندي حلويات تقليدية للعرس عاونوني,find_worker,caterer,synth
douk dork installation chauffe-eau jdid,urgent_service,plumber,synth
ch7al taman bach ndir drari y7afffo 9bel l3id?,price_inquiry,barber,synth
كيفاش نبدل رقم تيليفوني في الكونت؟ يعطيكم الصحة,app_question,none,synth
نحول من وهران للعاصمة ونحتاج نگل العفش شكون عندو حل,find_worker,mover,synth
واش التطبيق مجاني ولا بالخلاص؟,app_question,none,synth
les prix nta3 réparateur électroménager f Setif?,price_inquiry,appliance_repair,synth
بليز خياط في غرداية دورك دورك، رتوش خفيف على روبة السهرة,urgent_service,tailor,synth
حففلي راسي ديغراديه ياخو,find_worker,barber,synth
صحا، مرحبا,greeting_chitchat,none,synth
وين نشري بلاكات بلاكو بالجملة,out_of_scope,none,synth
سلام، نحوس أستاذ يعطي دروس خصوصية في الرياضيات,out_of_scope,none,synth
ياخو مرحبا,greeting_chitchat,none,synth
عاونوني! بريز محروقة وراني حاصل,urgent_service,electrician,synth
واش كاين شي لحّام قريب من سكيكدة؟,find_worker,welder,synth
3awnouni changer le cablage 9dim w rani 7asel,urgent_service,electrician,synth
يا خويا كيفاش نشوف تقييمات العامل قبل ما نخدم معاه؟,app_question,none,synth
جاري قالي نسقسي هنا على لي يدير الميناج في الشلف,find_worker,cleaner,synth
dork dork installation clim jdida,urgent_service,ac_repair,synth
شحال السوم نتاع مول السودير؟,price_inquiry,welder,synth
بشحال الخدمة نتاع technicien clim تقريبا؟,price_inquiry,ac_repair,synth
خويا نحب نخيط كسوه تقليديه للعرس شكون يجي يشوفها,find_worker,tailor,synth
واش نقدر نخدم كعامل وكليان في نفس الوقت؟ والله غير حاصل,app_question,none,synth
وين نلقى تكوين في النجارة؟,out_of_scope,none,synth
بليز حلاڨ في ڨسنطينة دورك دورك، نحب صبغة ومشطة في الدار ياخو,urgent_service,barber,synth
راهي عندي نحب نديار كارلاج جديد في الكوزينة وحاصل,find_worker,mason,synth
ecran ta3 telephone therres win nsal7ou? wallah ghir 7asel,out_of_scope,none,synth
نحب نفصل كوستيم على قياسي فيسع فيسع,urgent_service,tailor,synth
ياخو شحال يكلفني khayat لليوم كامل؟,price_inquiry,tailor,synth
من فضلكم شحال يكلفني ماصون لليوم كامل؟,price_inquiry,mason,synth
devis approximatif: clim tetlok ri7a khayba,price_inquiry,ac_repair,synth
خويا تنظيف الفور والتلاجه والكوزينه الكل قبل رمضان شكون يجي يشوفها,find_worker,cleaner,synth
واش نقدر نستعمل التطبيق كضيف بلا كونت؟,app_question,none,synth
"bonjour, recette ta3 couscous svp",out_of_scope,none,synth
"svp 3andi degradé lel weld, chkoun ye3ref coiffeur mli7?",find_worker,barber,synth
صباغة الأبواب والفنيترات بارك الله فيكم,find_worker,painter,synth
ارجو المساعدة بسرعة، الطابلة تاع الصالون محتاجة تصليح,urgent_service,carpenter,synth
rani n7awes 3la kwafur f Alger,find_worker,barber,synth
ch7al nkhalles bach nsale7 dalle jdida?,price_inquiry,mason,synth
"3andi des ouvriers ynazlou el 9ach mel 5eme etage, chkoun ye3ref demenageur mli7?",find_worker,mover,synth
win nelqa pizzeria mli7a f سطيف?,out_of_scope,none,synth
chkoun 3ando numero nta3 plombi f Boumerdes?,find_worker,plumber,synth
sa7bi nheb net3allem la soudure kayen formation?,out_of_scope,none,synth
كيفاش نقيّم العامل بعد الخدمة؟ وشكرا مسبقا,app_question,none,synth
kifah neb3et demande de service?,app_question,none,synth
ch7al nkhalles bach nsale7 la roue tneffes,price_inquiry,mechanic,synth
شحال يكلف الماشينه تاع الصابون ما تدورش؟,price_inquiry,appliance_repair,synth
صاحبي حالة مستعجلة: نحتاج عمال ينزلولي العفش من الطابق الخامس,urgent_service,mover,synth
ch7al nkhalles bach nsale7 humidité fel mur?,price_inquiry,mason,synth
يا جماعة شحال يكلفني خياطة لليوم كامل؟,price_inquiry,tailor,synth
كيفاش نفعل الموگع باش يلگاوني العمال؟ بارك الله فيكم,app_question,none,synth
"3andi nbeddel couleur nta3 salon, chkoun ye3ref peintre mli7?",find_worker,painter,synth
وين نشري الزرع والورد للجنان في Biskra؟,out_of_scope,none,synth
humidité fel mur,find_worker,mason,synth
ecran ta3 telephone therres win nsal7ou? merci,out_of_scope,none,synth
micro-onde mat ... chkoun ysal7hali?,find_worker,appliance_repair,synth
ch7al ydir demenageur f Setif,price_inquiry,mover,synth
يا خويا شحال السوم تاع مصلح تلاجات؟,price_inquiry,appliance_repair,synth
ههههه شابة وشكرا مسبقا,greeting_chitchat,none,synth
تقصير الكم تاع القميجة,find_worker,tailor,synth
راني نحوس على reparateur climatiseur في Oran,find_worker,ac_repair,synth
وين كاين أقرب صيدلية في تيزي وزو؟,out_of_scope,none,synth
الطابلة تاع الصالون محتاجة تصليح شكون عندو حل,find_worker,carpenter,synth
je cherche un wa7ed y3aweni f khedma f dar à Annaba,find_worker,none,synth
عندي كي نشعل الماشينة يطيح الضو ونحتاج واحد يصلحهالي,find_worker,electrician,synth
win nechri gazon w les plantes f Skikda?,out_of_scope,none,synth
الدار فيها نحول من وهران للعاصمة ونحتاج نڨل العفش من سيمانة كاملة,find_worker,mover,synth
ch7al taman bach ndir la clim ma tsakhanch f chta? ya kho,price_inquiry,ac_repair,synth
ياخو شحال يكلف الپاركي تاع البيت تخرب؟,price_inquiry,carpenter,synth
شحال نخلص باش نصلح نحب نخيط قندورة للعيد؟,price_inquiry,tailor,synth
kifach rah el jaw f Batna?,out_of_scope,none,synth
n7awes 3la dentiste zin f Bejaia w chokran,out_of_scope,none,synth
نحتاج مول الخياطة يجي غدوة الصباح لـ الجزائر العاصمة,find_worker,tailor,synth
kifah neb3et demande de service? merci,app_question,none,synth
je cherche un reparateur climatiseur à Biskra,find_worker,ac_repair,synth
الرطوبة قوست البلاكو تاع البيت,find_worker,plasterer,synth
دلوني على خياط شاطر ومعقول,find_worker,tailor,synth
svp kifach nchouf les avis ta3 worker?,app_question,none,synth
besoin d un réparateur électroménager serieux f Boumerdes,find_worker,appliance_repair,synth
شحال يكلفني مول السودير لليوم كامل,price_inquiry,welder,synth
win kayen pharmacie 9riba f Mostaganem?,out_of_scope,none,synth
كيفاش نبدل رگم تيليفوني في الكونت؟ الله يخليك,app_question,none,synth
n7awes 3la dentiste ghaya f سطيف,out_of_scope,none,synth
حاله مستعجله: نديرو حيط بلاكو نقسمو بيه البيت,urgent_service,plasterer,synth
راني نحوس على plombier في Skikda,find_worker,plumber,synth
جاري قالي نسقسي هنا على لي يصلح الكليمة في غرداية,find_worker,ac_repair,synth
ya khouya n7taj taxi l aeroport ghedwa,out_of_scope,none,synth
parquet mkhareb fissa3 svp,urgent_service,carpenter,synth
les prix ta3 couturiere f Mostaganem?,price_inquiry,tailor,synth
وين نشري الزرع والورد للجنان في الشلف؟,out_of_scope,none,synth
ya khouya besoin d un traiteur serieux f Tizi Ouzou,find_worker,caterer,synth
nheb soudeur yji lyoum l Tizi Ouzou,find_worker,welder,synth
sa7bi wach men film ghaya nchoufou lyoum?,out_of_scope,none,synth
شحال نخلص باش نصلح نبغي صبغة ومشطة في الدار؟,price_inquiry,barber,synth
n7awes 3la appartement l kra f Tlemcen,out_of_scope,none,synth
ya kho recette ta3 couscous svp,out_of_scope,none,synth
نحوس على طبيب أسنان مليح في Skikda,out_of_scope,none,synth
واش هي الأسعار نتاع نجار في بسكرة,price_inquiry,carpenter,synth
بليز تقني كليماتيزور في برج بوعريريج دوك دوك، الكليمة تقطر الما في البيت,urgent_service,ac_repair,synth
besoin d un wa7ed y3aweni f khedma f dar serieux f Mostaganem,find_worker,none,synth
الدار فيها نغطيو البيام نتاع البلافون بالجبس من سيمانة كاملة,find_worker,plasterer,synth
urgence!! refaire la dalle nta3 la terrasse f Oran,urgent_service,mason,synth
batterie morte!! chkoun yji fissa3?,urgent_service,mechanic,synth
reparation grille ta3 fenetre wach ndir,find_worker,welder,synth
نحتاج بلومبيي يجي غدوة الصباح لـ ورڨلة,find_worker,plumber,synth
الما ضعيف ما يطلعش للطابق واش نديار,find_worker,plumber,synth
صاحبي وين كاين أقرب صيدلية في غرداية؟,out_of_scope,none,synth
la voiture t7bes f nos tri2 n7taj mecanicien tawa dork svp,urgent_service,mechanic,synth
ya cheikh devis approximatif: dalle jdida?,price_inquiry,mason,synth
البيسي تاعي ولا ثڨيل بزاف واش نديار؟,out_of_scope,none,synth
الدار فيها طباخة تطيب الشخشوخة لمناسبة من سيمانة كاملة بارك الله فيكم,find_worker,caterer,synth
واش راهي أخبار الماتش تاع البارح؟ بارك الله فيكم,out_of_scope,none,synth
"svp najjar f Oran vite, fenetre ma tetsakkarch mli7",urgent_service,carpenter,synth
يا جماعة وين كاين أقرب صيدلية في سكيكدة؟,out_of_scope,none,synth
"saha, devis approximatif: disjoncteur yti7 kol chwiya?",price_inquiry,electrician,synth
wach kayen plombi 9rib meni f Bordj Bou Arreridj?,find_worker,plumber,synth
الدار فيها نحب نصبغ الدار قبل العيد من سيمانة كاملة,find_worker,painter,synth
نحفف وندير اللحية عند الدار عاونوني,find_worker,barber,synth
واش نگدر نلغي طلب بعثتو؟,app_question,none,synth
le placo tqawes mel humidité!! chkoun yji fissa3?,urgent_service,plasterer,synth
kifah rah el jaw f Bejaia,out_of_scope,none,synth
صحا، بونجور,greeting_chitchat,none,synth
urgence!! balustrade lel balcon f تيزي وزو,urgent_service,welder,synth
"svp kahrabji f Tizi Ouzou vite, compteur yti7 ki nch3el la clim w le four ensemble",urgent_service,electrician,synth
معليش تقولي كيفاه راه الطقس في وهران؟,out_of_scope,none,synth
شحال السوم تاع صباغ؟,price_inquiry,painter,synth
le paiement fel appli kifach ykoun? rabi y7afdkom,app_question,none,synth
win kayen pharmacie griba f Jijel?,out_of_scope,none,synth
ya kho ch7al ydir mécanicien f Ouargla?,price_inquiry,mechanic,synth
عندي سقف الغاراج طايح منو الاسمنت وباين الحديد ونحتاج واحد يصلحهالي,find_worker,mason,synth
بشحال الخدمة تاع ميكانيسيان تقريبا؟,price_inquiry,mechanic,synth
ch7al taman bach ndir frigo ma ybaredch? wallah ghir 7asel,price_inquiry,appliance_repair,synth
وين نشري الزرع والورد للجنان في غرداية؟,out_of_scope,none,synth
سلام، راني نحوس على خدمة نخدمها، واش كاين بلايص؟,out_of_scope,none,synth
شحال تكلف خدمة: جبس السقف طايح شوية شوية,price_inquiry,plasterer,synth
نحب نديار كارلاج جديد في الكوزينة,find_worker,mason,synth
restaurant mli7 l le diner f Ouargla?,out_of_scope,none,synth
cas urgent: transport ta3 les affaires l dar jdida,urgent_service,mover,synth
بليز بلاكيست في قسنطينة دوك دوك، نبغي ديكور جبس في السقف,urgent_service,plasterer,synth
ch7al ykalefni cuisiniere pour une journee?,price_inquiry,caterer,synth
جاري قالي نسقسي هنا على plaquiste في Skikda,find_worker,plasterer,synth
ch7al nkhalles bach nsale7 casser un mur w n7elou bab?,price_inquiry,mason,synth
نحوس على شقة للكراء في Tiaret,out_of_scope,none,synth
les amis c'est quoi l'abonnement pro?,app_question,none,synth
واش التطبيق مجاني ولا بالخلاص؟ يعطيكم الصحة,app_question,none,synth
labas?,greeting_chitchat,none,synth
حففلي راسي ديغراديه ومازال ما لأيتش لي يصلحها,find_worker,barber,synth
عاونوني! الجبس تاع البيت طاح مع الشتا وراني حاصل,urgent_service,plasterer,synth
wach kayen khayat grib meni f Batna?,find_worker,tailor,synth
نحوس على شڨة للكراء في Skikda,out_of_scope,none,synth
combien coute un femme de ménage? rabi y7afdkom,price_inquiry,cleaner,synth
cas urgent: nkhayet 9andoura lel 3id,urgent_service,tailor,synth
devis approximatif: changer la fermeture nta3 pantalon?,price_inquiry,tailor,synth
وين نشري الزرع والورد للجنان في تيارت؟,out_of_scope,none,synth
les prix ta3 technicien clim f Boumerdes?,price_inquiry,ac_repair,synth
"3andi clim tetlok ri7a khayba, chkoun ye3ref technicien clim mli7?",find_worker,ac_repair,synth
sa7bi win nechri gazon w les plantes f Tizi Ouzou?,out_of_scope,none,synth
3awnouni vidange w les filtres w rani 7asel,urgent_service,mechanic,synth
يا جماعة الجنان محتاج تنقية وقازون جديد,out_of_scope,none,synth
ya khouya kifach nes7ab compte ta3i?,app_question,none,synth
حالة مستعجلة: الباب الحديدية خرجت من بلاصتها,urgent_service,welder,synth
يا جماعة الكليمة تجري الما من الداخل عاونوني,find_worker,ac_repair,synth
الكليمة تجمد وتحبس وحدها واش نديار,find_worker,ac_repair,synth
راهي عندي ديمناجمون كامل للدار وحاصل ياخو,find_worker,mover,synth
مستعجل: نحتاج منوزيي اليوم في عنابة,urgent_service,carpenter,synth
نبدلو الدار الشهر الجاي ونحتاجو نقل القش ونحتاج ديمناجور ديركت ضروك,urgent_service,mover,synth
نحوس على طبيب أسنان مليح في Setif,out_of_scope,none,synth
عاونوني! نحب حماية حديد للفنيترات وراني حاصل,urgent_service,welder,synth
wach kayen wa7ed y3aweni f khedma f dar 9rib meni f Tiaret,find_worker,none,synth
kifach neb3et demande de service? w chokran,app_question,none,synth
3awnouni raccourcir un jean jdid w rani 7asel,urgent_service,tailor,synth
كيفاش نشوف تڨييمات العامل ڨبل ما نخدم معاه؟,app_question,none,synth
chkoun 3ando numero ta3 mason f Blida?,find_worker,mason,synth
الله يخليكم نحتاج نزيد بيت فوق السطح ومقدرتش نلقى حل,urgent_service,mason,synth
دورك دورك الماشينة تاع الصابون ما تدورش,urgent_service,appliance_repair,synth
وين كاين أقرب صيدلية في بسكرة؟,out_of_scope,none,synth
cas urgent: la clim tjamed w t7bes wa7edha,urgent_service,ac_repair,synth
nheb ndir porte blindée wach ndir,find_worker,welder,synth
devis approximatif: déplacer la clim l chambre okhra?,price_inquiry,ac_repair,synth
الماشينة تاع الصابون ما تدورش فيسع فيسع,urgent_service,appliance_repair,synth
kifach nzid des photos l khedmti? w chokran,app_question,none,synth
n7awes 3la appartement l kra f Skikda,out_of_scope,none,synth
combien pour buffet pour fete de fiançailles?,price_inquiry,caterer,synth
نحوس على ريسطورون مليح للعشاء في باتنه,out_of_scope,none,synth
rampe d escalier en fer w ma 3reftch win nrou7,find_worker,welder,synth
بشحال الخدمة نتاع ماصون تقريبا؟,price_inquiry,mason,synth
بليز مول البلاكو في بومرداس دورك دورك، الرطوبة قوست البلاكو تاع البيت الله يخليك,urgent_service,plasterer,synth
بشحال الخدمة تاع مول البلاكو تڨريبا؟,price_inquiry,plasterer,synth
wach ngder nkoun worker w client f meme temps?,app_question,none,synth
مستعجل: نحتاج تريسيان اليوم في گسنطينة,urgent_service,electrician,synth
دوك دورك الماشينة نتاع الصابون ما تدورش,urgent_service,appliance_repair,synth
نحتاج صباغة السقف ومازال ما لقيتش لي يصلحها,find_worker,painter,synth
cache poutre en ba13!! chkoun yji fissa3,urgent_service,plasterer,synth
شحال يدير ناقل العفش في تلمسان؟,price_inquiry,mover,synth
depuis 3 jours 3andna seche-linge khasser ya kho,find_worker,appliance_repair,synth
نبغي نركب لافابو جديد في الحمام!!! نحتاج واحد يجي فيسع,urgent_service,plumber,synth
n7awes 3la appartement l kra f Mostaganem,out_of_scope,none,synth
جاري قالي نسقسي هنا على مول الميكانيك في الشلف,find_worker,mechanic,synth
سلام خويا، شحال يكلف نحتاج تركيب كليمة جديدة؟,price_inquiry,ac_repair,synth
fuite ta7t le lavabo men fadlkom,find_worker,plumber,synth
"saha, 3andi mochkla f wifi ta3 djezzy",out_of_scope,none,synth
clima tgatter el ma ... chkoun ysal7hali? merci,find_worker,ac_repair,synth
نحب نديار پلاكار على قياس ونحتاج نجار ديركت توا,urgent_service,carpenter,synth
ma l9itch plombi disponible f Tlemcen,find_worker,plumber,synth
مستعجل: نحتاج واحد يعاونني في خدمة في الدار اليوم في تيارت,urgent_service,none,synth
شحال نخلص باش نصلح نحب نزيد بريزة جديدة في البيرو؟,price_inquiry,electrician,synth
يا خويا شحال يكلف الاشتراك في الشهر؟,app_question,none,synth
واش التطبيگ يخدم بلا انترنات,app_question,none,synth
ya cheikh prof nta3 maths l les cours particuliers,out_of_scope,none,synth
roubini rah yfuiti!! chkoun yji fissa3?,urgent_service,plumber,synth
بليز فام دو ميناج في عنابة ضروك ضروك، نحتاج تنظيف الزجاج والفنيترات تاع الفيلا الله يخليك,urgent_service,cleaner,synth
شكرا على المساعده,greeting_chitchat,none,synth
wach kayen coiffeur qrib meni f Tlemcen,find_worker,barber,synth
يا جماعة وين نلقى تكوين في النجارة؟,out_of_scope,none,synth
cas urgent: meuble tv en placo fel mur,urgent_service,plasterer,synth
تنظيف الدار بعد العرس ونحتاج فام دو ميناج ديركت ضروك,urgent_service,cleaner,synth
صحا، السروال طويل ونحب نقصرو ومازال ما لقيتش لي يصلحها,find_worker,tailor,synth
شكرا على المساعدة وشكرا مسبأا,greeting_chitchat,none,synth
نحب نديار سياج حول الجنان فيسع فيسع,urgent_service,mason,synth
ch7al taman bach ndir porte en fer forgé lel 7ouch?,price_inquiry,welder,synth
tabbakha tji ttayeb f dar n7taj traiteur tawa dork wallah ghir 7asel,urgent_service,caterer,synth
الدار محتاجة تنظيف عميق شكون عندو حل يعطيكم الصحة,find_worker,cleaner,synth
سلام خويا، عندي الضو يشعل ويطفي وحدو,find_worker,electrician,synth
kifach nchouf les avis ta3 worker? svp,app_question,none,synth
ch7al rahi el sa3a?,out_of_scope,none,synth
les amis porte en fer forgé lel 7ouch n7taj soudeur tawa dork,urgent_service,welder,synth
win nechri machine a coudre f Skikda?,out_of_scope,none,synth
سلام خويا، بونجور,greeting_chitchat,none,synth
نحب نتعلم الخياطة واش كاين تكوين اريب,out_of_scope,none,synth
"saha, coupe pour les enfants avant la rentrée w ma 3reftch win nrou7",find_worker,barber,synth
صاحبي الله يخليكم حلاقة اللحية والتحديد ومقدرتش نلقى حل,urgent_service,barber,synth
راهي عندي ديمناجمون كامل للدار وحاصل,find_worker,mover,synth
machine a laver tejri el ma men ta7t fissa3 svp,urgent_service,appliance_repair,synth
يا جماعة شحال يكلف نحتاج طياب للوليمة نهار السبت؟,price_inquiry,caterer,synth
sa7bi besoin d un wa7ed y3aweni f khedma f dar serieux f Annaba,find_worker,none,synth
نديرو حيط بلاكو نگسمو بيه البيت من فضلكم,find_worker,plasterer,synth
شحال يكلفني ميكانيكي لليوم كامل؟,price_inquiry,mechanic,synth
البيسي تاعي ولا ثقيل بزاف واش نديار؟ بارك الله فيكم,out_of_scope,none,synth
نبغي نكوموندي حلويات تقليدية للعرس، شكون يعرف مول الطياب مليح؟,find_worker,caterer,synth
ارجو المساعدة بسرعة، نبغي حماية حديد للفنيترات,urgent_service,welder,synth
صحا، نحب نتعلم الكهرباء واش كاين تكوين؟,out_of_scope,none,synth
جاري گالي نسگسي هنا على مول الخياطة في باتنة,find_worker,tailor,synth
comment ca marche l'application? w chokran,app_question,none,synth
ch7al nkhalles bach nsale7 faux plafond avec lumiere indirecte?,price_inquiry,plasterer,synth
شحال نخلص باش نصلح الرطوبة ڨوست البلاكو تاع البيت؟,price_inquiry,plasterer,synth
depuis 3 jours 3andna coiffure ta3 la mariée a domicile,find_worker,barber,synth
كيفاش نبدل المهنه تاعي في البروفيل؟,app_question,none,synth
شحال نخلص باش نصلح تصليح سودير في السلم الحديدي؟,price_inquiry,welder,synth
مستعجل: نحتاج دهان اليوم في عنابة,urgent_service,painter,synth
عندي الرطوبة قوست البلاكو تاع البيت,find_worker,plasterer,synth
ch7al nkhalles bach nsale7 menage hebdomadaire?,price_inquiry,cleaner,synth
يا خويا راني نحوس على خدمة نخدمها، واش كاين بلايص؟,out_of_scope,none,synth
3andi rideaux lel salon sur mesure,find_worker,tailor,synth
شحال يدير ناقل العفش في عنابة,price_inquiry,mover,synth
je cherche un couturiere à Skikda,find_worker,tailor,synth
واش هي الأسعار تاع مول الكليمة في عنابة؟,price_inquiry,ac_repair,synth
3andi le portail khrej men blasstou rabi y7afdkom,find_worker,welder,synth
نحوس على طبيب أسنان غايا في تلمسان,out_of_scope,none,synth
cas urgent: peinture ta3 chambre d'enfants,urgent_service,painter,synth
ch7al ydir حلاق f سكيكدة? rabi y7afdkom,price_inquiry,barber,synth
win kayen pharmacie 9riba f برج بوعريريج?,out_of_scope,none,synth
نحوس على شأة للكراء في تيزي وزو,out_of_scope,none,synth
urgence!!! coupe pour les enfants avant la rentrée f Tizi Ouzou,urgent_service,barber,synth
ya kho c'est quoi l'abonnement pro?,app_question,none,synth
نحتاج طاكسي للمطار غدوه الصباح,out_of_scope,none,synth
شحال تكلف خدمة: نحب طباخة تجي تطيب في الدار لمناسبة؟,price_inquiry,caterer,synth
"3andi la clim tjamed w t7bes wa7edha, chkoun ye3ref reparateur climatiseur mli7?",find_worker,ac_repair,synth
نحتاج فيدونج وتبديل الفيلترات ومازال ما لقيتش لي يصلحها,find_worker,mechanic,synth
الله يخليكم نحب نصبغ الدار ابل العيد ومأدرتش نلأى حل,urgent_service,painter,synth
c'est quoi l'abonnement pro? svp,app_question,none,synth
الله يخليكم نقل بيانو من الطابق الرابع ومقدرتش نلقى حل,urgent_service,mover,synth
besoin d un mikanisyan serieux f Setif,find_worker,mechanic,synth
sa7bi ya3tik saha,greeting_chitchat,none,synth
نحتاج مصلح تلاجات غايا في مستغانم,find_worker,appliance_repair,synth
ya khouya 3awnouni nbeddel couleur ta3 salon w rani 7asel,urgent_service,painter,synth
combien coute un soudor?,price_inquiry,welder,synth
جاري گالي نسگسي هنا على مول السباكة في ورگلة,find_worker,plumber,synth
نحتاج مول الطياب مليح في تيزي وزو,find_worker,caterer,synth
صحا، نحتاج واحد يقص الحشيش تاع الجنان,out_of_scope,none,synth
nettoyage w entretien ta3 la clim wach ndir,find_worker,ac_repair,synth
شحال يكلف تصليح سودير في السلم الحديدي؟ ياخو,price_inquiry,welder,synth
"bonjour, labas?",greeting_chitchat,none,synth
tabbakha lel 3ers w ma 3reftch win nrou7,find_worker,caterer,synth
سلام، مساء الخير,greeting_chitchat,none,synth
من فضلكم نحتاج طاكسي للمطار غدوة الصباح,out_of_scope,none,synth
حلاقة في الدار لشيخ كبير ما يقدرش يخرج، شكون يعرف kwafur مليح؟ الله يخليك,find_worker,barber,synth
rani n7awes 3la traiteur f Constantine,find_worker,caterer,synth
شكون عندو نيميرو تاع menage في Bejaia,find_worker,cleaner,synth
ch7al taman bach ndir plafond placo tah mennou tarf,price_inquiry,plasterer,synth
les prix ta3 soudor f Skikda?,price_inquiry,welder,synth
ya cheikh portail ta3 garage mkasser fissa3 svp,urgent_service,welder,synth
ch7al ykalefni لي يصلح الكليمة pour une journee?,price_inquiry,ac_repair,synth
3andi tabbakha tji ttayeb f dar,find_worker,caterer,synth
فويت دو تحت اللافابو ونحتاج بلومبيي ديركت توا,urgent_service,plumber,synth
الدار فيها نبغي بورطاي حديد للغاراج من سيمانة كاملة,find_worker,welder,synth
شحال تكلف خدمة: طباخة تطيب الشخشوخة لمناسبة؟,price_inquiry,caterer,synth
"bonjour, kifach ndir compte facebook?",out_of_scope,none,synth
je cherche un 7addad à Setif,find_worker,welder,synth
كيفاش نزيد تصاور لخدماتي؟ الله يخليك,app_question,none,synth
svp n7awes 3la dentiste mli7 f Constantine,out_of_scope,none,synth
nettoyage ta3 les bureaux ... chkoun ysal7hali,find_worker,cleaner,synth
الدار فيها نحب نديار مكتبة في الحيط بالبلاكو من سيمانة كاملة,find_worker,plasterer,synth
depuis 3 jours 3andna n9el les meubles l dar jdida,find_worker,mover,synth
coiffure a domicile pour le mariage n7taj barbier tawa dork,urgent_service,barber,synth
dork dork brushing w couleur f dar,urgent_service,barber,synth
واش كاين شي لي يصلح الكليمة گريب من برج بوعريريج؟,find_worker,ac_repair,synth
urgence!! installation chauffe-eau jdid f تلمسان,urgent_service,plumber,synth
راهي عندي نحب نفصل كوستيم على قياسي وحاصل,find_worker,tailor,synth
كيفاه نشارك في العروض تاع الخدمات؟,app_question,none,synth
شحال تكلف خدمة: حفرة كبيرة في حيط الجبس؟,price_inquiry,plasterer,synth
wach n2der nkoun worker w client f meme temps?,app_question,none,synth
disjoncteur yti7 kol chwiya fissa3 svp,urgent_service,electrician,synth
وين نشري الزرع والورد للجنان في تيزي وزو؟,out_of_scope,none,synth
cas urgent: plafond placo tah mennou tarf,urgent_service,plasterer,synth
شحال يكلفني transport meubles لليوم كامل؟,price_inquiry,mover,synth
n7awes 3la appartement l kra f سكيكدة,out_of_scope,none,synth
شحال يكلف الدرج الخشبي يزقزق؟ بارك الله فيكم,price_inquiry,carpenter,synth
dorka dork reparation grille ta3 fenetre,urgent_service,welder,synth
نحب نعلي حيط الحوش متر زيادة، شكون يعرف مول البناء مليح؟,find_worker,mason,synth
couscous l 50 personnes lel sada2a n7taj tabbakha tawa dork,urgent_service,caterer,synth
dork dork clima t9atter el ma,urgent_service,ac_repair,synth
السياج تاع الحديد تكسر ومحتاج سودير، شكون يعرف لحّام مليح؟,find_worker,welder,synth
واش هي الأسعار تاع tabbakha في Ouargla؟ وشكرا مسبڨا,price_inquiry,caterer,synth
soudure nta3 porte metallique ... chkoun ysal7hali?,find_worker,welder,synth
les amis les prix ta3 soudeur f Biskra?,price_inquiry,welder,synth
عاونوني! اللافابو راه يفويتي وراني حاصل,urgent_service,plumber,synth
يا شيخ نحوس على شقة للكراء في بجاية,out_of_scope,none,synth
chkoun 3ando numero ta3 couturier f Batna?,find_worker,tailor,synth
win nechri gazon w les plantes f برج بوعريريج?,out_of_scope,none,synth
ta7fifa w l7ya fissa3 svp,urgent_service,barber,synth
kifach nbeddel numero ta3i f compte? wallah ghir 7asel,app_question,none,synth
كيفاه نبدل المهنة تاعي في البروفيل؟,app_question,none,synth
nzid des prises fel cuisine w ma 3reftch win nrou7,find_worker,electrician,synth
وين نلقى بيتزيريا مليحة في الشلف؟,out_of_scope,none,synth
عندي السيفون تاع التواليت خسر ونحتاج واحد يصلحهالي,find_worker,plumber,synth
عاونوني! نديرو مارشات گدام باب الدار وراني حاصل,urgent_service,mason,synth
3awnouni reparation grille ta3 fenetre w rani 7asel,urgent_service,welder,synth
peindre le plafond!! chkoun yji fissa3?,urgent_service,painter,synth
déplacer la clim l chambre okhra fissa3 svp,urgent_service,ac_repair,synth
"slm, ch7al ydir mason f Skikda?",price_inquiry,mason,synth
وين كاين أگرب صيدلية في سكيكدة؟,out_of_scope,none,synth
حالة مستعجلة: خياطة ريدو للصالون,urgent_service,tailor,synth
واش هي الأسعار تاع خياط في باتنة؟,price_inquiry,tailor,synth
reparation grille ta3 fenetre men fadlkom,find_worker,welder,synth
win nechri gazon w les plantes f Jijel,out_of_scope,none,synth
الما يقطر من سقف الحمام من فضلكم,find_worker,plumber,synth
machine a laver tejri el ma men ta7t chkoun 3ando solution,find_worker,appliance_repair,synth
يا شيخ علاش ما يوصلنيش الإشعار كي يجاوبني عامل؟,app_question,none,synth
الروبة تحتاج تضييأ من الجناب,find_worker,tailor,synth
وين كاين أگرب صيدلية في تيزي وزو؟,out_of_scope,none,synth
نحتاج تركيب كليمة جديدة فيسع فيسع,urgent_service,ac_repair,synth
نحتاج تركيب سونيري تاع الباب!! نحتاج واحد يجي فيسع,urgent_service,electrician,synth
nebghi wa7ed y3aweni f khedma f dar yji lyoum l Boumerdes,find_worker,none,synth
lampe techmel w tetfa wa7edha 3awnouni,find_worker,electrician,synth
fenetre ma tetsakkarch ghaya wach ndir,find_worker,carpenter,synth
win nelqa les demandes li b3aththom,app_question,none,synth
كيفاش نقيّم العامل بعد الخدمة؟,app_question,none,synth
نگدر نلگى kahrabji يجي اليوم لـ Batna؟,find_worker,electrician,synth
nebghi électricien yji lyoum l Chlef,find_worker,electrician,synth
واش الخلاص يكون كاش ولا بالكارطة؟,app_question,none,synth
kifach nchouf les avis nta3 worker? wallah ghir 7asel,app_question,none,synth
نسيت كلمة السر، واش نديار؟ وشكرا مسبقا,app_question,none,synth
n7awes 3la dentiste mli7 f مستغانم svp,out_of_scope,none,synth
win nel9a pizzeria mli7a f باتنة?,out_of_scope,none,synth
devis approximatif: transport nta3 piano? w chokran,price_inquiry,mover,synth
طوفان الما في الكوزينة ونحتاج sebbak ديركت توا,urgent_service,plumber,synth
ارجو المساعدة بسرعة، نحب نفصل كوستيم على قياسي,urgent_service,tailor,synth
جاري گالي نسگسي هنا على cuisiniere في Alger,find_worker,caterer,synth
wach kayen couturiere grib meni f Batna,find_worker,tailor,synth
سلام يعطيكم الصحة,greeting_chitchat,none,synth
chkoun 3ando numero nta3 najjar f Oran?,find_worker,carpenter,synth
douk dork demenagement nta3 bureau,urgent_service,mover,synth
couscous l 50 personnes lel sada9a w ma 3reftch win nrou7,find_worker,caterer,synth
دلوني على مول الضو شاطر ومعأول,find_worker,electrician,synth
سلام خويا، بليز najjar في Skikda دورك دورك، نحب نديار پلاكار على قياس,urgent_service,carpenter,synth
سلام، عندي حفرة كبيرة في حيط الجبس,find_worker,plasterer,synth
صاحبي الدار فيها الپاركي تاع البيت تخرب من سيمانة كاملة,find_worker,carpenter,synth
نحتاج سباك يجي غدوة الصباح لـ بسكرة,find_worker,plumber,synth
صاحبي شكون ربح الكان هاد العام؟,out_of_scope,none,synth
الجنان محتاج تنقية وقازون جديد,out_of_scope,none,synth
يا خويا نحوس على شقة للكراء في تيزي وزو,out_of_scope,none,synth
ma l9itch نجار disponible f سطيف,find_worker,carpenter,synth
شحال يكلفني ديمناجور لليوم كامل؟,price_inquiry,mover,synth
اللافابو راه يفويتي فيسع فيسع,urgent_service,plumber,synth
robinet y2atter!! chkoun yji fissa3?,urgent_service,plumber,synth
ديمناجمون كامل للدار عاونوني,find_worker,mover,synth
اللافيسال تحبس في نص البروغرام ونحتاج reparateur machine a laver ديركت توا,urgent_service,appliance_repair,synth
مستعجل: نحتاج مول الحلاگة اليوم في بجاية,urgent_service,barber,synth
نحوس على شقه للكراء في وهران,out_of_scope,none,synth
ch7al nkhalles bach nsale7 seche-linge khasser?,price_inquiry,appliance_repair,synth
معليش تقولي كيفاش راه الطقس في عنابة؟,out_of_scope,none,synth
ya kho depuis 3 jours 3andna cloison ba13 avec porte,find_worker,plasterer,synth
نبيع تيليفون سامسونج شبه جديد يعطيكم الصحة,out_of_scope,none,synth
بشحال الخدمة تاع كهربائي تقريبا؟,price_inquiry,electrician,synth
وين نشري الزرع والورد للجنان في بسكرة؟ يعطيكم الصحة,out_of_scope,none,synth
بليز طباخة في الشلف ضروك ضروك، كسكسي لخمسين نفر لصدقة,urgent_service,caterer,synth
rani n7awes 3la mecanicien f Tlemcen,find_worker,mechanic,synth
يا جماعة شحال يكلفني transport meubles لليوم كامل؟,price_inquiry,mover,synth
"bonjour, nebghi ndir porte blindée",find_worker,welder,synth
3awnouni brushing w couleur f dar w rani 7asel,urgent_service,barber,synth
"svp menage f Blida vite, menage ba3d la fete",urgent_service,cleaner,synth
واش كاين شي مول الحلاقة قريب من تيارت؟,find_worker,barber,synth
3awnouni installation chauffe-eau jdid w rani 7asel,urgent_service,plumber,synth
واش هي الأسعار تاع كهربائي في تيارت؟,price_inquiry,electrician,synth
واش راك؟ ياخو,greeting_chitchat,none,synth
rani n7awes 3la soudeur f Boumerdes,find_worker,welder,synth
coudre des rideaux occultants l chambre wach ndir,find_worker,tailor,synth
سلام، يعطيك الصحة,greeting_chitchat,none,synth
n7awes 3la appartement l kra f Ghardaia,out_of_scope,none,synth
sa7bi slm,greeting_chitchat,none,synth
wesh rak? merci,greeting_chitchat,none,synth
وين نلگى بيتزيريا مليحة في غرداية؟ والله غير حاصل,out_of_scope,none,synth
tabbakha lel 3ers wach ndir,find_worker,caterer,synth
البيسي تاعي ولا ثگيل بزاف واش نديار؟,out_of_scope,none,synth
win kayen pharmacie griba f Bejaia?,out_of_scope,none,synth
n7awes 3la appartement l kra f Ouargla,out_of_scope,none,synth
نحتاج تريسيان يجي غدوة الصباح لـ تيزي وزو,find_worker,electrician,synth
moteur yeskhon bezzaf chkoun 3ando solution,find_worker,mechanic,synth
سلام خويا، الله يخليكم الكونتور يدق كي نشعلو زوج ماشينات ومقدرتش نلقى حل,urgent_service,electrician,synth
بليز لي يصلح الكليمة في ورقلة دورك دورك، الكليمة ما تبردش,urgent_service,ac_repair,synth
nebghi mol l placo yji lyoum l Tizi Ouzou,find_worker,plasterer,synth
الدار فيها السيفون تاع التواليت خسر من سيمانة كاملة,find_worker,plumber,synth
نحوس على شقة للكراء في تيزي وزو,out_of_scope,none,synth
vidange w les filtres w ma 3reftch win nrou7,find_worker,mechanic,synth
"bonjour, restaurant mli7 l le diner f Ghardaia?",out_of_scope,none,synth
وين نشري ماكينة خياطة جديدة في Jijel؟,out_of_scope,none,synth
جاري ڨالي نسڨسي هنا على trisyan في Boumerdes,find_worker,electrician,synth
السياج الأخضر تاع الجنان يحتاج تقليم,out_of_scope,none,synth
le carrelage ta3 hammam t9alla3 3awnouni,find_worker,mason,synth
وين نقرا لانجليزية في بليدة؟,out_of_scope,none,synth
les prix ta3 couturier f Tiaret?,price_inquiry,tailor,synth
devis approximatif: ta7fifa lel 3id?,price_inquiry,barber,synth
بشحال الخدمة تاع لي ينقل الأثاث تقريبا؟ بارك الله فيكم,price_inquiry,mover,synth
la peinture t2echret n7taj sebbagh tawa dork,urgent_service,painter,synth
combien pour lave-vaisselle y7bes f nos?,price_inquiry,appliance_repair,synth
معليش تڨولي كيفاش راه الطڨس في جيجل؟,out_of_scope,none,synth
البيسي تاعي ولا ثقيل بزااااف واش نديار؟,out_of_scope,none,synth
le portail khrej men blasstou n7taj soudeur tawa dorka,urgent_service,welder,synth
وين كاين أقرب صيدلية في سطيف؟,out_of_scope,none,synth
نحتاج مول البلاكو يجي غدوة الصباح لـ گسنطينة,find_worker,plasterer,synth
واش كاين شي kahrabji قريب من Constantine؟,find_worker,electrician,synth
وين نلڨى تكوين في النجارة؟,out_of_scope,none,synth
clim ydir bruit bizarre!! chkoun yji fissa3?,urgent_service,ac_repair,synth
شحال تكلف خدمة: الجبس تاع البيت طاح مع الشتا؟,price_inquiry,plasterer,synth
fenetre ma tetsakkarch mli7,find_worker,carpenter,synth
كيفاش نأيّم العامل بعد الخدمة,app_question,none,synth
win nel9a pizzeria mli7a f Jijel?,out_of_scope,none,synth
كيفاش نمسح الحساب تاعي؟ وشكرا مسبقا,app_question,none,synth
transport ta3 piano ... chkoun ysal7hali?,find_worker,mover,synth
les prix ta3 menuisier f Oran,price_inquiry,carpenter,synth
نحب نتعلم الحلاأة باش نحل صالون,out_of_scope,none,synth
"ya kho svp barbier f Jijel vite, brushing w couleur f dar",urgent_service,barber,synth
l'appli gratuite wela payante? svp,app_question,none,synth
وين كاين أقرب صيدلية في Ghardaia,out_of_scope,none,synth
ch7al taman bach ndir la voiture tdakhen dokhan k7el?,price_inquiry,mechanic,synth
besoin d un barbier serieux f Ghardaia wallah ghir 7asel,find_worker,barber,synth
je cherche un transport meubles à Mostaganem,find_worker,mover,synth
devis approximatif: parquet mkhareb?,price_inquiry,carpenter,synth
مستعجل: نحتاج مول السباكة اليوم في سكيكدة,urgent_service,plumber,synth
واش الخلاص يكون كاش ولا بالكارطة؟ بارك الله فيكم,app_question,none,synth
n7awes 3la appartement l kra f Oran merci,out_of_scope,none,synth
سقف الغاراج طايح منو الاسمنت وباين الحديد من فضلكم بارك الله فيكم,find_worker,mason,synth
شكون عندو نيميرو تاع لي يصلح الكليمة في الجزائر العاصمة؟,find_worker,ac_repair,synth
مستعجل: نحتاج ماصون اليوم في ورقلة,urgent_service,mason,synth
menage hebdomadaire 3awnouni,find_worker,cleaner,synth
راهي عندي تنظيف الدار بعد العرس وحاصل,find_worker,cleaner,synth
صاحبي نحوس جنايني يألم الأشجار تاع الجنان,out_of_scope,none,synth
يا خويا صحيت خويا,greeting_chitchat,none,synth
wach neqder nesta3mel l appli offline,app_question,none,synth
raccourcir un jean jdid w ma 3reftch win nrou7,find_worker,tailor,synth
شحال يكلفني كوافور لليوم كامل؟,price_inquiry,barber,synth
ch7al ykalefni maçon pour une journee,price_inquiry,mason,synth
دورك دورك السياج تاع الحديد تكسر ومحتاج سودير,urgent_service,welder,synth
يا شيخ نحوس جنايني يڨلم الأشجار تاع الجنان,out_of_scope,none,synth
les amis win nechri des plaques ba13 en gros?,out_of_scope,none,synth
dork dork reparer les volets ta3 fenetres,urgent_service,carpenter,synth
البلاط تاع الساحة تحرك وتكسر!! نحتاج واحد يجي فيسع,urgent_service,mason,synth
صحا، مستعجل: نحتاج تريتور اليوم في برج بوعريريج,urgent_service,caterer,synth
fuite d'eau f la cuisine 3awnouni,find_worker,plumber,synth
la chasse d'eau khasra w ma 3reftch win nrou7,find_worker,plumber,synth
معليش تأولي كيفاش راه الطأس في ورألة؟,out_of_scope,none,synth
فو بلافون مع اضاءة مخبية واش نديار,find_worker,plasterer,synth
مستعجل: نحتاج خياط اليوم في سكيكدة,urgent_service,tailor,synth
سلام، وين نلقى تكوين في النجارة؟,out_of_scope,none,synth
واش التطبيگ مجاني ولا بالخلاص؟,app_question,none,synth
douk dork camion sghir bach nne9lou les meubles,urgent_service,mover,synth
3andi nbeddel couleur ta3 salon,find_worker,painter,synth
cas urgent: nbeddel couleur ta3 salon,urgent_service,painter,synth
خويا نحب صبغة ومشطة في الدار شكون يجي يشوفها,find_worker,barber,synth
من فضلكم وين نقرا لانجليزية في Constantine؟,out_of_scope,none,synth
شحال تكلف خدمة: طوفان الما في الكوزينة؟,price_inquiry,plumber,synth
ياخو شحال يكلفني مول الكليمة لليوم كامل؟,price_inquiry,ac_repair,synth
ma l9itch mol l placo disponible f Mostaganem,find_worker,plasterer,synth
ch7al ydir maçon f Jijel?,price_inquiry,mason,synth
شحال تكلف خدمة: نبغي نحفف گبل العيد؟,price_inquiry,barber,synth
نحوس على شقة للكراء في Tizi Ouzou,out_of_scope,none,synth
le carrelage nta3 hammam t9alla3 men fadlkom,find_worker,mason,synth
les freins ydiro bruit w chokran,find_worker,mechanic,synth
عندي الطوموبيل تحبس في نص الطريڨ في الدار، واش نديار؟,find_worker,mechanic,synth
rani n7awes 3la sebbagh f Bejaia svp,find_worker,painter,synth
"svp لي ينأل الأثاث f برج بوعريريج vite, transport ta3 les affaires l dar jdida",urgent_service,mover,synth
ya kho kifach rah el jaw f Chlef?,out_of_scope,none,synth
شحال يدير ناقل العفش في الجزائر العاصمة؟,price_inquiry,mover,synth
"svp réparateur électroménager f Ghardaia vite, seche-linge khasser",urgent_service,appliance_repair,synth
نقدر نلقى مول الكليمة يجي اليوم لـ مستغانم؟,find_worker,ac_repair,synth
besoin d un sebbagh serieux f Blida,find_worker,painter,synth
تريتور للختانه نهار الجمعه!! نحتاج واحد يجي فيسع,urgent_service,caterer,synth
صحيت خويا والله غير حاصل,greeting_chitchat,none,synth
ch7al ykalefni mol clima pour une journee?,price_inquiry,ac_repair,synth
الله يخليكم نبغي نديار سياج حول الجنان ومڨدرتش نلڨى حل,urgent_service,mason,synth
depuis 3 jours 3andna serwal twil nheb n9assrou,find_worker,tailor,synth
نحتاج مول الميكانيك يجي غدوة الصباح لـ برج بوعريريج,find_worker,mechanic,synth
wach kayen tabbakha qrib meni f Biskra?,find_worker,caterer,synth
كاين رطوبة وتقشير في سقف البيت عاونوني,find_worker,painter,synth
3andi coupe pour les enfants avant la rentrée,find_worker,barber,synth
شحال تكلف خدمة: السروال طويل ونحب نقصرو؟ والله غير حاصل,price_inquiry,tailor,synth
grille de protection lel fenetres n7taj مول السودير tawa dork,urgent_service,welder,synth
دورك دورك الطوموبيل تحبس في نص الطريڨ,urgent_service,mechanic,synth
combien coute un kwafur?,price_inquiry,barber,synth
moteur yeskhon bzzzaf wach ndir,find_worker,mechanic,synth
ma lqitch mason disponible f Bordj Bou Arreridj,find_worker,mason,synth
وين نشري ماكينة خياطة جديدة في Chlef؟,out_of_scope,none,synth
ch7al taman bach ndir nrakeb un lustre f salon,price_inquiry,electrician,synth
3awnouni clim ma tberredch w rani 7asel,urgent_service,ac_repair,synth
ya cheikh bonjour,greeting_chitchat,none,synth
نبغي نحفف قبل العيد من فضلكم,find_worker,barber,synth
ارجو المساعدة بسرعة، نغطيو البيام نتاع البلافون بالجبس,urgent_service,plasterer,synth
شحال تكلف خدمه: نگل بيانو من الطابگ الرابع؟,price_inquiry,mover,synth
شحال يدير plombier في Batna,price_inquiry,plumber,synth
besoin d un demenageur serieux f Boumerdes,find_worker,mover,synth
بليز لي يدير الميناج في بسكره دورك دورك، تنظيف الدار بعد العرس,urgent_service,cleaner,synth
بليز tabbakha في Mostaganem دورك دورك، كسكسي لخمسين نفر لصدگة,urgent_service,caterer,synth
دلوني على مول الطياب شاطر ومعڨول,find_worker,caterer,synth
"saha, merci bcp",greeting_chitchat,none,synth
معليش تقولي كيفاش راه الطقس في الشلف؟,out_of_scope,none,synth
نديرو درابزين حديد للدرج فيسع فيسع,urgent_service,welder,synth
wach kayen peintre 9rib meni f Constantine?,find_worker,painter,synth
الكليمة تجري الما من الداخل، شكون يعرف لي يصلح الكليمة مليح؟,find_worker,ac_repair,synth
les prix nta3 électricien f Ouargla?,price_inquiry,electrician,synth
صحا خويا ياخو,greeting_chitchat,none,synth
urgence!! ri7at el mjari fel hammam f Tiaret,urgent_service,plumber,synth
combien pour nettoyage w entretien ta3 la clim?,price_inquiry,ac_repair,synth
combien pour des etageres l biro,price_inquiry,carpenter,synth
sa7bi placard sur mesure chkoun 3ando solution,find_worker,carpenter,synth
يا خويا وين نقرا لانجليزية في غرداية؟,out_of_scope,none,synth
شحال يكلف نحب نكوموندي حلويات تقليدية للعرس؟,price_inquiry,caterer,synth
واش كاين شي مول البناء قريب من وهران؟,find_worker,mason,synth
راني نحوس على ميكانيكي في مستغانم,find_worker,mechanic,synth
ch7al ydir حلاق f بومرداس?,price_inquiry,barber,synth
combien coute un najjar?,price_inquiry,carpenter,synth
ch7al ykalefni coiffeur pour une journee,price_inquiry,barber,synth
devis approximatif: la chape ta3 les chambres 9bel le parquet?,price_inquiry,mason,synth
ya kho el ma 7abes f dar kamla wach ndir,find_worker,plumber,synth
win kayen pharmacie 9riba f Tiaret? merci,out_of_scope,none,synth
وين نقرا لانجليزية في الشلف؟,out_of_scope,none,synth
nettoyage profond!! chkoun yji fissa3?,urgent_service,cleaner,synth
بشحال الخدمة تاع مول السباكة تڨريبا؟,price_inquiry,plumber,synth
"slm, pc ta3i wela lourd yasser wach ndir?",out_of_scope,none,synth
يا جماعة نحتاج تريتور يجي غدوة الصباح لـ الجزائر العاصمة,find_worker,caterer,synth
ya kho la clim ma tsakhanch f chta fissa3 svp,urgent_service,ac_repair,synth
"saha, ch7al nkhalles bach nsale7 cuisiniere ma tech3elch?",price_inquiry,appliance_repair,synth
معليش تقولي كيفاش راه الطقس في سطيف,out_of_scope,none,synth
نحتاج ناقل العفش مليح في مستغانم,find_worker,mover,synth
cloture en fer te7taj soudure!! chkoun yji fissa3?,urgent_service,welder,synth
حالة مستعجلة: الماشينة تاع الصابون تجري الما من تحت,urgent_service,appliance_repair,synth
الكبوط تگطع من الكتف ومحتاج رتوش,find_worker,tailor,synth
عندي الحيوط مخبشين ونحتاجو تصليح وصباغة,find_worker,painter,synth
نحوس على ريسطورون مليح للعشاء في Tizi Ouzou,out_of_scope,none,synth
ndiro des marches 9oddam el bab w ma 3reftch win nrou7,find_worker,mason,synth
وين نقرا لانجليزية في Mostaganem,out_of_scope,none,synth
شحال نخلص باش نصلح التابلو الكهربائي قديم ويخوف؟,price_inquiry,electrician,synth
صاحبي وين نلگى تكوين في النجارة؟,out_of_scope,none,synth
ياخو كيفاش نمسح الحساب تاعي؟,app_question,none,synth
chakhchoukha l mounasba w ma 3reftch win nrou7,find_worker,caterer,synth
tabbakha tji ttayeb f dar chkoun 3ando solution,find_worker,caterer,synth
je cherche un mol l placo à Ouargla,find_worker,plasterer,synth
le placo tqawes mel humidité 3awnouni,find_worker,plasterer,synth
n7awes 3la dentiste ghaya f غرداية,out_of_scope,none,synth
chkoun 3ando numero ta3 couturier f Bejaia,find_worker,tailor,synth
كيفاه نبدل رگم تيليفوني في الكونت؟,app_question,none,synth
الضو مقطوع في الدار كامل من فضلكم,find_worker,electrician,synth
عندي نحب نديار مكتبة في الحيط بالبلاكو في الدار، واش نديار؟,find_worker,plasterer,synth
je cherche un sebbak à Bordj Bou Arreridj,find_worker,plumber,synth
ch7al ydir demenageur f Oran?,price_inquiry,mover,synth
ياخو وين نلگى الطلبات لي بعثتهم؟,app_question,none,synth
faux plafond avec lumiere indirecte,find_worker,plasterer,synth
comment ca marche l'application? ya kho,app_question,none,synth
نحتاج كوافور يجي غدوة الصباح لـ ورألة,find_worker,barber,synth
واش هي الأسعار تاع خياطة في سطيف؟,price_inquiry,tailor,synth
je cherche un coiffeur à Boumerdes ya kho,find_worker,barber,synth
wach kayen kwafur qrib meni f Ghardaia?,find_worker,barber,synth
شحال يكلفني مول الخياطة لليوم كامل؟,price_inquiry,tailor,synth
ch7al taman bach ndir pression ta3 el ma dai3fa bezzaf?,price_inquiry,plumber,synth
الدار فيها نحتاج تركيب كليمة جديدة من سيمانة كاملة,find_worker,ac_repair,synth
win kayen pharmacie qriba f Annaba?,out_of_scope,none,synth
صحا، واش نقدر نلغي طلب بعثتو؟,app_question,none,synth
ya khouya bslema,greeting_chitchat,none,synth
شحال نخلص باش نصلح الطوموبيل تدخن دخان كحل؟,price_inquiry,mechanic,synth
يعطيكم الصحة، نحوس واحد يعاونني في خدمة في الدار ناشط في Blida,find_worker,none,synth
kifah nghayyer profession fel compte ta3i,app_question,none,synth
depuis 3 jours 3andna demenagement men Oran l Alger,find_worker,mover,synth
وين نأرا لانجليزية في تيزي وزو؟,out_of_scope,none,synth
win nechri gazon w les plantes f Tlemcen?,out_of_scope,none,synth
déménagement complet chkoun 3ando solution,find_worker,mover,synth
sa7bi kifach n3ayet l worker apres la mission?,app_question,none,synth
combien coute un technicien clim?,price_inquiry,ac_repair,synth
وين نشري ماكينة خياطة جديدة في سكيكدة,out_of_scope,none,synth
السياج الأخضر تاع الجنان يحتاج تقليم ياخو,out_of_scope,none,synth
ya cheikh n7taj taxi l aeroport ghedwa,out_of_scope,none,synth
يا شيخ بليز بنّاء في برج بوعريريج دوك دوك، نهدمو حيط ونحلو باب,urgent_service,mason,synth
من فضلكم البيسي تاعي ولا ثڨيل بزاف واش نديار؟,out_of_scope,none,synth
win kayen pharmacie qriba f Skikda?,out_of_scope,none,synth
depuis 3 jours 3andna camion sghir bach nne9lou les meubles,find_worker,mover,synth
"3andi la voiture tdakhen dokhan k7el, chkoun ye3ref mikanisyan mli7?",find_worker,mechanic,synth
sa7bi win nechri gazon w les plantes f Chlef?,out_of_scope,none,synth
نحوس على ريسطورون مليح للعشاء في تيزي وزو,out_of_scope,none,synth
واش من فيلم مليح نتفرجو اليوم؟,out_of_scope,none,synth
البيسي تاعي ولا ثگيل ياسر واش نديار؟,out_of_scope,none,synth
وين نشري الزرع والورد للجنان في غرداية؟ ياخو,out_of_scope,none,synth
راني نحوس على خدمة نخدمها، واش كاين بلايص؟ يعطيكم الصحة,out_of_scope,none,synth
شحال يكلفني electricien لليوم كامل؟,price_inquiry,electrician,synth
3awnouni reparer les volets nta3 fenetres w rani 7asel,urgent_service,carpenter,synth
وين نشري الزرع والورد للجنان في بومرداس؟,out_of_scope,none,synth
وين نشري الزرع والورد للجنان في برج بوعريريج؟,out_of_scope,none,synth
واش هي الأسعار تاع بلومبيي في الجزائر العاصمة؟,price_inquiry,plumber,synth
"3andi tabbakha tji ttayeb f dar, chkoun ye3ref tabbakha mli7? wallah ghir 7asel",find_worker,caterer,synth
peinture ta3 chambre d'enfants w ma 3reftch win nrou7,find_worker,painter,synth
وين نلڨى بيتزيريا مليحة في Batna؟,out_of_scope,none,synth
nheb déménageur yji lyoum l Setif,find_worker,mover,synth
واش كاين شي مول الصباغة قريب من الجزائر العاصمة؟,find_worker,painter,synth
صحا، شحال يدير ناگل العفش في باتنة؟,price_inquiry,mover,synth
"3andi gateaux traditionnels lel 3ers, chkoun ye3ref tabbakha ghaya",find_worker,caterer,synth
راني نحوس على مول البناء في بليدة,find_worker,mason,synth
نحب نركب لافابو جديد في الحمام شكون عندو حل والله غير حاصل,find_worker,plumber,synth
combien pour la clim tjamed w t7bes wa7edha?,price_inquiry,ac_repair,synth
علاش ما يوصلنيش الإشعار كي يجاوبني عامل؟ الله يخليك,app_question,none,synth
combien pour les murs mkharbchin ye7tajo enduit?,price_inquiry,painter,synth
"saha, restaurant mli7 l le diner f Oran?",out_of_scope,none,synth
combien pour grand menage ta3 printemps,price_inquiry,cleaner,synth
3awnouni mur ta3 7ouch mayel w rani 7asel,urgent_service,mason,synth
واش نقدر نخدم كعامل وكليان في نفس الوقت؟ ياخو,app_question,none,synth
kifah nghayyer profession fel compte ta3i? rabi y7afdkom,app_question,none,synth
canalisation msdouda ... chkoun ysal7hali?,find_worker,plumber,synth
صحا، شحال تكلف خدمة: نحتاج نبدل الكابلاج الگديم تاع الدار؟,price_inquiry,electrician,synth
شحال يدير مول الخياطة في سكيكدة؟,price_inquiry,tailor,synth
شحال يكلف كسكسي لخمسين نفر لصدقة؟ ياخو,price_inquiry,caterer,synth
je cherche un maçon à Annaba,find_worker,mason,synth
صحا، يعيشك خويا,greeting_chitchat,none,synth
شحال يكلفني مول البناء لليوم كامل؟,price_inquiry,mason,synth
دلوني على لي يدير الميناج شاطر ومعقول,find_worker,cleaner,synth
وين نلڨى الطلبات لي بعثتهم؟ بارك الله فيكم,app_question,none,synth
وين نگرا لانجليزيه في Tlemcen؟,out_of_scope,none,synth
يا شيخ واش كاين شي سباك قريب من الشلف؟,find_worker,plumber,synth
kifach nactivi la localisation fel appli?,app_question,none,synth
menage apres travaux chkoun 3ando solution,find_worker,cleaner,synth
واش كاين شي مول الميكانيك قريب من وهران؟,find_worker,mechanic,synth
وين نقرا لانجليزيه في بومرداس؟,out_of_scope,none,synth
راهي عندي نحب نديار كوزينة خشب على قياس وحاصل,find_worker,carpenter,synth
يعطيكم الصحة، نحوس فام دو ميناج ناشط في الشلف,find_worker,cleaner,synth
win nechri des plaques ba13 en gros?,out_of_scope,none,synth
نحتاج مول السودير مليح في گسنطينة,find_worker,welder,synth
depuis 3 jours 3andna tableau electrique gdim rabi y7afdkom,find_worker,electrician,synth
win nel9a les demandes li b3aththom,app_question,none,synth
واش كاين شي عاملة تنظيف گريب من برج بوعريريج؟,find_worker,cleaner,synth
kifah nchouf les avis ta3 worker?,app_question,none,synth
يعيشك خويا بارك الله فيكم,greeting_chitchat,none,synth
"ya cheikh j'ai oublié mon mot de passe, wach ndir?",app_question,none,synth
مرحبا,greeting_chitchat,none,synth
تنظيف الدار بعد العرس، شكون يعرف فام دو ميناج مليح؟,find_worker,cleaner,synth
سلام، شحال يكلفني بنّاء لليوم كامل؟,price_inquiry,mason,synth
nebghi plombi yji lyoum l Ghardaia,find_worker,plumber,synth
نحوس على طبيب أسنان مليح في الشلف,out_of_scope,none,synth
عندي الجبس تاع السقف تشقق ومحتاج تصليح ونحتاج واحد يصلحهالي يعطيكم الصحة,find_worker,plasterer,synth
le paiement fel appli kifah ykoun?,app_question,none,synth
سلام، يعطيكم الصحة، نحوس كوافور ناشط في برج بوعريريج,find_worker,barber,synth
devis approximatif: balustrade lel balcon,price_inquiry,welder,synth
reparation grille nta3 fenetre wach ndir,find_worker,welder,synth
je cherche un technicien clim à Tlemcen,find_worker,ac_repair,synth
سلام، شحال يدير مصلح تلاجات في برج بوعريريج؟,price_inquiry,appliance_repair,synth
"slm, recette ta3 tajine 7lou lel 3id",out_of_scope,none,synth
شكون عندو نيميرو تاع بلومبيي في تلمسان؟,find_worker,plumber,synth
