text,intent,profession,source
كيفاش نبدل المهنة تاعي في البروفيل,app_question,none,synth
dar fiha el siaj ta3 l7did tkesr wme7taj soudir mn simana kamla,find_worker,welder,synth
صحا، التلاجة تدير صوت غريب فيسع فيسع,urgent_service,appliance_repair,synth
شحال نخلص باش نصلح نحب نديار كارلاج جديد في الكوزينة؟,price_inquiry,mason,synth
ارجو المساعدة بسرعة، سقف الغاراج طايح منو الاسمنت وباين الحديد ياخو,urgent_service,mason,synth
coudre des rideaux occultants l chambre fissa3 svp rabi y7afdkom,urgent_service,tailor,synth
كيفاش نخدم بهاد التطبيأ؟,app_question,none,synth
ecran ta3 telephone therres win nsal7ou,out_of_scope,none,synth
حلاقة في الدار لشيخ كبير ما يقدرش يخرج من فضلكم,find_worker,barber,synth
سلام خويا، بشحال الخدمة تاع منوزيي تقريبا؟,price_inquiry,carpenter,synth
dorka dork robe soirée sur mesure,urgent_service,tailor,synth
"slm, n7eb ncheri machina saboun jdida chhal lsoum?",out_of_scope,none,synth
وين نلقى بيتزيريا مليحة في Bordj Bou Arreridj؟ والله غير حاصل,out_of_scope,none,synth
kifah nchouf les avis ta3 worker?,app_question,none,synth
dorka dork les lampes yrigliw wa7edhom,urgent_service,electrician,synth
embrayage yzle9 n7taj mécanicien tawa dork,urgent_service,mechanic,synth
clim ydir bruit bizarre chkoun 3ando solution,find_worker,ac_repair,synth
راني نحوس على مول الكليمة في بجاية,find_worker,ac_repair,synth
ya cheikh wach el khlas ykoun kach wla balkarta?,app_question,none,synth
drari y7afffo gbel l3id men fadlkom,find_worker,barber,synth
kifach ngim l3aml b3ed el khdema?,app_question,none,synth
wech rak?,greeting_chitchat,none,synth
يا خويا سلام عليكم,greeting_chitchat,none,synth
urgence!! le placo tqawes mel humidité f Setif,urgent_service,plasterer,synth
عندي حلاقة في الدار لشيخ كبير ما يقدرش يخرج في الدار، واش نديار؟,find_worker,barber,synth
شحال نخلص باش نصلح الدوش مقطوع الما؟,price_inquiry,plumber,synth
3aounouni! nheb ndiar siaj 7oul el jnan wrani 7asl,urgent_service,mason,synth
rani n7awes 3la maçon f Setif svp,find_worker,mason,synth
ch7al nkhalles bach nsale7 clim tetlok ri7a khayba? ya kho,price_inquiry,ac_repair,synth
wach ne9der nesta3mel l appli offline,app_question,none,synth
سلام خويا، واش هي الأسعار نتاع tabbakha في Chlef؟,price_inquiry,caterer,synth
ارجو المساعدة بسرعة، الطوموبيل تدخن دخان كحل,urgent_service,mechanic,synth
وين نشري ماكينة خياطة جديدة في Ouargla؟ والله غير حاصل,out_of_scope,none,synth
يا خويا كيفاش نشوف تقييمات العامل قبل ما نخدم معاه؟,app_question,none,synth
شحال يدير ميكانيكي في تيارت؟,price_inquiry,mechanic,synth
ndirou drabzin 7did lledrej,find_worker,welder,synth
الطوموبيل تحبس في نص الطريق وشكرا مسبقا,find_worker,mechanic,synth
يعطيكم الصحة، نحوس مول البناء ناشط في وهران بارك الله فيكم,find_worker,mason,synth
واش كاين شي حلاق قريب من بجاية؟,find_worker,barber,synth
الدار فيها الما حابس في الدار كامل من سيمانة كاملة,find_worker,plumber,synth
واش نقدر نخدم كعامل وكليان في نفس الوقت؟ وشكرا مسبقا,app_question,none,synth
نحتاج طياب للوليمة نهار السبت، شكون يعرف tabbakha مليح؟ بارك الله فيكم,find_worker,caterer,synth
cas urgent: cloison placo bach n9assmou la chambre,urgent_service,plasterer,synth
chhal ykelf ldouch maqtou3 el ma,price_inquiry,plumber,synth
العجلة تنفّس فيسع فيسع,urgent_service,mechanic,synth
seche-linge khasser 3awnouni,find_worker,appliance_repair,synth
ياخو الله يخليكم الكليماتيزور يدير صوت غريب ومأدرتش نلأى حل,urgent_service,ac_repair,synth
مستعجل: نحتاج منوزيي اليوم في سكيكدة يعطيكم الصحة,urgent_service,carpenter,synth
nheb tabbakha yji lyoum l Chlef,find_worker,caterer,synth
الله يخليكم نحتاج فيدونج وتبديل الفيلترات ومگدرتش نلگى حل,urgent_service,mechanic,synth
demenagement ta3 bureau n7taj déménageur tawa dork svp,urgent_service,mover,synth
شحال يدير عاملة تنظيف في سطيف؟,price_inquiry,cleaner,synth
نحتاج مول الخياطة يجي غدوة الصباح لـ عنابة,find_worker,tailor,synth
rani nhawes 3la li ysala7 la clim f wregla,find_worker,ac_repair,synth
يا جماعة يعيشك خويا,greeting_chitchat,none,synth
نحب نبدل بلاصة الكليمة!! نحتاج واحد يجي فيسع,urgent_service,ac_repair,synth
combien pour tableau electrique 9dim,price_inquiry,electrician,synth
3andi escalier en bois yzegzeg,find_worker,carpenter,synth
"svp mol l placo f Constantine vite, cloison placo bach ngassmou la chambre",urgent_service,plasterer,synth
chkoun 3ando numero ta3 مول الصباغة f تلمسان?,find_worker,painter,synth
راني نحوس على مول الضو في بليدة,find_worker,electrician,synth
cv?,greeting_chitchat,none,synth
"3andi moteur yeskhon bezzaf, chkoun ye3ref mécanicien mli7?",find_worker,mechanic,synth
ارجو المساعدة بسرعة، نبغي ديكور جبس في السقف,urgent_service,plasterer,synth
ch7al prix ta3 abonnement par mois?,app_question,none,synth
ارجو المساعدة بسرعة، جبس السقف طايح شوية شوية,urgent_service,plasterer,synth
ya cheikh labas 3likm?,greeting_chitchat,none,synth
نبغي نتعلم الخياطة واش كاين تكوين ڨريب؟,out_of_scope,none,synth
chakhchoukha l mounasba,find_worker,caterer,synth
peinture ta3 chambre d'enfants 3awnouni,find_worker,painter,synth
نگدر نلگى لي يصلح الكليمة يجي اليوم لـ جيجل؟,find_worker,ac_repair,synth
llh ykhelikm el klima tjemd wte7bes w7edha wme9dertech nle9a 7l merci,urgent_service,ac_repair,synth
شكون ربح الكان هاد العام,out_of_scope,none,synth
"bliz mol el khiata f skikda douk dork, tre9i3 ljakita l9dima ya kho",urgent_service,tailor,synth
prof ta3 maths l les cours particuliers svp,out_of_scope,none,synth
wech el ttebi9 mjani wla balkhelas?,app_question,none,synth
n7taj mecanicien yji ghodwa el sba7 l Tlemcen,find_worker,mechanic,synth
rahi 3nedi n7taj ntouaia wsiana clima 9bel el sif w7asl,find_worker,ac_repair,synth
تصليح سودير في السلم الحديدي,find_worker,welder,synth
kifach neb3et demande de service?,app_question,none,synth
راهي عندي نحتاج طباخة لعرس مية نفر وحاصل,find_worker,caterer,synth
سلام خويا، واش معنى الاشتراك برو للعامل؟,app_question,none,synth
ya khouya sbagha labouab walfenitrat chkoun 3nedou 7l,find_worker,painter,synth
7it l7ouch mail wkhaifin yti7 3aounouni,find_worker,mason,synth
ch7al taman bach ndir toute la maison sans courant,price_inquiry,electrician,synth
meuble tv en placo fel mur w ma 3reftch win nrou7 rabi y7afdkom,find_worker,plasterer,synth
chhal ykelf dimnajmoun kamel lledar?,price_inquiry,mover,synth
kifah nkhedm bhad el ttebi9?,app_question,none,synth
nettoyage appartement 9bel ma nekriwah w ma 3reftch win nrou7,find_worker,cleaner,synth
ch7al ykalefni soudor pour une journee?,price_inquiry,welder,synth
نحوس على طبيب أسنان مليح في ورأله,out_of_scope,none,synth
شحال السوم تاع كهربائي؟,price_inquiry,electrician,synth
شكون يركب سڨي أوتوماتيك في الجنينة؟,out_of_scope,none,synth
واش هي الأسعار تاع صباغ في سطيف؟,price_inquiry,painter,synth
يا خويا نڨدر نلڨى طباخة يجي اليوم لـ باتنة؟,find_worker,caterer,synth
واش التطبيق يخدم بلا انترنات,app_question,none,synth
شحال السوم تاع مول الخياطة؟,price_inquiry,tailor,synth
يا جماعة مرحبا,greeting_chitchat,none,synth
وين نقرا لانجليزية في سطيف؟,out_of_scope,none,synth
تنظيف الدار بعد العرس!! نحتاج واحد يجي فيسع,urgent_service,cleaner,synth
صاحبي دوك دورك حلاقة في الدار لشيخ كبير ما يقدرش يخرج,urgent_service,barber,synth
win nechri machine a coudre f Mostaganem?,out_of_scope,none,synth
"saha, saha khouya",greeting_chitchat,none,synth
je cherche un plombi à Alger,find_worker,plumber,synth
n7awes 3la ristouroun mlih lle3cha f wheran,out_of_scope,none,synth
rahi 3nedi nheb ndiar پlakar 3la qias w7asl,find_worker,carpenter,synth
n7awes 3la dentiste mli7 f Mostaganem,out_of_scope,none,synth
شحال يدير عاملة تنظيف في مستغانم,price_inquiry,cleaner,synth
"y3etikm el s7a, n7awes t9eni klimatizour nacht fi msetghanm",find_worker,ac_repair,synth
recette nta3 couscous svp ya kho,out_of_scope,none,synth
svp rani n7awes 3la kahrabji f Batna,find_worker,electrician,synth
الجنان محتاج تنقية وقازون جديد,out_of_scope,none,synth
كي نشعل الماشينة يطيح الضو شكون عندو حل,find_worker,electrician,synth
كي نشعل الماشينة يطيح الضو فيسع فيسع,urgent_service,electrician,synth
واش الأحوال,greeting_chitchat,none,synth
clim ma tberredch n7taj mol clima tawa dork merci,urgent_service,ac_repair,synth
كيفاه نفعل الموقع باش يلقاوني العمال,app_question,none,synth
wach hi el as3ar ta3 7la9 f 9sentina,price_inquiry,barber,synth
الكليمة تجمد وتحبس وحدها ونحتاج mol clima ديركت توا,urgent_service,ac_repair,synth
واش كاين شي barbier قريب من Bordj Bou Arreridj؟ الله يخليك,find_worker,barber,synth
الله يخليكم كسكسي لخمسين نفر لصدگة ومگدرتش نلگى حل,urgent_service,caterer,synth
"ya cheikh j'ai oublié mon mot de passe, wach ndir?",app_question,none,synth
chhal el soum ta3 mikaniki?,price_inquiry,mechanic,synth
wach hi el as3ar ta3 mol ljbes f el jzair el 3asma?,price_inquiry,plasterer,synth
مستعجل: نحتاج بلاكيست اليوم في عنابة,urgent_service,plasterer,synth
واش معنى الاشتراك برو للعامل؟ الله يخليك,app_question,none,synth
شحال يكلفني فام دو ميناج لليوم كامل؟,price_inquiry,cleaner,synth
دلوني على كوافور شاطر ومعقول,find_worker,barber,synth
3andi congelateur ma yjamedch,find_worker,appliance_repair,synth
وين نقرا لانجليزية في وهران؟,out_of_scope,none,synth
تقصير الكم تاع القميجة ومازال ما لقيتش لي يصلحها,find_worker,tailor,synth
"nfed lghbera wmes7 lblat nta3 el fila, chkoun y3erf li ydir lminaj mlih?",find_worker,cleaner,synth
سلام خويا، كيفاه نبدل المهنة تاعي في البروفيل؟,app_question,none,synth
شحال نخلص باش نصلح نحتاج طياب للوليمة نهار السبت؟,price_inquiry,caterer,synth
win nechri machine a coudre f عنابة?,out_of_scope,none,synth
chkoun 3ando numero ta3 wa7ed y3aweni f khedma f dar f Tlemcen?,find_worker,none,synth
cloture en fer te7taj soudure fissa3 svp,urgent_service,welder,synth
كيفاش نفعل الموقع باش يلقاوني العمال؟,app_question,none,synth
déménagement complet,find_worker,mover,synth
n7awes 3la dentiste mli7 f Chlef,out_of_scope,none,synth
"sa7bi rani n7awes 3la khdema nkhedmeha, wech kayen blais?",out_of_scope,none,synth
ch7al taman bach ndir repeindre la façade ta3 dar?,price_inquiry,painter,synth
عندي الما حابس في الدار كامل في الدار، واش نديار؟,find_worker,plumber,synth
شحال يكلف نحب نديار قفص حديد فوق السطح؟ والله غير حاصل,price_inquiry,welder,synth
n7taj tnedif eddar 9bel ma nseknou fiha,find_worker,cleaner,synth
chkoun 3ando numero ta3 demenageur f Constantine?,find_worker,mover,synth
n7awlou l dar jdida f nefs el 7ay chkoun 3ando solution svp,find_worker,mover,synth
راني نحوس على سباك في وهران,find_worker,plumber,synth
حالة مستعجلة: الكناپي ولا مصفر من الاولاد ويحتاج غسيل عميق,urgent_service,cleaner,synth
كيفاه نشوف تڨييمات العامل ڨبل ما نخدم معاه؟,app_question,none,synth
le portail khrej men blasstou w ma 3reftch win nrou7,find_worker,welder,synth
m3elich t9ouli kifech rah el t9es f Oran?,out_of_scope,none,synth
les prix nta3 reparateur machine a laver f Oran?,price_inquiry,appliance_repair,synth
يا شيخ نحتاج تركيب سونيري تاع الباب من فضلكم,find_worker,electrician,synth
kifech nchark f l3roud ta3 el khdemat,app_question,none,synth
mset3ejle: n7taj soudour lyoum fi boumredas,urgent_service,welder,synth
win kayen pharmacie qriba f برج بوعريريج,out_of_scope,none,synth
خويا ميناج أسبوعي للفيلا شكون يجي يشوفها,find_worker,cleaner,synth
wech hi las3ar nta3 masoun f lchlef?,price_inquiry,mason,synth
dar fiha tre9i3 ljakita el 9dima mn simana kamla,find_worker,tailor,synth
وين نلقى بيتزيريا مليحة في تلمسان؟,out_of_scope,none,synth
نبيع تيليفون سامسونج شبه جديد ياخو,out_of_scope,none,synth
arrosage automatique lel jnina chkoun yrakbou? rabi y7afdkom,out_of_scope,none,synth
kifah nghayyer profession fel compte ta3i? rabi y7afdkom,app_question,none,synth
الجبس تاع البيت طاح مع الشتا واش نديار,find_worker,plasterer,synth
يا خويا التيليفون تاعي تهرس الايكران وين نصلحو؟,out_of_scope,none,synth
نحوس جنايني يقلم الأشجار تاع الجنان,out_of_scope,none,synth
wech lkhlas ykoun kach wla balkarta?,app_question,none,synth
شحال نخلص باش نصلح نفض الغبرة ومسح البلاط تاع الفيلا؟,price_inquiry,cleaner,synth
صاحبي نسيت كلمة السر، واش نديار؟,app_question,none,synth
demenagement ta3 bureau n7taj لي ينقل الأثاث tawa dork,urgent_service,mover,synth
صاحبي صحيت خويا,greeting_chitchat,none,synth
واش التطبيڨ مجاني ولا بالخلاص؟,app_question,none,synth
nheb 7addad yji lyoum l Ouargla,find_worker,welder,synth
يا جماعة سلام,greeting_chitchat,none,synth
وين نلقى بيتزيريا مليحة في Tizi Ouzou؟,out_of_scope,none,synth
"svp bennay f Annaba vite, monter un mur en parpaing",urgent_service,mason,synth
vidange w les filtres 3awnouni,find_worker,mechanic,synth
سلام خويا، نحوس على طبيب أسنان مليح في بليدة,out_of_scope,none,synth
سلام خويا، شحال يكلف الاشتراك في الشهر؟,app_question,none,synth
وين نلقى بيتزيريا مليحة في Tlemcen؟,out_of_scope,none,synth
عندي حففلي راسي ديغراديه ونحتاج واحد يصلحهالي,find_worker,barber,synth
jbes plafond tai7 chouia chouia,find_worker,plasterer,synth
nheb tbakha tji ttib f dar lmenasba chkoun 3nedou 7l,find_worker,caterer,synth
3andi cuisiniere ma tech3elch,find_worker,appliance_repair,synth
عندي نأل عفش عروسة,find_worker,mover,synth
نحتاج واحد يعاونني في خدمة في الدار مليح في الشلف,find_worker,none,synth
"svp لحّام f باتنة vite, balustrade lel balcon",urgent_service,welder,synth
كيفاه نشارك في العروض تاع الخدمات؟,app_question,none,synth
دلوني على خياط شاطر ومعڨول,find_worker,tailor,synth
khouya 7it el 7ouch mail wkhaifin yti7 chkoun yji ychoufha,find_worker,mason,synth
khouya tesli7 soudir f lslem l7didi chkoun yji ychoufha,find_worker,welder,synth
نحوس على طبيب أسنان مليح في Bordj Bou Arreridj,out_of_scope,none,synth
ya kho slam,greeting_chitchat,none,synth
ch7al ykelf n7eb nzid prise jdida f el birou?,price_inquiry,electrician,synth
حالة مستعجلة: صباغة الأبواب والفنيترات,urgent_service,painter,synth
طوفان الما في الكوزينة ونحتاج sebbak ديركت توا,urgent_service,plumber,synth
وين نقرا لانجليزية في عنابة؟,out_of_scope,none,synth
win ncheri blakat blakou baljemla?,out_of_scope,none,synth
"3andi tabbakha lel 3ers, chkoun ye3ref traiteur mli7?",find_worker,caterer,synth
شحال يكلفني بنّاء لليوم كامل,price_inquiry,mason,synth
مستعجل: نحتاج مول الكليمة اليوم في سطيف,urgent_service,ac_repair,synth
nfed lghbera wmes7 el blat nta3 el fila mn fdelkem,find_worker,cleaner,synth
n7eb sbagha ghrefa el atfal balouan chaba fissa3 fissa3,urgent_service,painter,synth
wach kayen مول البناء 9rib meni f باتنة?,find_worker,mason,synth
wech lttebiq mjani wla balkhelas? wallah ghir 7asel,app_question,none,synth
وين نلڨى الطلبات لي بعثتهم؟,app_question,none,synth
clim tetlok ri7a khayba chkoun 3ando solution,find_worker,ac_repair,synth
wech el ttebi9 ykhedm bla anternat,app_question,none,synth
فو بلافون مع اضاءة مخبية ونحتاج مول البلاكو ديركت توا,urgent_service,plasterer,synth
dork dork ri7at el mjari fel hammam,urgent_service,plumber,synth
بشحال الخدمة تاع فام دو ميناج تقريبا؟,price_inquiry,cleaner,synth
n7taj nrakeb skhan lma jdid!! n7taj wa7d yji fissa3,urgent_service,plumber,synth
مستعجل: نحتاج لي يدير الميناج اليوم في بليدة,urgent_service,cleaner,synth
جاري ڨالي نسڨسي هنا على كهربائي في عنابة يعطيكم الصحة,find_worker,electrician,synth
شكون عندو نيميرو تاع سباك في تيزي وزو؟ بارك الله فيكم,find_worker,plumber,synth
ch7al lsoum ta3 li ydir lminaj,price_inquiry,cleaner,synth
شحال نخلص باش نصلح السروال يحتاج تقصير؟,price_inquiry,tailor,synth
بليز منوزيي في بليدة دورك دورك، نحب نديار كوزينة خشب على قياس,urgent_service,carpenter,synth
"3andi micro-onde mat, chkoun ye3ref réparateur électroménager mli7?",find_worker,appliance_repair,synth
جاري گالي نسگسي هنا على تريسيان في تيزي وزو,find_worker,electrician,synth
بليز لي ينقل الأثاث في تيارت دورك دورك، ديمناجمون كامل للدار,urgent_service,mover,synth
"3andi cloture en fer te7taj soudure, chkoun ye3ref لحّام mli7?",find_worker,welder,synth
cas urgent: baignoire msdouda,urgent_service,plumber,synth
دورك دورك نحتاج طياب للوليمة نهار السبت,urgent_service,caterer,synth
نحتاج بنّاء مليح في بومرداس,find_worker,mason,synth
"bonjour, devis approximatif: lampe techmel w tetfa wa7edha?",price_inquiry,electrician,synth
لاباس عليكم,greeting_chitchat,none,synth
sa7bi el lh ykhelikm nheb nzid priza jdida fi lbirou wme2dertech nle2a 7l,urgent_service,electrician,synth
الماشينة تاع الصابون ما تدورش من فضلكم,find_worker,appliance_repair,synth
bn nuit khouya svp,greeting_chitchat,none,synth
يعطيك الصحه,greeting_chitchat,none,synth
3andi frigo ydir bruit bizarre,find_worker,appliance_repair,synth
wach kayen barbier 9rib meni f Oran?,find_worker,barber,synth
حالة مستعجلة: نبغي نبدل بلاصة الكليمة,urgent_service,ac_repair,synth
شحال السوم تاع peintre,price_inquiry,painter,synth
الله يخليكم قنوات الما تاع الدار قدام يسقطو ومقدرتش نلقى حل,urgent_service,plumber,synth
msa el khir,greeting_chitchat,none,synth
كيفاش نبدل رڨم تيليفوني في الكونت,app_question,none,synth
جاري گالي نسگسي هنا على تريسيان في غرداية,find_worker,electrician,synth
ch7al ykalefni طباخة pour une journee?,price_inquiry,caterer,synth
restaurant ghaya l le diner f بسكرة?,out_of_scope,none,synth
الفنيترة ما تسكرش مليح ونحتاج najjar ديركت توا,urgent_service,carpenter,synth
chhal ykelf n7taj tnedif eddar 9bel ma nseknou fiha?,price_inquiry,cleaner,synth
chkoun 3ando numero ta3 wa7ed y3aweni f khedma f dar f الجزائر العاصمة?,find_worker,none,synth
واش نقدر نلغي طلب بعثتو,app_question,none,synth
combien pour fuite d'eau f la cuisine?,price_inquiry,plumber,synth
n7taj t9eni klimatizour yji ghodwa lsba7 l batna,find_worker,ac_repair,synth
nheb ncheri machina saboun jdida ch7al el soum?,out_of_scope,none,synth
7ala mset3ejla: nbedlou dar lchher el jai wne7tajou n9el l9ch,urgent_service,mover,synth
سلام خويا، نحب نشري ماشينة صابون جديدة شحال السوم؟,out_of_scope,none,synth
راهي عندي الجبس نتاع السقف تشقق ومحتاج تصليح وحاصل,find_worker,plasterer,synth
واش كاين شي مول السودير قريب من تيزي وزو؟,find_worker,welder,synth
عندي نحتاج مرا تعاون ماما في قضيان الدار في الدار، واش نديار؟,find_worker,cleaner,synth
الفنيترة ما تسكرش مليح ومازال ما لأيتش لي يصلحها,find_worker,carpenter,synth
الدار فيها خياطة ريدو للصالون من سيمانة كاملة,find_worker,tailor,synth
شحال يكلف الكليمة ما تسخنش في الشتا؟,price_inquiry,ac_repair,synth
"y3etikm ls7a, nhawes bloumbi nacht f skikda",find_worker,plumber,synth
el bab l7didia khrejt mn blasteha chkoun 3nedou 7l,find_worker,welder,synth
kifach n3ayet l worker apres la mission? wallah ghir 7asel,app_question,none,synth
je cherche un agent de nettoyage à Tlemcen,find_worker,cleaner,synth
صحا، بشحال الخدمة نتاع مول الخياطة تقريبا؟,price_inquiry,tailor,synth
نحب نديار باب حديد للحوش شكون عندو حل,find_worker,welder,synth
kifech nchouf t2iimat el 3aml 2bel ma nkhedm m3ah,app_question,none,synth
من فضلكم كيفاش نبعث طلب خدمة؟,app_question,none,synth
واش كاين شي electricien ڨريب من Constantine؟,find_worker,electrician,synth
combien pour transport ta3 les affaires l dar jdida?,price_inquiry,mover,synth
يا شيخ واش من فيلم زين نتفرجو اليوم؟,out_of_scope,none,synth
coiffure a domicile pour le mariage!! chkoun yji fissa3?,urgent_service,barber,synth
نحب نبدل الروبينات تاع الكوزينة فيسع فيسع,urgent_service,plumber,synth
"saha, wach men film mli7 nchoufou lyoum?",out_of_scope,none,synth
drouk dork machine a laver tejri el ma men ta7t,urgent_service,appliance_repair,synth
ya kho pc ta3i wela lourd bezzaf wach ndir?,out_of_scope,none,synth
عندي الباب تاع الكوزينة تكسر,find_worker,carpenter,synth
ياخو صباح الخير,greeting_chitchat,none,synth
نڨدر نلڨى mecanicien يجي اليوم لـ Blida,find_worker,mechanic,synth
n7awes 3la appartement l kra f Bordj Bou Arreridj,out_of_scope,none,synth
win nechri gazon w les plantes f Ghardaia?,out_of_scope,none,synth
يعطيكم الصحة، نحوس مول الميكانيك ناشط في وهران,find_worker,mechanic,synth
بشحال الخدمة تاع ميكانيسيان تقريبا؟,price_inquiry,mechanic,synth
nzid des prises fel cuisine 3awnouni,find_worker,electrician,synth
الما ضعيف ما يطلعش للطابق واش نديار,find_worker,plumber,synth
نحوس على شگة للكراء في غرداية,out_of_scope,none,synth
kifach rah el jaw f Boumerdes?,out_of_scope,none,synth
ياخو كيفاش نشوف تأييمات العامل ابل ما نخدم معاه؟,app_question,none,synth
3andi embrayage yzle9,find_worker,mechanic,synth
wach kayen mol clima 9rib meni f Jijel?,find_worker,ac_repair,synth
الدار فيها نحتاج كاميو صغير ننقل بيه الأثاث من سيمانة كاملة,find_worker,mover,synth
صحا، الطوموبيل تدخن دخان كحل شكون عندو حل,find_worker,mechanic,synth
سلام خويا، شكون عندو نيميرو تاع نجار في عنابة؟,find_worker,carpenter,synth
بليز مصلح تلاجات في الجزائر العاصمة دورك دورك، اللافيسال تحبس في نص البروغرام بارك الله فيكم,urgent_service,appliance_repair,synth
مستعجل: نحتاج مول البناء اليوم في مستغانم,urgent_service,mason,synth
ch7al ykalefni بنّاء pour une journee,price_inquiry,mason,synth
بشحال الخدمة تاع عاملة تنظيف تقريبا؟,price_inquiry,cleaner,synth
الكليمة تطلق ريحة كريهة ونحتاج لي يصلح الكليمة ديركت توا,urgent_service,ac_repair,synth
mur ta3 7ouch mayel n7taj bennay tawa dork,urgent_service,mason,synth
chkoun 3ando numero ta3 peintre f Annaba?,find_worker,painter,synth
les prix ta3 couturier f Ghardaia?,price_inquiry,tailor,synth
ya cheikh ch7al ykelf el achterak fi lchher?,app_question,none,synth
نحب نديار پلاكار على ڨياس ونحتاج منوزيي ديركت توا,urgent_service,carpenter,synth
وين نقرا لانجليزية في جيجل؟,out_of_scope,none,synth
cas urgent: installer des spots fel plafond,urgent_service,electrician,synth
dorka dork nfed lghbera wmes7 el blat ta3 lfila,urgent_service,cleaner,synth
nqel 3fech 3rousa wach ndiar,find_worker,mover,synth
الجنان محتاج تنگية وگازون جديد ياخو,out_of_scope,none,synth
n7awes 3la ch9a llekra f msetghanm,out_of_scope,none,synth
سقف الغاراج طايح منو الاسمنت وباين الحديد ونحتاج maçon ديركت توا,urgent_service,mason,synth
واش الخلاص يكون كاش ولا بالكارطة؟ بارك الله فيكم,app_question,none,synth
واش هي الأسعار تاع صباغ في برج بوعريريج؟,price_inquiry,painter,synth
femme de menage l villa kol khemis men fadlkom,find_worker,cleaner,synth
جاري گالي نسگسي هنا على فام دو ميناج في بومرداس,find_worker,cleaner,synth
wech rahi akhbar el match ta3 el bar7?,out_of_scope,none,synth
rahi 3nedi t7efifa llaoulad 9bel ldkhoul lmdersi w7asl,find_worker,barber,synth
يا جماعة كيفاش نفعل الموقع باش يلقاوني العمال؟,app_question,none,synth
نحتاج سباك يجي غدوة الصباح لـ بليدة,find_worker,plumber,synth
ch7al ydir peintre f Constantine?,price_inquiry,painter,synth
عندي الاومبرياج يزلأ في الدار، واش نديار؟,find_worker,mechanic,synth
n7awes 3la ristouroun mli7 lle3cha f stif,out_of_scope,none,synth
سلام خويا، وين نلأى بيتزيريا مليحة في ورألة؟,out_of_scope,none,synth
الدار فيها نگل بيانو من الطابگ الرابع من سيمانة كاملة,find_worker,mover,synth
الرطوبة كلات الحيط تاع البيت ومازال ما لقيتش لي يصلحها,find_worker,mason,synth
عندي نحب نركب تريات في السقف في الدار، واش نديار؟,find_worker,electrician,synth
وين نلقى تكوين في النجارة,out_of_scope,none,synth
pc ta3i wela lourd yasser wach ndir?,out_of_scope,none,synth
restaurant mli7 l le diner f Oran?,out_of_scope,none,synth
الدار محتاجة تنظيف عميق شكون عندو حل يعطيكم الصحة,find_worker,cleaner,synth
déménagement complet men fadlkom,find_worker,mover,synth
wach kayen chi sbagh 2rib mn jijl?,find_worker,painter,synth
kifach rah el jaw f Blida?,out_of_scope,none,synth
ch7al taman bach ndir escalier en bois yzegzeg?,price_inquiry,carpenter,synth
wach kayen wa7ed y3aweni f khedma f dar qrib meni f Boumerdes? merci,find_worker,none,synth
"saha, arjou lmsa3da bser3a, el jbes ta3 plafond tche99 wme7taj tesli7",urgent_service,plasterer,synth
rahi 3nedi el tablou lkahrabji gdim wikhouf w7asl,find_worker,electrician,synth
بليز tabbakha في Mostaganem دورك دورك، كسكسي لخمسين نفر لصدگة,urgent_service,caterer,synth
nebghi ndiar bab 7did lle7ouch wech ndiar,find_worker,welder,synth
دوك دورك تنظيف الفور والتلاجة والكوزينة الكل قبل رمضان يعطيكم الصحة,urgent_service,cleaner,synth
عندي مشكله في الويفي نتاع دجيزي,out_of_scope,none,synth
شحال يكلف نحتاج تنظيف الزجاج والفنيترات تاع الفيلا؟,price_inquiry,cleaner,synth
عاونوني! كي نشعل الماشينه يطيح الضو وراني حاصل,urgent_service,electrician,synth
kifach nmes7 el 7sab ta3i? rabi y7afdkom,app_question,none,synth
ma l9itch مول الجبس disponible f سكيكدة,find_worker,plasterer,synth
jari 9ali nse9si hna 3la plombi fi el jzair el 3asma,find_worker,plumber,synth
يا خويا دلوني على ديمناجور شاطر ومعقول,find_worker,mover,synth
coupe degradé m3a trait men fadlkom,find_worker,barber,synth
"bliz li yne9l el athath fi ghredaia dork dork, n7eb nne9l el 3fech ldar jdida",urgent_service,mover,synth
بليز خياطه في وهران دوك دوك، نبغي نخيط كسوه تگليديه للعرس,urgent_service,tailor,synth
ch7al nkhalles bach nsale7 four ma yeskhonch?,price_inquiry,appliance_repair,synth
مستعجل: نحتاج طباخة اليوم في سكيكدة,urgent_service,caterer,synth
"bliz moul el sbaka fi batna dork dork, el baniou msedoud walma ma ynezlech",urgent_service,plumber,synth
y3etik el s7a,greeting_chitchat,none,synth
الدرج الخشبي يزگزگ ومازال ما لگيتش لي يصلحها ياخو,find_worker,carpenter,synth
يا جماعة نحب نبدل لون الصالون ومازال ما لگيتش لي يصلحها,find_worker,painter,synth
شحال يدير واحد يعاونني في خدمة في الدار في الجزائر العاصمة؟,price_inquiry,none,synth
نقل مكتب من وسط المدينة فيسع فيسع,urgent_service,mover,synth
راني نحوس على مول السباكة في مستغانم,find_worker,plumber,synth
صحا، شحال يكلفني منوزيي لليوم كامل؟,price_inquiry,carpenter,synth
chhal tkelf khdema: n7eb bourtai 7did llegharaj,price_inquiry,welder,synth
شحال نخلص باش نصلح اللافابو راه يفويتي؟,price_inquiry,plumber,synth
ضركا دورك الميكروند مات,urgent_service,appliance_repair,synth
n9edr nle9a mol lbna yji lyoum l tiart,find_worker,mason,synth
chkoun 3ando numero nta3 mason f Batna,find_worker,mason,synth
win kayen a2reb sidlia fi bjaia?,out_of_scope,none,synth
les amis kifah nghayyer profession fel compte ta3i?,app_question,none,synth
عندي الكليمة تجري الما من الداخل,find_worker,ac_repair,synth
وين نلأى الطلبات لي بعثتهم؟ يعطيكم الصحة,app_question,none,synth
البيسي تاعي ولا ثقيل بزااااف واش نديار؟,out_of_scope,none,synth
four ma yeskhonch n7taj réparateur électroménager tawa dork,urgent_service,appliance_repair,synth
وين نقرا لانجليزية في قسنطينة,out_of_scope,none,synth
نحتاج تريتور لفطور رمضان لعائلة كبيرة ومازال ما لقيتش لي يصلحها ياخو,find_worker,caterer,synth
chhal nkhels bach nsel7 n7taj kamiou sghir nne9l bih lathath?,price_inquiry,mover,synth
"3andi embrayage yzle9, chkoun ye3ref mecanicien mli7? svp",find_worker,mechanic,synth
"y3etikm ls7a, n7awes bloumbi nacht f skikda",find_worker,plumber,synth
يا شيخ وين نشري بلاكات بلاكو بالجملة؟,out_of_scope,none,synth
يعطيكم الصحة، نحوس مول الطياب ناشط في بسكرة,find_worker,caterer,synth
ma lqitch plakist disponible f Batna wallah ghir 7asel,find_worker,plasterer,synth
من فضلكم ضركا دورك جبس السقف طايح شوية شوية,urgent_service,plasterer,synth
n7taj tnedif eddar 9bel ma nseknou fiha chkoun 3nedou 7l,find_worker,cleaner,synth
les prix ta3 réparateur électroménager f Tizi Ouzou?,price_inquiry,appliance_repair,synth
kifah nactivi la localisation fel appli?,app_question,none,synth
n7eb nte3lem el 7laga bach n7el saloun,out_of_scope,none,synth
nhawes 3la ch9a llekra f boumredas,out_of_scope,none,synth
"3andi faux plafond avec lumiere indirecte, chkoun ye3ref plakist mli7?",find_worker,plasterer,synth
يعطيكم الصحة، نحوس لي ينأل الأثاث ناشط في باتنة,find_worker,mover,synth
nheb سودور yji lyoum l غرداية,find_worker,welder,synth
يا جماعة بونجور,greeting_chitchat,none,synth
عندي نحب نخيط كسوة تڨليدية للعرس ونحتاج واحد يصلحهالي,find_worker,tailor,synth
les prix ta3 reparateur machine a laver f Boumerdes?,price_inquiry,appliance_repair,synth
win nechri machine a coudre f Bejaia?,out_of_scope,none,synth
راهي عندي نحب نركب باب رئيسية جديدة وحاصل,find_worker,carpenter,synth
devis approximatif: couscous l 50 personnes lel sada9a?,price_inquiry,caterer,synth
بليز plakist في Alger ضروك ضروك، الجبس تاع السگف تشگگ ومحتاج تصليح,urgent_service,plasterer,synth
ch7al nkhels bach nsel7 n7eb nne9l el 3fech ldar jdida?,price_inquiry,mover,synth
بشحال الخدمة تاع plombier تقريبا؟,price_inquiry,plumber,synth
3andi porte mkessra,find_worker,carpenter,synth
"arjou el msa3da bser3a, tnedif el moukit walkenaپi",urgent_service,cleaner,synth
compteur yti7 ki nch3el la clim w le four ensemble n7taj trisyan tawa douk,urgent_service,electrician,synth
sba7 el khir,greeting_chitchat,none,synth
سلام، شكرا على المساعدة,greeting_chitchat,none,synth
سلام، يعطيك الصحة,greeting_chitchat,none,synth
je cherche un soudor à Tlemcen,find_worker,welder,synth
من فضلكم نحتاج طاكسي للمطار غدوة الصباح,out_of_scope,none,synth
win nechri machine a coudre f Blida?,out_of_scope,none,synth
دلوني على مول البلاكو شاطر ومعگول,find_worker,plasterer,synth
كيفاش نأيّم العامل بعد الخدمة؟,app_question,none,synth
3aounouni! nheb dikour jbes f es s9af wrani 7asl,urgent_service,plasterer,synth
kifech nfe3l el mou93 bach yle9aouni el 3mal?,app_question,none,synth
شحال يدير دهان في الشلف,price_inquiry,painter,synth
les murs mkharbchin ye7tajo enduit!! chkoun yji fissa3,urgent_service,painter,synth
شحال السوم نتاع مصلح تلاجات؟,price_inquiry,appliance_repair,synth
شكرا على المساعدة,greeting_chitchat,none,synth
"3andi coiffure a domicile pour le mariage, chkoun ye3ref coiffeur mli7?",find_worker,barber,synth
نحتاج صباغة السقف فيسع فيسع,urgent_service,painter,synth
"j'ai oublié mon mot de passe, wach ndir? svp",app_question,none,synth
جاري قالي نسقسي هنا على طباخة في الجزائر العاصمة,find_worker,caterer,synth
الدار فيها نحتاج مرا تعاون ماما في قضيان الدار من سيمانة كاملة,find_worker,cleaner,synth
واش نقدر نلغي طلب بعثتو؟,app_question,none,synth
3nedi nheb 7maia 7did llefnitrat wne7taj wa7d ysel7ehali,find_worker,welder,synth
peinture ta3 dar kamla,find_worker,painter,synth
يا شيخ بشحال الخدمة نتاع مول السودير تقريبا؟,price_inquiry,welder,synth
n9edr nle9a dhan yji lyoum l tlemsan?,find_worker,painter,synth
kifah nactivi la localisation fel appli,app_question,none,synth
خويا نحتاج مرا تعاون ماما في قضيان الدار شكون يجي يشوفها,find_worker,cleaner,synth
"bonjour, nheb plombier yji lyoum l Chlef",find_worker,plumber,synth
win nlega tkouin f el njara?,out_of_scope,none,synth
عندي نحب نزيد بريزة جديدة في البيرو,find_worker,electrician,synth
نحوس على شقة للكراء في سكيكدة,out_of_scope,none,synth
دلوني على مول الحلاقة شاطر ومعقول,find_worker,barber,synth
صحا، ترڨيع الجاكيطة الڨديمة واش نديار,find_worker,tailor,synth
dorka dork congelateur ma yjamedch,urgent_service,appliance_repair,synth
من فضلكم شكرا على المساعدة,greeting_chitchat,none,synth
عاونوني! نحب صباغة غرفة الأطفال بألوان شابة وراني حاصل,urgent_service,painter,synth
شكون عندو نيميرو تاع مول الحلاأة في بسكرة؟ يعطيكم الصحة,find_worker,barber,synth
واش هي الأسعار تاع طباخة في بجاية؟,price_inquiry,caterer,synth
ma l9itch khayat disponible f Alger,find_worker,tailor,synth
معليش تقولي كيفاه راه الطقس في Ghardaia؟,out_of_scope,none,synth
نقدر نلقى كوافور يجي اليوم لـ برج بوعريريج,find_worker,barber,synth
حالة مستعجلة: السياج تاع الحديد تكسر ومحتاج سودير,urgent_service,welder,synth
شحال نخلص باش نصلح السطح يڨطر ونحتاج ايتونشيتي؟,price_inquiry,mason,synth
سلام، نحتاج مول الضو يجي غدوة الصباح لـ باتنة,find_worker,electrician,synth
chhal nkhels bach nsel7 ltoumoubil tdekhn dkhan k7el?,price_inquiry,mechanic,synth
يا شيخ عندي راسي شعث ياسر ونحتاج نحفف في الدار، واش نديار؟,find_worker,barber,synth
مستعجل: نحتاج منوزيي اليوم في عنابة,urgent_service,carpenter,synth
نحتاج تركيب كليمة جديدة شكون عندو حل,find_worker,ac_repair,synth
السقف نتاع البلاكو طاح منو طرف شكون عندو حل,find_worker,plasterer,synth
svp je cherche un couturier à Bejaia,find_worker,tailor,synth
kifach nzid des photos l khedmti?,app_question,none,synth
ch7al taman bach ndir la clim ma tsakhanch f chta?,price_inquiry,ac_repair,synth
ya cheikh n7taj taxi l aeroport ghedwa,out_of_scope,none,synth
3aounouni! el klima tjemd wte7bes w7edha wrani 7asl,urgent_service,ac_repair,synth
وين نشري ماكينة خياطة جديدة في Constantine؟ الله يخليك,out_of_scope,none,synth
wech nqedr nleghi tleb b3ethtou?,app_question,none,synth
التابلو الكهربائي قديم ويخوف,find_worker,electrician,synth
"bonjour, la voiture tdakhen dokhan k7el",find_worker,mechanic,synth
kifah nes7ab compte ta3i,app_question,none,synth
nbeniou ghrefa ziada llediaf fi el 7ouch mn fdelkem,find_worker,mason,synth
يعطيكم الصحة، نحوس تقني كليماتيزور ناشط في باتنة,find_worker,ac_repair,synth
nebghi plaquiste yji lyoum l Ghardaia,find_worker,plasterer,synth
sa7bi tre9i3 ljakita el 9dima chkoun 3nedou 7l,find_worker,tailor,synth
chkoun 3ando numero ta3 couturiere f Constantine?,find_worker,tailor,synth
cc,greeting_chitchat,none,synth
راهي عندي نحتاج كاميو صغير ننڨل بيه الأثاث وحاصل,find_worker,mover,synth
"slm, recette ta3 couscous svp",out_of_scope,none,synth
حففلي راسي ديغراديه شكون عندو حل,find_worker,barber,synth
شحال يكلف نبغي نديار پلاكار على قياس؟,price_inquiry,carpenter,synth
devis approximatif: n9el machine a laver l etage?,price_inquiry,mover,synth
kifah nchouf les avis ta3 worker,app_question,none,synth
ya cheikh ch7al ykalefni cuisiniere pour une journee?,price_inquiry,caterer,synth
واش نأدر نلغي طلب بعثتو؟,app_question,none,synth
nheb electricien yji lyoum l Mostaganem svp,find_worker,electrician,synth
ارجو المساعدة بسرعة، نحتاج طياب للوليمة نهار السبت,urgent_service,caterer,synth
نديرو درابزين حديد للدرج شكون عندو حل,find_worker,welder,synth
kifach nzid des photos l khedmti? w chokran,app_question,none,synth
"nheb ncheri toumoubil mset3emla, wach tnes7ouni?",out_of_scope,none,synth
كيفاش نديار كونت فيسبوك؟ ياخو,out_of_scope,none,synth
plafond placo tah mennou tarf men fadlkom,find_worker,plasterer,synth
من فضلكم تصبحو على خير,greeting_chitchat,none,synth
el frinat ydirou sout ykhouf fissa3 fissa3,urgent_service,mechanic,synth
3nedi 9nouat el ma ta3 dar 9dam yse9tou,find_worker,plumber,synth
"saha, n7awes 3la ristouroun mli7 lle3cha f bsekra",out_of_scope,none,synth
كاين ريحة مجاري في الحمام ونحتاج بلومبيي ديركت توا,urgent_service,plumber,synth
win nleqa el tlebat li b3ethtehm?,app_question,none,synth
شحال نخلص باش نصلح الكليمه ما تبردش؟,price_inquiry,ac_repair,synth
ma l9itch mol l placo disponible f Mostaganem,find_worker,plasterer,synth
يا جماعة دورك دورك الكليمة ما تسخنش في الشتا,urgent_service,ac_repair,synth
"3nedi tnedif el four waltelaja walkouzina el kl 2bel rmedan fi dar, wach ndiar?",find_worker,cleaner,synth
حالة مستعجلة: نحب نركب باب رئيسية جديدة,urgent_service,carpenter,synth
dork dork transporter frigo w machine,urgent_service,mover,synth
واش نأدر نخدم كعامل وكليان في نفس الوأت؟,app_question,none,synth
عندي الكليمة تجمد وتحبس وحدها ونحتاج واحد يصلحهالي ياخو,find_worker,ac_repair,synth
installation chauffe-eau jdid!! chkoun yji fissa3,urgent_service,plumber,synth
3awnouni clima t9atter el ma w rani 7asel,urgent_service,ac_repair,synth
3andi clim nta3 tonobil ma tberredch,find_worker,mechanic,synth
nhawes 3la ch9a llekra f batna,out_of_scope,none,synth
نحب نبدل لون الصالون ومازال ما لقيتش لي يصلحها,find_worker,painter,synth
الكليماتيزور يدير صوت غريب شكون عندو حل,find_worker,ac_repair,synth
n7eb ndiar kouzina khcheb 3la qias!! n7taj wa7d yji fissa3,urgent_service,carpenter,synth
شحال يكلف نحتاج عمال ينزلولي العفش من الطابق الخامس؟,price_inquiry,mover,synth
n7eb nsebgh dar 9bel l3id fissa3 fissa3,urgent_service,painter,synth
prise ma7rou2a,find_worker,electrician,synth
نحتاج حلاق يجي غدوة الصباح لـ ورقلة,find_worker,barber,synth
شحال تكلف خدمة: البالوعة مسدودة؟,price_inquiry,plumber,synth
يا خويا صباح الخير,greeting_chitchat,none,synth
نحوس على شقة للكراء في عنابة,out_of_scope,none,synth
n7eb nte3lem el kherba wech kayen tkouin?,out_of_scope,none,synth
عندي مشكلة في الويفي تاع دجيزي ياخو,out_of_scope,none,synth
n7awes 3la dentiste ghaya f Ouargla wallah ghir 7asel,out_of_scope,none,synth
win kayen pharmacie 2riba f Alger?,out_of_scope,none,synth
نحتاج عمال ينزلولي العفش من الطابق الخامس من فضلكم,find_worker,mover,synth
دلوني على دهان شاطر ومعقول,find_worker,painter,synth
wech hi el as3ar ta3 couturiere f Chlef?,price_inquiry,tailor,synth
combien pour tar9i3 ta3 serwal met9atta3 men rokba?,price_inquiry,tailor,synth
سلام خويا، بشحال الخدمة تاع تقني كليماتيزور تقريبا؟,price_inquiry,ac_repair,synth
واش نڨدر نخدم كعامل وكليان في نفس الوڨت؟,app_question,none,synth
نغطيو البيام تاع البلافون بالجبس,find_worker,plasterer,synth
شحال تكلف خدمة: حففلي راسي ديغراديه؟,price_inquiry,barber,synth
شحال السوم تاع مول الميكانيك؟,price_inquiry,mechanic,synth
kifach nfe3l lmou93 bach yle9aouni l3mal?,app_question,none,synth
سلام، بليز حلاق في برج بوعريريج دورك دورك، نحتاج حلاق للعريس صباح العرس,urgent_service,barber,synth
cas urgent: camion sghir bach nneqlou les meubles w chokran,urgent_service,mover,synth
depuis 3 jours 3andna peindre le plafond,find_worker,painter,synth
شحال يدير femme de ménage في Annaba؟,price_inquiry,cleaner,synth
الله يخليكم تحفيفة وتدريج شاب للولد ومقدرتش نلقى حل,urgent_service,barber,synth
nheb sbagha ghrefa latfal balouan chaba 3aounouni,find_worker,painter,synth
"bliz njar fi batna dork dork, ldrej el khchebi yze9ze9",urgent_service,carpenter,synth
شحال يدير ناقل العفش في عنابة,price_inquiry,mover,synth
khouya n7taj ntouaia wsiana la clim qbel lsif chkoun yji ychoufha,find_worker,ac_repair,synth
بشحال الخدمة تاع واحد يعاونني في خدمة في الدار تقريبا؟,price_inquiry,none,synth
cas urgent: coupe + barbe w contour,urgent_service,barber,synth
sa7bi kifech ndiar kount fisbouk?,out_of_scope,none,synth
cas urgent: peinture ta3 chambre d'enfants,urgent_service,painter,synth
3awnouni chauffe-eau ma yeskhonch w rani 7asel wallah ghir 7asel,urgent_service,plumber,synth
عاونوني! الجبس تاع البيت طاح مع الشتا وراني حاصل,urgent_service,plasterer,synth
"3nedi el klima ttel9 riha kriha f eddar, wach ndiar?",find_worker,ac_repair,synth
يا خويا نقدر نلقى واحد يعاونني في خدمة في الدار يجي اليوم لـ باتنة؟,find_worker,none,synth
شحال يكلف نحتاج مرا تعاون ماما في قضيان الدار؟,price_inquiry,cleaner,synth
frigo ma ybaredch!! chkoun yji fissa3?,urgent_service,appliance_repair,synth
n7taj fidounj wtebdil lfilterat fissa3 fissa3,urgent_service,mechanic,synth
coupe + barbe w contour!! chkoun yji fissa3?,urgent_service,barber,synth
ياخو يعطيكم الصحة، نحوس طباخة ناشط في عنابة,find_worker,caterer,synth
kifach nbe3th tleb khdema? merci,app_question,none,synth
سلام عليكم الله يخليك,greeting_chitchat,none,synth
chkoun 3ando numero ta3 لي يصلح الكليمة f بسكرة?,find_worker,ac_repair,synth
يا شيخ نحوس على شقة للكراء في سطيف,out_of_scope,none,synth
kifech nbeddel lmhena ta3i f lbroufil?,app_question,none,synth
kifech nchark fi l3roud ta3 lkhdemat? wallah ghir 7asel,app_question,none,synth
les prix ta3 mikanisyan f Mostaganem?,price_inquiry,mechanic,synth
ch7al ykalefni soudeur pour une journee?,price_inquiry,welder,synth
cas urgent: grille de protection lel fenetres,urgent_service,welder,synth
الفنيترة ما تسكرش مليح ونحتاج menuisier ديركت توا,urgent_service,carpenter,synth
devis approximatif: menage ba3d la fete?,price_inquiry,cleaner,synth
rani n7awes 3la mol clima f Chlef rabi y7afdkom,find_worker,ac_repair,synth
"saha, bn nuit khouya",greeting_chitchat,none,synth
ya kho kifech nbeddel el mhena ta3i f el broufil?,app_question,none,synth
وين نشري الزرع والورد للجنان في بسكرة؟ يعطيكم الصحة,out_of_scope,none,synth
الاومبرياج يزلق شكون عندو حل,find_worker,mechanic,synth
صحا، يعيشك خويا,greeting_chitchat,none,synth
kifach ndir compte facebook?,out_of_scope,none,synth
شحال يكلفني نجار لليوم كامل؟,price_inquiry,carpenter,synth
bslema ya kho,greeting_chitchat,none,synth
شحال نخلص باش نصلح الفنيترة ما تسكرش مليح؟,price_inquiry,carpenter,synth
عندي الكوزينيار ما يشعلوش البلاكات تاعو ونحتاج واحد يصلحهالي,find_worker,appliance_repair,synth
بليز سباك في جيجل ضروك ضروك، البانيو مسدود والما ما ينزلش,urgent_service,plumber,synth
wech rahi akhbar lmatch nta3 lbar7?,out_of_scope,none,synth
recette nta3 tajine 7lou lel 3id,out_of_scope,none,synth
combien pour n7awlou l dar jdida f nefs el 7ay?,price_inquiry,mover,synth
نحتاج واحد يڨص الحشيش نتاع الجنان,out_of_scope,none,synth
ltlaja tdir sout ghrib wne7taj msel7 el ajheza dirket tawa,urgent_service,appliance_repair,synth
"arjou lmsa3da bser3a, ltoumoubil t7ebs f ns el trig",urgent_service,mechanic,synth
"bonjour, kifah n3ayet l worker apres la mission?",app_question,none,synth
retouche pantalon twil chkoun 3ando solution,find_worker,tailor,synth
بشحال الخدمة تاع خياط تأريبا؟,price_inquiry,tailor,synth
bche7al lkhdema ta3 mol el bna tgeriba? merci,price_inquiry,mason,synth
عندي نبغي بورطاي حديد للغاراج في الدار، واش نديار؟ والله غير حاصل,find_worker,welder,synth
reparation grille nta3 fenetre n7taj مول السودير tawa douk,urgent_service,welder,synth
يا شيخ شحال تكلف خدمة: الكم تاع الفيستة طويل ويحتاج تقصير؟,price_inquiry,tailor,synth
صحا، نحوس على شأة للكراء في الشلف,out_of_scope,none,synth
صحا، نحب نتعلم الحلاقة باش نحل صالون,out_of_scope,none,synth
شحال يكلفني لي يصلح الماشينات لليوم كامل؟,price_inquiry,appliance_repair,synth
el sbagha t9echret f el bit,find_worker,painter,synth
نحتاج مصلح تلاجات غايا في مستغانم,find_worker,appliance_repair,synth
combien coute un couturier?,price_inquiry,tailor,synth
شحال نخلص باش نصلح حلاقة اللحية والتحديد؟,price_inquiry,barber,synth
دورك دورك نحب بورطاي حديد للغاراج,urgent_service,welder,synth
نبغي نتعلم الكهرباء واش كاين تكوين؟,out_of_scope,none,synth
"3andi cloison ba13 avec porte, chkoun ye3ref plakist mli7?",find_worker,plasterer,synth
devis approximatif: installation chauffe-eau jdid?,price_inquiry,plumber,synth
حالة مستعجلة: كسكسي لخمسين نفر لصدقة,urgent_service,caterer,synth
"3andi la voiture tdakhen dokhan k7el, chkoun ye3ref mécanicien mli7?",find_worker,mechanic,synth
kifech nchouf t9iimat el 3aml 9bel ma nkhedm m3ah?,app_question,none,synth
besoin d un plaquiste serieux f Chlef,find_worker,plasterer,synth
شحال نخلص باش نصلح الفرينات يديرو صوت يخوف؟,price_inquiry,mechanic,synth
n7eb bourtai 7did llegharaj!! n7taj wa7d yji fissa3,urgent_service,welder,synth
شحال السوم تاع femme de ménage؟,price_inquiry,cleaner,synth
عندي نديرو درابزين حديد للدرج ونحتاج واحد يصلحهالي,find_worker,welder,synth
restaurant zin l le diner f Bejaia?,out_of_scope,none,synth
wach el ttebi9 ykhedm bla anternat?,app_question,none,synth
شحال يكلف الدرج الخشبي يزقزق؟ بارك الله فيكم,price_inquiry,carpenter,synth
عاونوني! نديرو درابزين حديد للدرج وراني حاصل,urgent_service,welder,synth
gateaux traditionnels lel 3ers!! chkoun yji fissa3?,urgent_service,caterer,synth
نحب نخيط قندورة للعيد شكون عندو حل,find_worker,tailor,synth
chkoun rbe7 el match lbare7? rabi y7afdkom,out_of_scope,none,synth
chkoun y9asli el gazon nta3 jardin?,out_of_scope,none,synth
prise mahrouga wne7taj trisyan dirket tawa,urgent_service,electrician,synth
chkoun yrekb sqi aoutoumatik f el jnina?,out_of_scope,none,synth
3awnouni peindre le plafond w rani 7asel,urgent_service,painter,synth
راني نحوس على خدمة نخدمها، واش كاين بلايص؟ ياخو,out_of_scope,none,synth
صحا، كيفاش نقيّم العامل بعد الخدمة؟,app_question,none,synth
خويا تنظيف الفور والتلاجة والكوزينة الكل قبل رمضان شكون يجي يشوفها,find_worker,cleaner,synth
3awnouni placard sur mesure w rani 7asel,urgent_service,carpenter,synth
n7taj njar yji ghedwa el sba7 l stif,find_worker,carpenter,synth
rtouch khfif 3la rouba el shera wmazal ma l9itch li ysel7eha,find_worker,tailor,synth
compte guest kifach ykhdem? wallah ghir 7asel,app_question,none,synth
n7awes 3la appartement l kra f Tiaret,out_of_scope,none,synth
نحتاج صباغة السأف ونحتاج دهان ديركت توا,urgent_service,painter,synth
sa7bi n7taj kwafur mlih fi Batna,find_worker,barber,synth
صحا خويا,greeting_chitchat,none,synth
وين نشري ماكينة خياطة جديدة في جيجل؟,out_of_scope,none,synth
ta7fifa w l7ya n7taj kwafur tawa dork,urgent_service,barber,synth
combien coute un najjar?,price_inquiry,carpenter,synth
وين نلگى تكوين في النجارة؟,out_of_scope,none,synth
svp dork dork pression ta3 el ma dai3fa bezzaf,urgent_service,plumber,synth
3awnouni coiffeur yji l dar w rani 7asel,urgent_service,barber,synth
douk dork portail nta3 garage mkasser,urgent_service,welder,synth
plafond placo tah mennou tarf w ma 3reftch win nrou7,find_worker,plasterer,synth
وين نشري الزرع والورد للجنان في الجزائر العاصمة؟,out_of_scope,none,synth
c'est quoi l'abonnement pro?,app_question,none,synth
شحال السوم نتاع مول البناء؟ وشكرا مسبقا,price_inquiry,mason,synth
degradé lel weld ... chkoun ysal7hali,find_worker,barber,synth
"3andi ndiro des marches 9oddam el bab, chkoun ye3ref bennay mli7?",find_worker,mason,synth
نحوس على طبيب أسنان مليح في جيجل,out_of_scope,none,synth
نبغي نديار ڨفص حديد فوڨ السطح شكون عندو حل,find_worker,welder,synth
جاري قالي نسقسي هنا على ديمناجور في سطيف,find_worker,mover,synth
ya cheikh recette nta3 tajine 7lou lel 3id,out_of_scope,none,synth
راهي عندي نحتاج صباغة السقف وحاصل,find_worker,painter,synth
four ma yeskhonch w ma 3reftch win nrou7,find_worker,appliance_repair,synth
"saha, cv?",greeting_chitchat,none,synth
شحال يدير بلومبيي في قسنطينه؟,price_inquiry,plumber,synth
دلوني على مصلح تلاجات شاطر ومعقول,find_worker,appliance_repair,synth
سلام، نبغي نتعلم الكهرباء واش كاين تكوين؟,out_of_scope,none,synth
راهي عندي الما يقطر من سقف الحمام وحاصل,find_worker,plumber,synth
3nedi tdii9 l9mija mn el jnab bach tji 3la l9d wne7taj wa7d ysel7ehali,find_worker,tailor,synth
nebghi ncheri machina saboun jdida ch7al el soum?,out_of_scope,none,synth
restaurant mli7 l le diner f Mostaganem?,out_of_scope,none,synth
depuis 3 jours 3andna menage apres travaux,find_worker,cleaner,synth
حالة مستعجلة: نغطيو البيام تاع البلافون بالجبس,urgent_service,plasterer,synth
je cherche un cuisiniere à Constantine,find_worker,caterer,synth
الدار فيها الاومبرياج يزلق من سيمانة كاملة,find_worker,mechanic,synth
شحال تكلف خدمة: نحتاج مرا تعاون ماما في قضيان الدار؟,price_inquiry,cleaner,synth
je cherche un reparateur climatiseur à Biskra,find_worker,ac_repair,synth
شحال نخلص باش نصلح الروبيني يأطر؟,price_inquiry,plumber,synth
عاونوني! ضو نتاع الموتور شاعل في الطابلو وراني حاصل,urgent_service,mechanic,synth
nbeniou ghrefa ziada llediaf fi el 7ouch!! n7taj wa7d yji fissa3,urgent_service,mason,synth
معليش تقولي كيفاه راه الطقس في Boumerdes؟,out_of_scope,none,synth
wach n9edr nset3eml lttebi9 kdif bla kount,app_question,none,synth
combien pour pression ta3 el ma dai3fa bezzaf,price_inquiry,plumber,synth
نحوس على ريسطورون مليح للعشاء في برج بوعريريج,out_of_scope,none,synth
eddar fiha n7eb ndiar kouzina khcheb 3la qias mn simana kamla,find_worker,carpenter,synth
"3andi lampe techmel w tetfa wa7edha, chkoun ye3ref kahrabji mli7?",find_worker,electrician,synth
nebghi reparateur climatiseur yji lyoum l Ouargla,find_worker,ac_repair,synth
nheb sbagha ghrefa latfal balouan chaba wach ndiar,find_worker,painter,synth
نحوس على طبيب أسنان مليح في سطيف,out_of_scope,none,synth
يعيشك خويا والله غير حاصل,greeting_chitchat,none,synth
raccourcir un jean jdid men fadlkom,find_worker,tailor,synth
"y3etikm el s7a, nhawes bna nacht f batna",find_worker,mason,synth
la voiture tdakhen dokhan k7el w ma 3reftch win nrou7,find_worker,mechanic,synth
grille de protection lel fenetres w ma 3reftch win nrou7,find_worker,welder,synth
راهي عندي التلاجة تدير صوت غريب وحاصل,find_worker,appliance_repair,synth
ya cheikh kifach nbeddel r9em tilifouni f lkount?,app_question,none,synth
slm,greeting_chitchat,none,synth
شحال نخلص باش نصلح التلاجة ما تبردش والمأكلة تخسر,price_inquiry,appliance_repair,synth
وين نقرا لانجليزية في بليدة؟,out_of_scope,none,synth
jari 9ali nse9si hna 3la 3amla tnedif f jijl,find_worker,cleaner,synth
combien coute un femme de ménage?,price_inquiry,cleaner,synth
kifah nkhedm bhad el ttebiq,app_question,none,synth
nhawes astad y3eti drous khsousia fi el riadiat wallah ghir 7asel,out_of_scope,none,synth
عندي نحب حماية حديد للفنيترات في الدار، واش نديار,find_worker,welder,synth
نحتاج لي يصلح الكليمة يجي غدوة الصباح لـ سكيكدة,find_worker,ac_repair,synth
راني نحوس على ماصون في برج بوعريريج,find_worker,mason,synth
wach lttebi9 mjani wla balkhelas,app_question,none,synth
نحتاج واحد يقص الحشيش تاع الجنان,out_of_scope,none,synth
3nedi n7oul mn wheran lle3asma wne7taj n2el el 3fech,find_worker,mover,synth
n7taj nrakeb skhan lma jdid 3aounouni,find_worker,plumber,synth
bche7al lkhdema ta3 kahrabji tqeriba?,price_inquiry,electrician,synth
نقل تلاجة وماشينة للطابق الثالث فيسع فيسع,urgent_service,mover,synth
عندي حلاقة في الدار لشيخ كبير ما يقدرش يخرج ونحتاج واحد يصلحهالي,find_worker,barber,synth
شحال تكلف خدمة: الفرينات يديرو صوت يخوف؟,price_inquiry,mechanic,synth
بشحال الخدمة تاع ماصون تڨريبا؟,price_inquiry,mason,synth
يعيشك خويا ياخو,greeting_chitchat,none,synth
3awnouni demenagement men Oran l Alger w rani 7asel,urgent_service,mover,synth
location camion m3a demenageurs wach ndir merci,find_worker,mover,synth
كيفاه نفعل الموڨع باش يلڨاوني العمال,app_question,none,synth
الله يخليكم الروبة تحتاج تضييگ من الجناب ومگدرتش نلگى حل,urgent_service,tailor,synth
مستعجل: نحتاج عاملة تنظيف اليوم في غرداية,urgent_service,cleaner,synth
نحتاج kwafur زين في Batna,find_worker,barber,synth
peinture nta3 chambre d'enfants fissa3 svp,urgent_service,painter,synth
nbeniou ghrefa ziada llediaf f el 7ouch wmazal ma l9itch li ysel7eha,find_worker,mason,synth
"bonjour, ch7al ykelfeni moul el mikanik llioum kamel?",price_inquiry,mechanic,synth
ياخو وين نشري ماكينة خياطة جديدة في جيجل؟,out_of_scope,none,synth
bche7al el khdema ta3 t9eni klimatizour t9eriba?,price_inquiry,ac_repair,synth
الحيط فيه شقوق كبار ونحتاج ماصون ديركت توا,urgent_service,mason,synth
نحب نتعلم الخياطة واش كاين تكوين ڨريب,out_of_scope,none,synth
شكون يركب سقي أوتوماتيك في الجنينة؟,out_of_scope,none,synth
installation sonnette ta3 el bab fissa3 svp,urgent_service,electrician,synth
kifech nbe3th tleb khdema?,app_question,none,synth
n7eb nte3lem l7laqa bach n7el saloun,out_of_scope,none,synth
el tlaja ma tberdech walmakla tkhesr mn fdelkem,find_worker,appliance_repair,synth
سلام، الكناپي ولا مصفر من الاولاد ويحتاج غسيل عميأ واش نديار,find_worker,cleaner,synth
صباغة الأبواب والفنيترات,find_worker,painter,synth
ارجو المساعدة بسرعة، الطابلة تاع الصالون محتاجة تصليح,urgent_service,carpenter,synth
les lampes yrigliw wa7edhom wach ndir,find_worker,electrician,synth
ch7al ydir reparateur climatiseur f Batna?,price_inquiry,ac_repair,synth
wach kayen réparateur électroménager 9rib meni f Tizi Ouzou?,find_worker,appliance_repair,synth
ya kho ch7al ykelf tesli7 soudir f lslem l7didi?,price_inquiry,welder,synth
win nechri gazon w les plantes f Boumerdes?,out_of_scope,none,synth
rani n7awes 3la soudor f Oran,find_worker,welder,synth
"ya kho nebghi nsebgh dar 9bel el 3id, chkoun y3erf sbagh mli7?",find_worker,painter,synth
حالة مستعجلة: الماشينة تاع الصابون تجري الما من تحت,urgent_service,appliance_repair,synth
وين نلگى بيتزيريا مليحة في الشلف؟,out_of_scope,none,synth
devis approximatif: coupe pour les enfants avant la rentrée,price_inquiry,barber,synth
changer le cablage 9dim w ma 3reftch win nrou7,find_worker,electrician,synth
n7awes 3la ristouroun mli7 lle3cha fi tlemsan,out_of_scope,none,synth
ch7al ykalefni peintre pour une journee?,price_inquiry,painter,synth
ياخو نحتاج peintre مليح في Setif,find_worker,painter,synth
ترقيع السروال لي تقطع من الركبة شكون عندو حل,find_worker,tailor,synth
"3andi la roue tneffes, chkoun ye3ref mikanisyan mli7? ya kho",find_worker,mechanic,synth
n7awes 3la appartement l kra f مستغانم merci,out_of_scope,none,synth
"arjou lmsa3da bser3a, el frinat ydirou sout ykhouf",urgent_service,mechanic,synth
نبغي بورطاي حديد للغاراج عاونوني,find_worker,welder,synth
menage ba3d la fete fissa3 svp,urgent_service,cleaner,synth
واش من فيلم غايا نتفرجو اليوم؟ بارك الله فيكم,out_of_scope,none,synth
كيفاش نزيد تصاور لخدماتي؟ وشكرا مسبقا,app_question,none,synth
chhal el soum ta3 khiat,price_inquiry,tailor,synth
ma lqitch مول الطياب disponible f باتنة,find_worker,caterer,synth
راني نحوس على ماصون في عنابة,find_worker,mason,synth
devis approximatif: roubini rah yfuiti,price_inquiry,plumber,synth
مستعجل: نحتاج صباغ اليوم في بسكرة,urgent_service,painter,synth
شحال نخلص باش نصلح نصب دالة جديدة؟,price_inquiry,mason,synth
شحال نخلص باش نصلح نحب نركب لافابو جديد في الحمام؟,price_inquiry,plumber,synth
راهي عندي سگف الغاراج طايح منو الاسمنت وباين الحديد وحاصل,find_worker,mason,synth
ya khouya comment ca marche l'application?,app_question,none,synth
"3andi retouche w tadyiq ta3 roba, chkoun ye3ref couturiere mli7?",find_worker,tailor,synth
combien pour isolation avec ba13?,price_inquiry,plasterer,synth
كيفاش نشارك في العروض تاع الخدمات؟ الله يخليك,app_question,none,synth
واش كاين شي لي يصلح الكليمة گريب من برج بوعريريج؟,find_worker,ac_repair,synth
wach mn film mlih ntefrejou lyoum?,out_of_scope,none,synth
"svp barbier f Tizi Ouzou vite, n7affef 3and dar",urgent_service,barber,synth
hhhh chaba,greeting_chitchat,none,synth
الدوش مگطوع الما عاونوني,find_worker,plumber,synth
nebghi nbeddel el roubinat nta3 el kouzina,find_worker,plumber,synth
ch7al ykalefni bennay pour une journee?,price_inquiry,mason,synth
ch7al rahi el sa3a? wallah ghir 7asel,out_of_scope,none,synth
دلوني على خياط شاطر ومعقول,find_worker,tailor,synth
صحيت خويا والله غير حاصل,greeting_chitchat,none,synth
n7taj moul lmikanik zin f ljzair l3asma,find_worker,mechanic,synth
besoin d un soudeur serieux f Oran,find_worker,welder,synth
wach el ttebig ykhedm bla anternat?,app_question,none,synth
يا جماعة نحوس على ريسطورون مليح للعشاء في برج بوعريريج,out_of_scope,none,synth
el ma y2atter mn s2af el hammam wach ndiar,find_worker,plumber,synth
3awnouni nbeddel couleur nta3 salon w rani 7asel,urgent_service,painter,synth
urgence!!! retouche w tadyiq nta3 roba f بجاية,urgent_service,tailor,synth
سلام خويا، شحال يكلفني مصلح الأجهزة لليوم كامل؟,price_inquiry,appliance_repair,synth
les amis ch7al ykelfeni mikanisian llioum kamel?,price_inquiry,mechanic,synth
chkoun 3ando numero nta3 khayat f Bordj Bou Arreridj?,find_worker,tailor,synth
placard sur mesure men fadlkom,find_worker,carpenter,synth
الجبس تاع السگف تشگگ ومحتاج تصليح ونحتاج مول البلاكو ديركت توا,urgent_service,plasterer,synth
"3andi placo avec spots led, chkoun ye3ref plaquiste mli7",find_worker,plasterer,synth
بشحال الخدمة تاع trisyan تأريبا؟,price_inquiry,electrician,synth
nheb mikanisyan yji lyoum l Setif,find_worker,mechanic,synth
ch7al ykalefni coiffeur pour une journee?,price_inquiry,barber,synth
construire un garage f jardin men fadlkom,find_worker,mason,synth
جاري االي نسأسي هنا على واحد يعاونني في خدمة في الدار في اسنطينة,find_worker,none,synth
voyant moteur allumé fel tableau men fadlkom,find_worker,mechanic,synth
شحال يدير منوزيي في بليده؟,price_inquiry,carpenter,synth
rani n7awes 3la menuisier f Ouargla,find_worker,carpenter,synth
win kayen pharmacie 2riba f Blida?,out_of_scope,none,synth
des ouvriers ynazlou el 9ach mel 5eme etage 3awnouni,find_worker,mover,synth
جاري گالي نسگسي هنا على بنّاء في باتنه,find_worker,mason,synth
الباب نتاع الكوزينة تكسر من فضلكم,find_worker,carpenter,synth
ya khouya mre7ba,greeting_chitchat,none,synth
svp combien pour cache poutre en ba13?,price_inquiry,plasterer,synth
ma l9itch soudeur disponible f Ghardaia,find_worker,welder,synth
صحا، كيفاش نشوف تقييمات العامل قبل ما نخدم معاه؟,app_question,none,synth
la clim ma tsakhanch f chta w ma 3reftch win nrou7,find_worker,ac_repair,synth
شحال يدير حلاق في سكيكده؟,price_inquiry,barber,synth
reparer les volets ta3 fenetres w ma 3reftch win nrou7,find_worker,carpenter,synth
mset3ejle: n7taj njar lyoum f jijl,urgent_service,carpenter,synth
ya cheikh wach kayen mikanisyan 9rib meni f Alger?,find_worker,mechanic,synth
3aounouni! rasi ch3eth bezzaf wne7taj n7eff wrani 7asl,urgent_service,barber,synth
3andi mochkla f wifi ta3 djezzy ya kho,out_of_scope,none,synth
ch7al ykalefni technicien clim pour une journee?,price_inquiry,ac_repair,synth
ياخو خويا الباب الحديدية خرجت من بلاصتها شكون يجي يشوفها,find_worker,welder,synth
chhal nkhels bach nsel7 7la2a el l7ia walte7did?,price_inquiry,barber,synth
نبغي صبغة ومشطة في الدار ومازال ما لقيتش لي يصلحها,find_worker,barber,synth
صاحبي واش التطبيڨ يخدم بلا انترنات؟,app_question,none,synth
je cherche un mol clima à Alger,find_worker,ac_repair,synth
chkoun 3ando numero ta3 بنّاء f قسنطينة?,find_worker,mason,synth
كيفاه نفعل الموڨع باش يلڨاوني العمال؟,app_question,none,synth
نحب نصبغ الدار قبل العيد ونحتاج sebbagh ديركت توا,urgent_service,painter,synth
dork dork porte en fer forgé lel 7ouch svp,urgent_service,welder,synth
"svp peintre f Ghardaia vite, nbeddel couleur ta3 salon svp",urgent_service,painter,synth
ma l9itch réparateur électroménager disponible f Skikda,find_worker,appliance_repair,synth
واش نڨدر نخدم كعامل وكليان في نفس الوڨت؟ يعطيكم الصحة,app_question,none,synth
les amis win ncheri lzre3 walourd llejnan fi batna?,out_of_scope,none,synth
serwal twil nheb ngassrou n7taj couturier tawa dork,urgent_service,tailor,synth
"slm, ch7al ydir wa7d y3aweni f khdema fi dar f Oran?",price_inquiry,none,synth
شحال السوم تاع مول السباكه؟,price_inquiry,plumber,synth
ارجو المساعدة بسرعة، نقل عفش عروسة,urgent_service,mover,synth
سلام خويا، نحوس وصفة طاجين حلو للعيد,out_of_scope,none,synth
wach ne9der ncancel demande b3aththa?,app_question,none,synth
الله يخليكم نحب نركب تريات في السقف ومقدرتش نلقى حل,urgent_service,electrician,synth
شحال نخلص باش نصلح اللافابو راه يفويتي,price_inquiry,plumber,synth
ch7al taman bach ndir les freins ydiro bruit?,price_inquiry,mechanic,synth
n7eb bourtai 7did llegharaj wech ndiar,find_worker,welder,synth
علاش ما يوصلنيش الإشعار كي يجاوبني عامل؟ والله غير حاصل,app_question,none,synth
نحوس على شقة للكراء في تيارت,out_of_scope,none,synth
ya cheikh kifah n3ayet l worker apres la mission?,app_question,none,synth
شكون عندو نيميرو تاع منوزيي في بجاية؟,find_worker,carpenter,synth
combien coute un trisyan?,price_inquiry,electrician,synth
شحال تكلف خدمة: نحب نديار مكتبة في الحيط بالبلاكو؟,price_inquiry,plasterer,synth
devis approximatif: la chape ta3 les chambres qbel le parquet?,price_inquiry,mason,synth
تحفيفة للأولاد قبل الدخول المدرسي واش نديار ياخو,find_worker,barber,synth
n7taj fam dou minaj yji ghodwa el sba7 l msetghanm,find_worker,cleaner,synth
وين كاين أقرب صيدلية في مستغانم؟,out_of_scope,none,synth
نحتاج مول الميكانيك مليح في سكيكدة,find_worker,mechanic,synth
عندي تصليح سودير في السلم الحديدي ونحتاج واحد يصلحهالي,find_worker,welder,synth
كيفاش نزيد تصاور لخدماتي؟ بارك الله فيكم,app_question,none,synth
نقدر نلقى خياطة يجي اليوم لـ باتنة؟,find_worker,tailor,synth
الطفل يحتاج يحفف قبل المدرسة فيسع فيسع,urgent_service,barber,synth
nheb réparateur électroménager yji lyoum l Boumerdes,find_worker,appliance_repair,synth
sa7bi ch7al taman bach ndir frigo ma ybaredch?,price_inquiry,appliance_repair,synth
يعطيكم الصحة، نحوس صباغ ناشط في بومرداس,find_worker,painter,synth
عندي الرطوبة كلات الحيط تاع البيت في الدار، واش نديار؟ بارك الله فيكم,find_worker,mason,synth
les prix ta3 kwafur f Chlef?,price_inquiry,barber,synth
نبغي نتعلم الخياطة واش كاين تكوين قريب؟,out_of_scope,none,synth
تضييق القميجة من الجناب باش تجي على القد عاونوني,find_worker,tailor,synth
يا خويا شحال السوم نتاع ماصون؟,price_inquiry,mason,synth
n7taj sebbak mli7 fi batna,find_worker,plumber,synth
ya khouya kifach nchark f l3roud ta3 lkhdemat?,app_question,none,synth
3andi la roue tneffes merci,find_worker,mechanic,synth
شحال تكلف خدمة: نبغي نركب باب رئيسية جديدة؟,price_inquiry,carpenter,synth
urgence!! toilette bouchée w el ma ytla3 f Mostaganem ya kho,urgent_service,plumber,synth
صحا، شحال يكلف تنظيف الموكيت والكناپي؟,price_inquiry,cleaner,synth
wach el ttebi9 mjani wla balkhelas?,app_question,none,synth
شحال يكلف الاشتراك في الشهر؟,app_question,none,synth
eddar fiha tritour llekhtana nhar ljme3a mn simana kamla,find_worker,caterer,synth
depuis 3 jours 3andna embrayage yzle9,find_worker,mechanic,synth
سلام خويا، دوك دورك البالوعة مسدودة,urgent_service,plumber,synth
"svp mason f Tizi Ouzou vite, le carrelage ta3 hammam t9alla3",urgent_service,mason,synth
من فضلكم كيفاش نفعل الموقع باش يلقاوني العمال؟,app_question,none,synth
شحال نخلص باش نصلح نقل مكتب من وسط المدينة؟,price_inquiry,mover,synth
الدار فيها الكشابية محتاجة ترقيع من سيمانة كاملة,find_worker,tailor,synth
ya3ychek merci,greeting_chitchat,none,synth
الله يخليكم نبغي نحفف گبل العيد ومگدرتش نلگى حل,urgent_service,barber,synth
جبس السقف طايح شوية شوية، شكون يعرف مول الجبس مليح؟,find_worker,plasterer,synth
chokran,greeting_chitchat,none,synth
le placo tqawes mel humidité men fadlkom,find_worker,plasterer,synth
شحال يدير لي يدير الميناج في الجزائر العاصمة؟,price_inquiry,cleaner,synth
شحال يكلفني لي يدير الميناج لليوم كامل,price_inquiry,cleaner,synth
نحتاج عمال ينزلولي العفش من الطابق الخامس ونحتاج لي ينقل الأثاث ديركت دوك,urgent_service,mover,synth
cas urgent: n7awlou l dar jdida f nefs el 7ay,urgent_service,mover,synth
الضو مقطوع في الدار كامل من فضلكم الله يخليك,find_worker,electrician,synth
ch7al nkhalles bach nsale7 serwal twil nheb n9assrou?,price_inquiry,tailor,synth
ch7al lsoum ta3 moul ltiab,price_inquiry,caterer,synth
llh ykhelikm nheb ndiar karlaj jdid f la cuisine wmegdertech nlega 7l,urgent_service,mason,synth
kifach nbe3th tleb khdema?,app_question,none,synth
n7awes 3la tbib asnan ghaya fi brej bou3ririj,out_of_scope,none,synth
سلام خويا، البلاط نتاع الساحة تحرك وتكسر ونحتاج ماصون ديركت دوك,urgent_service,mason,synth
معليش تقولي كيفاه راه الطقس في بسكرة؟,out_of_scope,none,synth
nebghi nrakeb bab riisia jdida wmazal ma l9itch li ysel7eha,find_worker,carpenter,synth
وين نشري ماكينة خياطة جديدة في مستغانم؟,out_of_scope,none,synth
7ala mset3ejla: clima ma tsekhnech f el chta,urgent_service,ac_repair,synth
نحفف وندير اللحية عند الدار عاونوني,find_worker,barber,synth
3nedi mchekla f el wifi nta3 djizi,out_of_scope,none,synth
نحتاج بلاكيست غايا في سكيكده,find_worker,plasterer,synth
شحال نخلص باش نصلح نگل بيانو من الطابگ الرابع؟,price_inquiry,mover,synth
نگل الحوايج من الدار الگديمة للجديدة، شكون يعرف ديمناجور مليح؟,find_worker,mover,synth
dar fiha el siaj ta3 el 7did tkesr wme7taj soudir mn simana kamla,find_worker,welder,synth
نبغي نشري طوموبيل مستعملة، واش تنصحوني,out_of_scope,none,synth
وين كاين أقرب صيدلية في سكيكدة؟,out_of_scope,none,synth
"slm, el toumoubil ma t7ebch tche3l!! n7taj wa7d yji fissa3",urgent_service,mechanic,synth
صباغة الأبواب والفنيترات بارك الله فيكم,find_worker,painter,synth
ch7al ykelfeni maçon llioum kamel?,price_inquiry,mason,synth
شحال تكلف خدمة: نحب حماية حديد للفنيترات؟,price_inquiry,welder,synth
جاري ڨالي نسڨسي هنا على مول البلاكو في وهران,find_worker,plasterer,synth
ch7al nkhalles bach nsale7 tar9i3 ta3 serwal met9atta3 men rokba?,price_inquiry,tailor,synth
jari 2ali nse2si hna 3la bloumbi fi boumredas,find_worker,plumber,synth
wech m3ena el achterak brou lle3aml?,app_question,none,synth
3andi nettoyage profond,find_worker,cleaner,synth
sa7bi cas urgent: la voiture tdakhen dokhan k7el,urgent_service,mechanic,synth
les amis chkoun rbe7 el kan had l3am?,out_of_scope,none,synth
sa7bi nheb nechri machine a laver jdida ch7al?,out_of_scope,none,synth
ecran ta3 telephone therres win nsal7ou?,out_of_scope,none,synth
واش نقدر نخدم كعامل وكليان في نفس الوقت؟ ياخو,app_question,none,synth
شحال تكلف خدمة: الديجونكتور يطيح ديما؟,price_inquiry,electrician,synth
من فضلكم كيفاش نشوف تڨييمات العامل ڨبل ما نخدم معاه؟,app_question,none,synth
urgence!! parquet mkhareb f Tizi Ouzou,urgent_service,carpenter,synth
تحفيفة وتدريج شاب للولد شكون عندو حل,find_worker,barber,synth
عندي نحب نركب باب رئيسيه جديده,find_worker,carpenter,synth
نفض الغبرة ومسح البلاط تاع الفيلا، شكون يعرف لي يدير الميناج مليح؟,find_worker,cleaner,synth
عندي نحتاج طياب للوليمة نهار السبت في الدار، واش نديار؟,find_worker,caterer,synth
مستعجل: نحتاج لي ينقل الأثاث اليوم في قسنطينة الله يخليك,urgent_service,mover,synth
دورك دورك نحتاج أرفف للبيرو,urgent_service,carpenter,synth
"3andi balustrade lel balcon, chkoun ye3ref لحّام mli7?",find_worker,welder,synth
wach el a7oual?,greeting_chitchat,none,synth
ya cheikh nbi3 telephone samsung presque jdid,out_of_scope,none,synth
nebghi net3allem la soudure kayen formation,out_of_scope,none,synth
"riha kabl m7erou9, chkoun y3erf kahrabaji mli7? wallah ghir 7asel",find_worker,electrician,synth
نحتاج barbier مليح في Ouargla,find_worker,barber,synth
نقدر نلقى خياط يجي اليوم لـ تيارت؟,find_worker,tailor,synth
يعطيكم الصحه، نحوس مول الحلاقه ناشط في الجزائر العاصمه,find_worker,barber,synth
كيفاه نخدم بهاد التطبيڨ؟,app_question,none,synth
nheb nechri machine a laver jdida ch7al? wallah ghir 7asel,out_of_scope,none,synth
كيفاه نشارك في العروض تاع الخدمات؟ وشكرا مسبقا,app_question,none,synth
3andi nebghi ndir porte blindée,find_worker,welder,synth
peinture nta3 dar kamla,find_worker,painter,synth
salam,greeting_chitchat,none,synth
kifach nchouf t9iimat l3aml 9bel ma nkhedm m3ah?,app_question,none,synth
3andi faux plafond ba13 f salon,find_worker,plasterer,synth
وين نلقى بيتزيريا مليحة في بليدة؟,out_of_scope,none,synth
واش هي الأسعار نتاع تريسيان في مستغانم؟,price_inquiry,electrician,synth
نحتاج تريتور يجي غدوة الصباح لـ جيجل,find_worker,caterer,synth
يا شيخ شحال السوم تاع واحد يعاونني في خدمة في الدار؟,price_inquiry,none,synth
je cherche un reparateur machine a laver à Boumerdes,find_worker,appliance_repair,synth
خويا الكليمة تطلگ ريحة كريهة شكون يجي يشوفها,find_worker,ac_repair,synth
n7eb 7maia 7did llefnitrat fissa3 fissa3,urgent_service,welder,synth
kifech nfe3l lmoug3 bach ylegaouni l3mal?,app_question,none,synth
combien pour seche-linge khasser? rabi y7afdkom,price_inquiry,appliance_repair,synth
kifach n9im l3aml b3ed el khdema?,app_question,none,synth
n7taj reparateur machine a laver ghaya f Blida,find_worker,appliance_repair,synth
ياخو شحال تكلف خدمة: الحيط فيه شقوق كبار؟,price_inquiry,mason,synth
sa7bi lbab ta3 la cuisine tkesr 3aounouni,find_worker,carpenter,synth
bche7al el khdema ta3 wa7d y3aweni f khdema f eddar tgeriba?,price_inquiry,none,synth
wech el khlas ykoun kach wla balkarta? wallah ghir 7asel,app_question,none,synth
"bliz 3amla tnedif f bjaia drouk dork, n7taj mra t3aoun mama f 9dian eddar",urgent_service,cleaner,synth
شحال السوم تاع منوزيي؟,price_inquiry,carpenter,synth
علاش ما يوصلنيش الإشعار كي يجاوبني عامل؟,app_question,none,synth
wach mn film mli7 ntefrejou lyoum?,out_of_scope,none,synth
عندي نحب نخيط ريدوات جداد للبيت يعطيكم الصحة,find_worker,tailor,synth
ارجو المساعدة بسرعة، نبغي طباخة تجي تطيب في الدار لمناسبة,urgent_service,caterer,synth
ya cheikh chhal ykelf el achterak fi el chher?,app_question,none,synth
n7awes 3la appartement l kra f بليدة,out_of_scope,none,synth
بليز لي ينگل الأثاث في بجاية دورك دورك، نبدلو الدار الشهر الجاي ونحتاجو نگل الگش,urgent_service,mover,synth
nhawes 3la ristouroun mli7 lle3cha fi Mostaganem,out_of_scope,none,synth
n7taj sebbagh yji ghedwa el sba7 l Ghardaia,find_worker,painter,synth
devis approximatif: installation sonnette nta3 el bab?,price_inquiry,electrician,synth
rani n7awes 3la li ysala7 el klima f tiart w chokran,find_worker,ac_repair,synth
ya khouya nettoyage w entretien nta3 la clim fissa3 svp,urgent_service,ac_repair,synth
كيفاش نبعث طلب خدمة؟ يعطيكم الصحة,app_question,none,synth
وين نلقى بيتزيريا مليحة في عنابة؟ وشكرا مسبقا,out_of_scope,none,synth
وين نشري الزرع والورد للجنان في بجاية؟,out_of_scope,none,synth
شحال يكلفني مول الميكانيك لليوم كامل؟,price_inquiry,mechanic,synth
bounjour,greeting_chitchat,none,synth
نحب نتعلم الخياطة واش كاين تكوين اريب؟ الله يخليك,out_of_scope,none,synth
نحتاج تريسيان يجي غدوة الصباح لـ تيزي وزو,find_worker,electrician,synth
wech mn film mlih ntefrejou lyoum?,out_of_scope,none,synth
wach neqder ncancel demande b3aththa? svp,app_question,none,synth
3nedi mchekla f lwifi nta3 djizi,out_of_scope,none,synth
وين نشري الزرع والورد للجنان في الشلف؟,out_of_scope,none,synth
اللافيسال تحبس في نص البروغرام!! نحتاج واحد يجي فيسع,urgent_service,appliance_repair,synth
n9edr nle9a mol el sbagha yji lyoum l batna,find_worker,painter,synth
كيفاش نبدل رأم تيليفوني في الكونت,app_question,none,synth
نحب نديار پلاكار على قياس من فضلكم,find_worker,carpenter,synth
kifach nzid tsaour lkhedmati,app_question,none,synth
يعطيكم الصحة، نحوس demenageur ناشط في Blida,find_worker,mover,synth
win nechri machine a coudre f Boumerdes?,out_of_scope,none,synth
lavabo rah mfwiti w ma 3reftch win nrou7,find_worker,plumber,synth
win nel9a pizzeria mli7a f Mostaganem?,out_of_scope,none,synth
يا جماعة بشحال الخدمة تاع مول الكليمة تقريبا؟,price_inquiry,ac_repair,synth
wach ne9der nesta3mel l appli offline? wallah ghir 7asel,app_question,none,synth
7fera kbira fi 7it ljbes mn fdelkem,find_worker,plasterer,synth
"slm, kifach nbeddel numero ta3i f compte?",app_question,none,synth
"rani n7awes 3la khdema nkhedmeha, wach kayen blais? wallah ghir 7asel",out_of_scope,none,synth
صاحبي شكرا بزاف,greeting_chitchat,none,synth
شحال يكلفني دهان لليوم كامل؟,price_inquiry,painter,synth
congelateur ma yjamedch chkoun 3ando solution,find_worker,appliance_repair,synth
نحتاج دهان مليح في سطيف,find_worker,painter,synth
واش الخلاص يكون كاش ولا بالكارطه؟,app_question,none,synth
nheb wa7ed y3aweni f khedma f dar yji lyoum l وهران,find_worker,none,synth
3nedi mchekla f lwifi ta3 djizi,out_of_scope,none,synth
الدار فيها نحب طباخة تجي تطيب في الدار لمناسبة من سيمانة كاملة,find_worker,caterer,synth
راني نحوس على ناقل العفش في برج بوعريريج,find_worker,mover,synth
عندي نبنيو غرفة زيادة للضياف في الحوش ونحتاج واحد يصلحهالي,find_worker,mason,synth
خويا الدرج الخشبي يزقزق شكون يجي يشوفها,find_worker,carpenter,synth
nhawes wsefa tajin 7lou lle3id,out_of_scope,none,synth
win ncheri makina khiata jdida f batna?,out_of_scope,none,synth
شحال يكلف اللافابو راه يفويتي؟,price_inquiry,plumber,synth
wech hi el as3ar ta3 mol el tiab f wre2la?,price_inquiry,caterer,synth
jari qali nseqsi hna 3la sebbak fi tiart,find_worker,plumber,synth
n7taj taksi llemtar ghedwa lsba7 w chokran,out_of_scope,none,synth
واش نڨدر نخدم كعامل وكليان في نفس الوڨت,app_question,none,synth
comment ca marche l'application,app_question,none,synth
besoin d un صباغ serieux f بليدة,find_worker,painter,synth
مستعجل: نحتاج واحد يعاونني في خدمة في الدار اليوم في گسنطينة,urgent_service,none,synth
casser un mur w n7elou bab wach ndir,find_worker,mason,synth
ya cheikh salam,greeting_chitchat,none,synth
"bonjour, compte guest kifach ykhdem?",app_question,none,synth
nebghi nte3lem l7la9a bach n7el saloun,out_of_scope,none,synth
brushing w couleur f dar chkoun 3ando solution,find_worker,barber,synth
شحال تكلف خدمة: الكليمة تطلق ريحة كريهة؟,price_inquiry,ac_repair,synth
بريز محروقه!! نحتاج واحد يجي فيسع,urgent_service,electrician,synth
peinture ta3 chambre d'enfants chkoun 3ando solution,find_worker,painter,synth
urgence!! cuisine en bois sur mesure f Bejaia ya kho,urgent_service,carpenter,synth
dork dork cuisiniere ma tech3elch,urgent_service,appliance_repair,synth
les amis ri7a kabl m7erou2 wech ndiar,find_worker,electrician,synth
خويا نحتاج أرفف للبيرو شكون يجي يشوفها,find_worker,carpenter,synth
راني نحوس على مول السباكة في ورقلة,find_worker,plumber,synth
شحال تكلف خدمة: الكارلاج تاع الحمام تقلع وولى يجمع الما؟,price_inquiry,mason,synth
depuis 3 jours 3andna cloison ba13 avec porte merci,find_worker,plasterer,synth
kifach nzid des photos l khedmti,app_question,none,synth
ياخو نحوس جنايني يقلم الأشجار نتاع الجنان,out_of_scope,none,synth
نحتاج مرا تعاون ماما في قضيان الدار!! نحتاج واحد يجي فيسع,urgent_service,cleaner,synth
urgence!! tabbakha tji ttayeb f dar f Alger svp,urgent_service,caterer,synth
wech hi las3ar ta3 msel7 lajheza fi el jzair l3asma,price_inquiry,appliance_repair,synth
besoin d un wa7ed y3aweni f khedma f dar serieux f Tlemcen,find_worker,none,synth
ch7al lsoum ta3 li yne2l el athath,price_inquiry,mover,synth
cas urgent: nrakeb un lustre f salon,urgent_service,electrician,synth
nheb nbeddel blasa el klima mn fdelkem,find_worker,ac_repair,synth
clim tetlok ri7a khayba!! chkoun yji fissa3?,urgent_service,ac_repair,synth
نحتاج تنظيف الزجاج والفنيترات تاع الفيلا فيسع فيسع,urgent_service,cleaner,synth
راهي عندي نحتاج كوافور يجي للدار نهار العرس وحاصل,find_worker,barber,synth
سلام، وين نشري الزرع والورد للجنان في الشلف؟,out_of_scope,none,synth
ya cheikh kifach nbeddel numero ta3i f compte?,app_question,none,synth
clim tetlok ri7a khayba!! chkoun yji fissa3,urgent_service,ac_repair,synth
ارجو المساعدة بسرعة، نبغي نخبي الكابلاج بحيط بلاكو,urgent_service,plasterer,synth
"7fera kbira fi 7it ljbes, chkoun y3erf moul lblakou mlih",find_worker,plasterer,synth
ارجو المساعدة بسرعة، صباغة الأبواب والفنيترات,urgent_service,painter,synth
chkoun yrekb s2i aoutoumatik f el jnina?,out_of_scope,none,synth
mset3ejle: n7taj électricien lyoum f Setif,urgent_service,electrician,synth
شحال السوم تاع مول الصباغة؟,price_inquiry,painter,synth
win nel9a pizzeria mli7a f Tiaret?,out_of_scope,none,synth
الدرج الخشبي يزقزق واش نديار,find_worker,carpenter,synth
win kayen a9reb sidlia f Tizi Ouzou? merci,out_of_scope,none,synth
شحال يكلف اللافيسال تحبس في نص البروغرام؟,price_inquiry,appliance_repair,synth
نحب نشري طوموبيل مستعملة، واش تنصحوني؟,out_of_scope,none,synth
kifah rah el jaw f Tizi Ouzou,out_of_scope,none,synth
نحتاج منوزيي غايا في ورگلة,find_worker,carpenter,synth
combien coute un électricien?,price_inquiry,electrician,synth
chkoun 3ando numero ta3 mol l placo f Constantine?,find_worker,plasterer,synth
"saha, combien pour n7affef 3and dar?",price_inquiry,barber,synth
نحوس على ريسطورون مليح للعشاء في مستغانم,out_of_scope,none,synth
الكليمة تطلق ريحة كريهة,find_worker,ac_repair,synth
شحال يكلفني مول السودير لليوم كامل؟,price_inquiry,welder,synth
صحا خويا الله يخليك,greeting_chitchat,none,synth
وين نقرا لانجليزية في ورقلة؟,out_of_scope,none,synth
واش كاين شي بلومبيي گريب من وهران,find_worker,plumber,synth
nhawes astad y3eti drous khsousia f lriadiat,out_of_scope,none,synth
wach kayen chi reparateur machine a laver 9rib mn Oran? svp,find_worker,appliance_repair,synth
combien pour nettoyage profond?,price_inquiry,cleaner,synth
شحال يكلفني صباغ لليوم كامل؟ بارك الله فيكم,price_inquiry,painter,synth
ch7al taman bach ndir déplacer la clim l chambre okhra? ya kho,price_inquiry,ac_repair,synth
chkoun y9asli el gazon ta3 jardin,out_of_scope,none,synth
labatri rahi mita,find_worker,mechanic,synth
les prix ta3 demenageur f Ghardaia?,price_inquiry,mover,synth
les haies y7tajo taille chkoun ydirha,out_of_scope,none,synth
شحال يدير cuisiniere في Alger؟,price_inquiry,caterer,synth
kifach nactivi la localisation fel appli,app_question,none,synth
عندي كاين رطوبة وتأشير في سأف البيت ونحتاج واحد يصلحهالي,find_worker,painter,synth
راني نحوس على مول السباكة في الجزائر العاصمة,find_worker,plumber,synth
الرطوبة اوست البلاكو تاع البيت من فضلكم,find_worker,plasterer,synth
عندي نحب نركب باب رئيسية جديدة في الدار، واش نديار؟,find_worker,carpenter,synth
clim ma tberredch men fadlkom,find_worker,ac_repair,synth
urgence!! clima t9atter el ma f Blida,urgent_service,ac_repair,synth
شحال تكلف خدمة: نبدلو الدار الشهر الجاي ونحتاجو نقل القش؟,price_inquiry,mover,synth
واش هي الأسعار تاع réparateur électroménager في Alger,price_inquiry,appliance_repair,synth
tarqi3 ta3 kachabiya,find_worker,tailor,synth
restaurant ghaya l le diner f الجزائر العاصمة?,out_of_scope,none,synth
rani n7awes 3la wa7ed y3aweni f khedma f dar f Biskra,find_worker,none,synth
ch7al ydir maçon f Tizi Ouzou?,price_inquiry,mason,synth
wach rahi akhbar el match ta3 el bar7?,out_of_scope,none,synth
ارجو المساعدة بسرعة، لاباتري راهي ميتة,urgent_service,mechanic,synth
شحال يكلف الطوموبيل تحبس في نص الطريأ؟,price_inquiry,mechanic,synth
kifah rah el jaw f Batna,out_of_scope,none,synth
ch7al ykalefni plakist pour une journee?,price_inquiry,plasterer,synth
ch7al ydir mécanicien f Boumerdes?,price_inquiry,mechanic,synth
صحيت خويا,greeting_chitchat,none,synth
ضركا دورك الطوموبيل تدخن دخان كحل,urgent_service,mechanic,synth
واش كاين شي لي يدير الميناج قريب من الشلف؟,find_worker,cleaner,synth
chkoun rbe7 el match lbare7?,out_of_scope,none,synth
combien pour le portail khrej men blasstou?,price_inquiry,welder,synth
"bonjour, recette ta3 tajine 7lou lel 3id",out_of_scope,none,synth
عندي التلاجة ما تبردش والمأكلة تخسر في الدار، واش نديار؟,find_worker,appliance_repair,synth
jari 9ali nse9si hna 3la moul el bna f blida,find_worker,mason,synth
n7taj tiab lloulima nhar el sbet wne7taj tritour dirket tawa,urgent_service,caterer,synth
نحتاج sebbak زين في Batna,find_worker,plumber,synth
chhal tkelf khdema: n7eb ndiar bab 7did lle7ouch?,price_inquiry,welder,synth
3nedi n7taj sbagha plafond svp,find_worker,painter,synth
شكون يركب سقي أوتوماتيك في الجنينة؟ ياخو,out_of_scope,none,synth
kifach nchark f el 3roud ta3 lkhdemat?,app_question,none,synth
تنظيف الفور والتلاجة والكوزينة الكل قبل رمضان شكون عندو حل,find_worker,cleaner,synth
win ncheri makina khiata jdida fi batna?,out_of_scope,none,synth
win nechri machine a coudre f Annaba? wallah ghir 7asel,out_of_scope,none,synth
دلوني على مول البناء شاطر ومعقول,find_worker,mason,synth
ارجو المساعدة بسرعة، نحتاج تريتور لفطور رمضان لعائلة كبيرة,urgent_service,caterer,synth
3lach ma youslenich el ich3ar ki yjaoubni 3aml?,app_question,none,synth
شحال السوم تاع مول الحلاقة,price_inquiry,barber,synth
tseb7ou 3la khir w chokran,greeting_chitchat,none,synth
el jnan m7etaj tne2ia w2azoun jdid,out_of_scope,none,synth
chhal ydir peintre f Bejaia? merci,price_inquiry,painter,synth
dorka dork tarqi3 ta3 kachabiya,urgent_service,tailor,synth
شحال يدير ديمناجور في بسكرة؟,price_inquiry,mover,synth
البلاط تاع الساحة تحرك وتكسر!! نحتاج واحد يجي فيسع,urgent_service,mason,synth
فويت دو تحت اللافابو,find_worker,plumber,synth
ya kho bonsoir,greeting_chitchat,none,synth
نحتاج واحد يعاونني في خدمة في الدار يجي غدوة الصباح لـ ورقلة,find_worker,none,synth
bonjour rabi y7afdkom,greeting_chitchat,none,synth
"saha, l'appli gratuite wela payante?",app_question,none,synth
restaurant mli7 l le diner f Skikda?,out_of_scope,none,synth
ch7al taman bach ndir nheb ndir porte blindée?,price_inquiry,welder,synth
serwal twil nheb n9assrou men fadlkom,find_worker,tailor,synth
نحتاج كوافور مليح في عنابة,find_worker,barber,synth
من فضلكم راني نحوس على خدمة نخدمها، واش كاين بلايص؟,out_of_scope,none,synth
"3andi lampe techmel w tetfa wa7edha, chkoun ye3ref electricien mli7?",find_worker,electrician,synth
كيفاش نبعث طلب خدمة؟,app_question,none,synth
3awnouni humidité fel mur w rani 7asel,urgent_service,mason,synth
مستعجل: نحتاج تريتور اليوم في تيارت,urgent_service,caterer,synth
نحب وصفة كسكسي بالدجاج وشكرا مسبقا,out_of_scope,none,synth
كيفاش نبدل رأم تيليفوني في الكونت؟,app_question,none,synth
التلاجة ما تبردش والمأكلة تخسر,find_worker,appliance_repair,synth
nheb plombi yji lyoum l Bordj Bou Arreridj,find_worker,plumber,synth
الدار فيها الكارلاج تاع الحمام تقلع وولى يجمع الما من سيمانة كاملة,find_worker,mason,synth
ch7al ykelf nhedmou 7it wne7lou bab?,price_inquiry,mason,synth
nhawes 3la tbib asnan mlih fi ghredaia,out_of_scope,none,synth
وين نگرا لانجليزية في Jijel؟ يعطيكم الصحة,out_of_scope,none,synth
comment ca marche l'application? w chokran,app_question,none,synth
وين نشري الزرع والورد للجنان في Blida؟,out_of_scope,none,synth
شحال السوم تاع تريتور؟,price_inquiry,caterer,synth
les amis wech lttebi9 mjani wla balkhelas?,app_question,none,synth
شحال نخلص باش نصلح لاباتري راهي ميتة؟,price_inquiry,mechanic,synth
kifach nmes7 el 7sab ta3i?,app_question,none,synth
شحال نخلص باش نصلح الميكروند مات؟,price_inquiry,appliance_repair,synth
نحب نديار سياج حول الجنان واش نديار,find_worker,mason,synth
je cherche un plakist à Oran,find_worker,plasterer,synth
يعطيكم الصحه، نحوس ميكانيكي ناشط في بومرداس,find_worker,mechanic,synth
شكون عندو نيميرو تاع سودور في تلمسان؟ يعطيكم الصحة,find_worker,welder,synth
ya cheikh besoin d un منوزيي serieux f سطيف,find_worker,carpenter,synth
الدار فيها الكليمة تجري الما من الداخل من سيمانة كاملة يعطيكم الصحة,find_worker,ac_repair,synth
chhal tkelf khdema: 7la9a ll7ia walte7did,price_inquiry,barber,synth
3nedi tre9i3 el jakita el 9dima,find_worker,tailor,synth
شكون عندو نيميرو تاع ميكانيسيان في بسكرة؟,find_worker,mechanic,synth
صحا، صباح الخير,greeting_chitchat,none,synth
n7taj l7am mli7 fi jijl,find_worker,welder,synth
"svp demenageur f Alger vite, n7awlou l dar jdida f nefs el 7ay",urgent_service,mover,synth
kifech ndiar kount fisbouk? merci,out_of_scope,none,synth
نحوس على طبيب أسنان غايا في تيزي وزو,out_of_scope,none,synth
صاحبي عندي نحتاج طباخة لعرس مية نفر,find_worker,caterer,synth
يا جماعة نحتاج فام دو ميناج مليح في بومرداس,find_worker,cleaner,synth
كليمة الطوموبيل ما تبردش شكون عندو حل,find_worker,mechanic,synth
راهي عندي نحتاج صباغة السأف وحاصل,find_worker,painter,synth
dlouni 3la moul l7la9a chatr wme39oul rabi y7afdkom,find_worker,barber,synth
"bonjour, arrosage automatique lel jnina chkoun yrakbou?",out_of_scope,none,synth
tritour llekhtana nhar ljme3a fissa3 fissa3,urgent_service,caterer,synth
شحال يكلف الكليمة تجمد وتحبس وحدها؟,price_inquiry,ac_repair,synth
el lh ykhelikm kayen ri7a mjari f le7mam wmegdertech nlega 7l,urgent_service,plumber,synth
وين نشري ماكينة خياطة جديدة في برج بوعريريج؟ يعطيكم الصحة,out_of_scope,none,synth
صحا، نبغي نتعلم الخياطة واش كاين تكوين قريب؟,out_of_scope,none,synth
3awnouni location camion m3a demenageurs w rani 7asel,urgent_service,mover,synth
ta9sir ta3 serwal n7taj couturier tawa drouk,urgent_service,tailor,synth
ch7al prix ta3 abonnement par mois,app_question,none,synth
"saha, kifech nchark f el 3roud ta3 el khdemat?",app_question,none,synth
la clim na9esha gaz wach ndir,find_worker,ac_repair,synth
بشحال الخدمة تاع ميكانيكي تقريبا؟,price_inquiry,mechanic,synth
les amis ch7al ykelf el kouziniar ma yche3louch el blakat ta3ou?,price_inquiry,appliance_repair,synth
بليز منوزيي في تلمسان دورك دورك، الفنيترة ما تسكرش مليح,urgent_service,carpenter,synth
ch7al nkhalles bach nsale7 menage apres travaux?,price_inquiry,cleaner,synth
واش التطبيأ مجاني ولا بالخلاص,app_question,none,synth
"3nedi el rtouba 9oust el blakou ta3 lbit fi eddar, wech ndiar?",find_worker,plasterer,synth
chkoun rbe7 el match lbare7,out_of_scope,none,synth
"rani n7awes 3la khedma nekhdemha, kayen des postes? rabi y7afdkom",out_of_scope,none,synth
عندي نحتاج حلاق للعريس صباح العرس ونحتاج واحد يصلحهالي,find_worker,barber,synth
degradé lel weld w ma 3reftch win nrou7,find_worker,barber,synth
n7awes 3la chqa llekra f bjaia,out_of_scope,none,synth
bche7al lkhdema ta3 moul daw t9eriba?,price_inquiry,electrician,synth
خويا تريتور للختانة نهار الجمعة شكون يجي يشوفها,find_worker,caterer,synth
نحب نديار سياج حول الجنان عاونوني,find_worker,mason,synth
3andi fermeture eclair ta3 veste khasra,find_worker,tailor,synth
win nelga les demandes li b3aththom,app_question,none,synth
شحال السوم تاع نجار؟,price_inquiry,carpenter,synth
وين كاين أقرب صيدلية في قسنطينة؟,out_of_scope,none,synth
n7taj wa7d y9es el 7chich nta3 el jnan,out_of_scope,none,synth
wach kayen 7addad qrib meni f Constantine?,find_worker,welder,synth
عندي نبغي نكوموندي حلويات تگليدية للعرس,find_worker,caterer,synth
chkoun 3ando numero ta3 kahrabji f Jijel?,find_worker,electrician,synth
صاحبي ارجو المساعدة بسرعة، السروال طويل ونحب نقصرو,urgent_service,tailor,synth
dlouni 3la mol el 7la9a chatr wme39oul,find_worker,barber,synth
يعطيكم الصحة، نحوس barbier ناشط في Tiaret,find_worker,barber,synth
واش هي الأسعار تاع kahrabji في Alger؟,price_inquiry,electrician,synth
le paiement fel appli kifach ykoun? ya kho,app_question,none,synth
شحال يدير سباك في برج بوعريريج؟,price_inquiry,plumber,synth
راني نحوس على لحّام في الشلف,find_worker,welder,synth
3andi tabbakha tji ttayeb f dar,find_worker,caterer,synth
dork dork lkounjilatour ma yjemdech,urgent_service,appliance_repair,synth
wech mn film mlih ntefrejou lyoum,out_of_scope,none,synth
"ya khouya rani n7awes 3la khdema nkhedmeha, wech kayen blais?",out_of_scope,none,synth
wach negder ncancel demande b3aththa,app_question,none,synth
ya kho ch7al ydir njar f wheran?,price_inquiry,carpenter,synth
شكون عندو نيميرو تاع ماصون في الشلف؟,find_worker,mason,synth
يا خويا جاري قالي نسقسي هنا على najjar في Mostaganem,find_worker,carpenter,synth
ياخو نحتاج sebbak غايا في Chlef,find_worker,plumber,synth
dar fiha nghetiou lbiam ta3 el blafoun baljebs mn simana kamla,find_worker,plasterer,synth
"arjou el msa3da bser3a, eddaw yech3el w yetfi wahdo",urgent_service,electrician,synth
ch7al ykelfeni mol el blakou llioum kamel?,price_inquiry,plasterer,synth
دلوني على تريسيان شاطر ومعقول,find_worker,electrician,synth
نحب ننقل العفش لدار جديدة ومازال ما لقيتش لي يصلحها,find_worker,mover,synth
les prix ta3 najjar f Bordj Bou Arreridj?,price_inquiry,carpenter,synth
plafond placo tah mennou tarf!!! chkoun yji fissa3?,urgent_service,plasterer,synth
eddar fiha n7eb ndi9 el rouba mn el jnab mn simana kamla,find_worker,tailor,synth
نحب نتعلم الخياطه واش كاين تكوين قريب؟,out_of_scope,none,synth
الله يبارك عليكم يعطيكم الصحة,greeting_chitchat,none,synth
"rani nhawes 3la khdema nkhedmeha, wach kayen blais? ya kho",out_of_scope,none,synth
ya khouya ma l2itch plakist disponible f Biskra,find_worker,plasterer,synth
واش راهي أخبار الماتش تاع البارح؟,out_of_scope,none,synth
wech hi las3ar ta3 na9l l3fech f boumredas?,price_inquiry,mover,synth
ch7al el soum ta3 7la9?,price_inquiry,barber,synth
jari gali nsegsi hna 3la plombi fi ljzair l3asma,find_worker,plumber,synth
عندي نغطيو البيام تاع البلافون بالجبس في الدار، واش نديار؟,find_worker,plasterer,synth
salut svp,greeting_chitchat,none,synth
wach rahi akhbar lmatch ta3 lbar7?,out_of_scope,none,synth
دورك دورك كليمة الطوموبيل ما تبردش,urgent_service,mechanic,synth
وين كاين أگرب صيدلية في مستغانم؟,out_of_scope,none,synth
restaurant ghaya l le diner f Boumerdes?,out_of_scope,none,synth
chkera 3la lmsa3da rabi y7afdkom,greeting_chitchat,none,synth
كيفاه نديار كونت فيسبوك,out_of_scope,none,synth
نحتاج تريتور مليح في الشلف,find_worker,caterer,synth
صحا، الله يبارك عليكم,greeting_chitchat,none,synth
صحا، راني نحوس على لي يدير الميناج في مستغانم,find_worker,cleaner,synth
شحال يدير مول البلاكو في قسنطينة؟,price_inquiry,plasterer,synth
les amis ya3ychek,greeting_chitchat,none,synth
les prix nta3 mol clima f Bordj Bou Arreridj? merci,price_inquiry,ac_repair,synth
win ncheri lzre3 walourd llejnan fi stif,out_of_scope,none,synth
besoin d un plombier serieux f Boumerdes,find_worker,plumber,synth
depuis 3 jours 3andna humidité fel mur,find_worker,mason,synth
شحال نخلص باش نصلح نفض الغبرة ومسح البلاط نتاع الفيلا؟,price_inquiry,cleaner,synth
مستعجل: نحتاج تقني كليماتيزور اليوم في قسنطينة,urgent_service,ac_repair,synth
نحتاج طاكسي للمطار غدوة الصباح,out_of_scope,none,synth
n7awes 3la dentiste zin f Tlemcen,out_of_scope,none,synth
نحب نديار پلاكار على گياس ومازال ما لگيتش لي يصلحها,find_worker,carpenter,synth
بشحال الخدمة تاع مول الضو تقريبا؟,price_inquiry,electrician,synth
الصباغة تقشرت في البيت ومازال ما لقيتش لي يصلحها,find_worker,painter,synth
واش هي الأسعار تاع مول الكليمة في عنابة؟,price_inquiry,ac_repair,synth
نحوس على طبيب أسنان غايا في تلمسان,out_of_scope,none,synth
frigo ma ybaredch 3awnouni,find_worker,appliance_repair,synth
3awnouni congelateur ma yjamedch w rani 7asel,urgent_service,appliance_repair,synth
machine a laver ma tkhdemch men fadlkom,find_worker,appliance_repair,synth
يا جماعة نحتاج تريتور يجي غدوة الصباح لـ الجزائر العاصمة,find_worker,caterer,synth
صاحبي وين كاين أأرب صيدلية في تيزي وزو؟,out_of_scope,none,synth
نحتاج واحد يگص الحشيش تاع الجنان,out_of_scope,none,synth
كيفاش نخدم بهاد التطبيگ؟,app_question,none,synth
عاونوني! نحتاج كوافور يجي للدار نهار العرس وراني حاصل,urgent_service,barber,synth
نحوس على شقة للكراء في بسكرة,out_of_scope,none,synth
شحال يدير لحّام في مستغانم؟,price_inquiry,welder,synth
كيفاش نشوف تأييمات العامل ابل ما نخدم معاه؟,app_question,none,synth
arrosage automatique lel jnina chkoun yrakbou? ya kho,out_of_scope,none,synth
ri7at el mjari fel hammam n7taj plombi tawa douk,urgent_service,plumber,synth
cas urgent: refaire la dalle ta3 la terrasse,urgent_service,mason,synth
ma lgitch 7addad disponible f Constantine,find_worker,welder,synth
les prix ta3 mikanisyan f Jijel?,price_inquiry,mechanic,synth
chhal ykelf n7eb nzid priza jdida fi el birou?,price_inquiry,electrician,synth
kifah neb3et demande de service,app_question,none,synth
win ncheri makina khiata jdida f skikda?,out_of_scope,none,synth
3aounouni! lsbagha t2echret f el bit wrani 7asl,urgent_service,painter,synth
chkoun 3ando numero ta3 électricien f Skikda?,find_worker,electrician,synth
ch7al taman bach ndir nbeddel couleur ta3 salon?,price_inquiry,painter,synth
نحتاج منوزيي يجي غدوة الصباح لـ جيجل,find_worker,carpenter,synth
نحوس على طبيب أسنان زين في بجاية,out_of_scope,none,synth
win nechri machine a coudre f Constantine?,out_of_scope,none,synth
راني نحوس على مول الحلاقة في برج بوعريريج,find_worker,barber,synth
ya kho kifach n3ayet l worker apres la mission?,app_question,none,synth
"bliz moul lsoudir f skikda drouk dork, tesli7 soudir fi el slem l7didi",urgent_service,welder,synth
wech el khlas ykoun kach wla balkarta?,app_question,none,synth
n7eb nte3lem l7laga bach n7el saloun,out_of_scope,none,synth
عاونوني! نبغي نديار پلاكار على قياس وراني حاصل,urgent_service,carpenter,synth
n7eb nte3lem lkherba wach kayen tkouin?,out_of_scope,none,synth
شكون عندو نيميرو تاع plombi في Setif؟,find_worker,plumber,synth
wech kayen chi msel7 lajheza 9rib mn bjaia?,find_worker,appliance_repair,synth
سلام، نحب نخبي الكابلاج بحيط بلاكو ومازال ما لقيتش لي يصلحها,find_worker,plasterer,synth
شحال السوم تاع خياط؟,price_inquiry,tailor,synth
دورك دورك الطفل يحتاج يحفف قبل المدرسة,urgent_service,barber,synth
"rani n7awes 3la khedma nekhdemha, kayen des postes?",out_of_scope,none,synth
parquet mkhareb fissa3 svp,urgent_service,carpenter,synth
"sa7bi j'ai oublié mon mot de passe, wach ndir?",app_question,none,synth
mset3ejle: n7taj tritour lyoum f bsekra,urgent_service,caterer,synth
cas urgent: coiffure a domicile pour le mariage,urgent_service,barber,synth
نأدر نلأى واحد يعاونني في خدمة في الدار يجي اليوم لـ جيجل؟,find_worker,none,synth
خويا التلاجة تدير صوت غريب شكون يجي يشوفها,find_worker,appliance_repair,synth
win kayen agreb sidlia f bjaia? svp,out_of_scope,none,synth
بشحال الخدمة تاع transport meubles تقريبا؟,price_inquiry,mover,synth
wech hi las3ar ta3 mol lbna fi boumredas?,price_inquiry,mason,synth
kifah rah el jaw f Ghardaia?,out_of_scope,none,synth
حالة مستعجلة: الروبة تحتاج تضييڨ من الجناب,urgent_service,tailor,synth
عندي نبغي نديار كارلاج جديد في الكوزينة ونحتاج واحد يصلحهالي,find_worker,mason,synth
kifach nzid tsaour lkhedmati?,app_question,none,synth
wach ne2der nesta3mel l appli offline?,app_question,none,synth
الدار فيها نديرو درابزين حديد للدرج من سيمانه كامله,find_worker,welder,synth
tnedif el four waltelaja walkouzina el kl 9bel rmedan!! n7taj wa7d yji fissa3,urgent_service,cleaner,synth
win nle9a tkouin f el njara?,out_of_scope,none,synth
depuis 3 jours 3andna ta7fifa w l7ya,find_worker,barber,synth
chhal ykelf lachterak f lchher?,app_question,none,synth
خويا نقل الحوايج من الدار القديمة للجديدة شكون يجي يشوفها,find_worker,mover,synth
nebghi nfassel karakou lel 3ers,find_worker,tailor,synth
kifach nchouf les avis ta3 worker,app_question,none,synth
n7awes 3la appartement l kra f Batna,out_of_scope,none,synth
3nedi mchekla fi el wifi ta3 djizi merci,out_of_scope,none,synth
وين كاين أقرب صيدليه في بجايه؟,out_of_scope,none,synth
بشحال الخدمة تاع مصلح تلاجات تڨريبا؟,price_inquiry,appliance_repair,synth
ya khouya combien pour refaire la dalle nta3 la terrasse?,price_inquiry,mason,synth
wach lttebig ykhedm bla anternat?,app_question,none,synth
win nle9a tkouin fi el njara?,out_of_scope,none,synth
khouya el rtouba 9oust lblakou ta3 lbit chkoun yji ychoufha,find_worker,plasterer,synth
nheb net3allem la couture kayen des cours?,out_of_scope,none,synth
frigo ma ybaredch n7taj réparateur électroménager tawa dork,urgent_service,appliance_repair,synth
ch7al taman bach ndir repas ta3 khetana jour el jem3a,price_inquiry,caterer,synth
chkoun 3ando numero ta3 مصلح الأجهزة f الشلف?,find_worker,appliance_repair,synth
واش كاين شي نجار اريب من بومرداس,find_worker,carpenter,synth
شحال يكلفني مول السودير لليوم كامل,price_inquiry,welder,synth
installation clim jdida men fadlkom,find_worker,ac_repair,synth
n2edr nle2a mol la clim yji lyoum l bjaia?,find_worker,ac_repair,synth
ارجو المساعدة بسرعة، نحب نديار سياج حول الجنان,urgent_service,mason,synth
شحال تكلف خدمة: الصباغة تأشرت في البيت؟,price_inquiry,painter,synth
khouya nheb n3eli 7it l7ouch mter ziada chkoun yji ychoufha,find_worker,mason,synth
وين نشري بلاكات بلاكو بالجمله؟,out_of_scope,none,synth
n7taj wa7d y9es l7chich ta3 jardin,out_of_scope,none,synth
شحال السوم تاع مول الحلاڨة؟,price_inquiry,barber,synth
شحال يكلف الطوموبيل تحبس في نص الطريق؟,price_inquiry,mechanic,synth
جاري قالي نسقسي هنا على مول الطياب في وهران,find_worker,caterer,synth
urgence!! peinture ta3 dar kamla f Annaba,urgent_service,painter,synth
عندي نحتاج طياب للوليمة نهار السبت ونحتاج واحد يصلحهالي,find_worker,caterer,synth
kifech nfe3l lmouq3 bach yleqaouni l3mal?,app_question,none,synth
كيفاش نفعل الموڨع باش يلڨاوني العمال؟ والله غير حاصل,app_question,none,synth
راني نحوس على مول الخياطة في سطيف,find_worker,tailor,synth
besoin d un barbier serieux f Boumerdes,find_worker,barber,synth
el tfel y7etaj y7eff 9bel el mdersa wech ndiar,find_worker,barber,synth
الله يخليكم نحفف وندير اللحية عند الدار ومقدرتش نلقى حل,urgent_service,barber,synth
n9el el 7ouaij mn eddar el 9dima llejdida!! n7taj wa7d yji fissa3,urgent_service,mover,synth
نحوس على طبيب أسنان زين في سكيكدة,out_of_scope,none,synth
ch7al ydir ناقل العفش f غرداية,price_inquiry,mover,synth
كيفاه نمسح الحساب تاعي؟,app_question,none,synth
شحال يكلف نحتاج كاميو صغير ننقل بيه الأثاث؟,price_inquiry,mover,synth
ارجو المساعدة بسرعة، الما حابس في الدار كامل,urgent_service,plumber,synth
3awnouni toute la maison sans courant w rani 7asel,urgent_service,electrician,synth
اللافيسال تحبس في نص البروغرام,find_worker,appliance_repair,synth
مستعجل: نحتاج مول الجبس اليوم في سطيف,urgent_service,plasterer,synth
svp 3lach ma youslenich el ich3ar ki yjaoubni 3aml?,app_question,none,synth
وين نلأى تكوين في النجاره؟,out_of_scope,none,synth
ch7al tkelf khdema: el پarki ta3 lbit tkherb?,price_inquiry,carpenter,synth
الجنان محتاج تنقيه وقازون جديد,out_of_scope,none,synth
يعطيكم الصحة، نحوس cuisiniere ناشط في Ouargla,find_worker,caterer,synth
nqel bianou mn ltabq lrab3 wmazal ma lqitch li ysel7eha,find_worker,mover,synth
"bonjour, n7awes jardinier mli7 ytayye7li les mauvaises herbes",out_of_scope,none,synth
wach mn film zin ntefrejou lyoum?,out_of_scope,none,synth
cas urgent: tabbakha tji ttayeb f dar,urgent_service,caterer,synth
rani n7awes 3la kahrabji f Bordj Bou Arreridj,find_worker,electrician,synth
نحوس على طبيب أسنان مليح في الشلف,out_of_scope,none,synth
ch7al tkelf khdema: nebghi sbagha ghrefa el atfal balouan chaba?,price_inquiry,painter,synth
صاحبي ههههه شابة,greeting_chitchat,none,synth
ياخو عندي نحب نبدل لون الصالون في الدار، واش نديار؟,find_worker,painter,synth
"slm, kifach neb3et demande de service?",app_question,none,synth
ch7al ykalefni wa7ed y3aweni f khedma f dar pour une journee,price_inquiry,none,synth
femme de menage l villa kol khemis ... chkoun ysal7hali?,find_worker,cleaner,synth
دلوني على بنّاء شاطر ومعأول,find_worker,mason,synth
kifech nchark f l3roud ta3 el khdemat?,app_question,none,synth
كيفاش نقيّم العامل بعد الخدمة,app_question,none,synth
cuisine en bois sur mesure 3awnouni,find_worker,carpenter,synth
"svp mécanicien f Tlemcen vite, embrayage yzle9",urgent_service,mechanic,synth
شحال يدير agent de nettoyage في Setif؟,price_inquiry,cleaner,synth
m3elich t9ouli kifech rah el t9es f lchlef?,out_of_scope,none,synth
بليز خياطة في الشلف دورك دورك، نحب نفصل كوستيم على ڨياسي,urgent_service,tailor,synth
ya khouya je cherche un menuisier à Mostaganem,find_worker,carpenter,synth
الله يخليكم نحب نكوموندي حلويات تقليدية للعرس ومقدرتش نلقى حل,urgent_service,caterer,synth
نحوس على طبيب أسنان مليح في عنابة,out_of_scope,none,synth
nettoyage des vitres ta3 villa 3awnouni,find_worker,cleaner,synth
"bonjour, nettoyage ta3 les bureaux w ma 3reftch win nrou7",find_worker,cleaner,synth
n7awes 3la appartement l kra f مستغانم,out_of_scope,none,synth
ya cheikh el tilifoun ta3i thers el aikran win nsel7ou?,out_of_scope,none,synth
نأل عفش عروسة واش نديار,find_worker,mover,synth
el kountour yde9 ki nche3lou zouj machinat!! n7taj wa7d yji fissa3,urgent_service,electrician,synth
نحتاج تركيب سونيري تاع الباب، شكون يعرف kahrabji مليح؟,find_worker,electrician,synth
win nel2a pizzeria mli7a f Blida?,out_of_scope,none,synth
يعطيكم الصحة، نحوس بلومبيي ناشط في تيارت,find_worker,plumber,synth
نسيت كلمة السر، واش نديار؟ بارك الله فيكم,app_question,none,synth
chkoun 3ando numero nta3 mason f Alger?,find_worker,mason,synth
ya kho les haies y7tajo taille chkoun ydirha?,out_of_scope,none,synth
les prix ta3 مول السودير f بجاية?,price_inquiry,welder,synth
ارجو المساعدة بسرعة، السيفون تاع التواليت خسر,urgent_service,plumber,synth
يعطيكم الصحة، نحوس خياط ناشط في تلمسان الله يخليك,find_worker,tailor,synth
wech lttebiq ykhedm bla anternat?,app_question,none,synth
chhal tkelf khdema: la clim ma tberdech?,price_inquiry,ac_repair,synth
راني نحوس على مول الكليمة في تلمسان,find_worker,ac_repair,synth
rani n7awes 3la plaquiste f Alger,find_worker,plasterer,synth
شحال تكلف خدمة: اللافابو راه يفويتي؟,price_inquiry,plumber,synth
voyant moteur allumé fel tableau w ma 3reftch win nrou7,find_worker,mechanic,synth
el tilifoun ta3i thers el aikran win nsel7ou?,out_of_scope,none,synth
صحا، نحوس على ريسطورون مليح للعشاء في باتنة,out_of_scope,none,synth
y3etik ls7a svp,greeting_chitchat,none,synth
كي نشعل الماشينة يطيح الضو!! نحتاج واحد يجي فيسع,urgent_service,electrician,synth
n7awes 3la ch9a llekra f ghredaia,out_of_scope,none,synth
شحال نخلص باش نصلح نحتاج طباخة لعرس مية نفر؟,price_inquiry,caterer,synth
ضركا دورك تحفيفة للأولاد گبل الدخول المدرسي,urgent_service,barber,synth
شحال السوم تاع واحد يعاونني في خدمة في الدار؟ ياخو,price_inquiry,none,synth
الله يخليكم الكناپي ولا مصفر من الاولاد ويحتاج غسيل عميق ومقدرتش نلقى حل,urgent_service,cleaner,synth
شحال تكلف خدمة: الطفل يحتاج يحفف قبل المدرسة؟,price_inquiry,barber,synth
نحتاج سباك يجي غدوة الصباح لـ عنابة,find_worker,plumber,synth
الكليمة تطلق ريحة كريهة شكون عندو حل,find_worker,ac_repair,synth
chkoun 3ando numero ta3 plombi f Constantine?,find_worker,plumber,synth
يا جماعة وين نشري الزرع والورد للجنان في بومرداس؟,out_of_scope,none,synth
نحول من وهران للعاصمة ونحتاج نقل العفش من فضلكم,find_worker,mover,synth
نگدر نلگى حلاگ يجي اليوم لـ الشلف؟,find_worker,barber,synth
عندي نديرو مارشات ڨدام باب الدار ونحتاج واحد يصلحهالي,find_worker,mason,synth
كيفاش نشارك في العروض تاع الخدمات,app_question,none,synth
3nedi n7taj tbakha l3ers mia nfer,find_worker,caterer,synth
el lh ykhelikm el klima ttel9 riha kriha wme9dertech nle9a 7l,urgent_service,ac_repair,synth
nhawes 3la tbib asnan mli7 f wheran,out_of_scope,none,synth
rahi 3nedi nheb ndiar fou blafoun blakou f el saloun w7asl,find_worker,plasterer,synth
من فضلكم الدرج الخشبي يزقزق ومازال ما لقيتش لي يصلحها,find_worker,carpenter,synth
combien coute un kahrabji,price_inquiry,electrician,synth
التلاجة ما تبردش والمأكلة تخسر شكون عندو حل,find_worker,appliance_repair,synth
sa7bi t7iati likm,greeting_chitchat,none,synth
dork dork la roue tneffes,urgent_service,mechanic,synth
dorka dork toute la maison sans courant,urgent_service,electrician,synth
cas urgent: toute la maison sans courant,urgent_service,electrician,synth
"svp technicien clim f Chlef vite, clim ydir bruit bizarre",urgent_service,ac_repair,synth
تحياتي ليكم,greeting_chitchat,none,synth
نحب نبدل لون الصالون شكون عندو حل,find_worker,painter,synth
راني نحوس على لي يصلح الكليمة في تيزي وزو وشكرا مسبگا,find_worker,ac_repair,synth
كيفاش نمسح الحساب تاعي؟ الله يخليك,app_question,none,synth
سلام، ضروك دورك الكناپي ولا مصفر من الاولاد ويحتاج غسيل عميق,urgent_service,cleaner,synth
lmikround mat fissa3 fissa3,urgent_service,appliance_repair,synth
wach kayen chi mol lsoudir 2rib mn ghredaia?,find_worker,welder,synth
نحتاج تريتور لفطور رمضان لعائلة كبيرة عاونوني,find_worker,caterer,synth
jardin m7etaj tne9ia w9azoun jdid,out_of_scope,none,synth
restaurant mli7 l le diner f Setif?,out_of_scope,none,synth
ارجو المساعدة بسرعة، الماشينة تاع الصابون ما تدورش,urgent_service,appliance_repair,synth
"svp plaquiste f Boumerdes vite, le placo tqawes mel humidité",urgent_service,plasterer,synth
راني نحوس على barbier في Annaba,find_worker,barber,synth
wach kayen soudor qrib meni f Skikda?,find_worker,welder,synth
n9edr nle9a coiffeur yji lyoum l Alger?,find_worker,barber,synth
طوفان الما في الكوزينة فيسع فيسع,urgent_service,plumber,synth
buffet pour fete de fiançailles wach ndir,find_worker,caterer,synth
وين نلڨى بيتزيريا مليحة في سكيكدة؟,out_of_scope,none,synth
recette ta3 couscous svp,out_of_scope,none,synth
واش هي الأسعار تاع مصلح تلاجات في ورقلة؟ بارك الله فيكم,price_inquiry,appliance_repair,synth
واش نقدر نخدم كعامل وكليان في نفس الوقت؟ بارك الله فيكم,app_question,none,synth
نحتاج technicien clim مليح في Chlef,find_worker,ac_repair,synth
devis approximatif: machine a laver ma tkhdemch?,price_inquiry,appliance_repair,synth
dlouni 3la moul el 7la2a chatr wme32oul,find_worker,barber,synth
"bonjour, 3andi mochkla f wifi ta3 djezzy",out_of_scope,none,synth
نحوس على ريسطورون مليح للعشاء في سكيكدة,out_of_scope,none,synth
je cherche un technicien clim à Boumerdes,find_worker,ac_repair,synth
mset3ejle: n7taj moul lblakou lyoum f skikda,urgent_service,plasterer,synth
ya3tik saha w chokran,greeting_chitchat,none,synth
نبغي نخيط قندورة للعيد فيسع فيسع,urgent_service,tailor,synth
chhal lsoum ta3 bennay?,price_inquiry,mason,synth
خويا كاين رطوبة وتقشير في سقف البيت شكون يجي يشوفها,find_worker,painter,synth
راني نحوس على peintre في Ouargla,find_worker,painter,synth
نحتاج مول البناء يجي غدوة الصباح لـ عنابة,find_worker,mason,synth
"arjou lmsa3da bser3a, ltabla ta3 lsaloun m7etaja tesli7",urgent_service,carpenter,synth
ديمناجمون كامل للدار!! نحتاج واحد يجي فيسع,urgent_service,mover,synth
bche7al lkhdema ta3 soudour t9eriba?,price_inquiry,welder,synth
الجبس تاع البيت طاح مع الشتا,find_worker,plasterer,synth
"bonjour, nebghi net3allem la couture kayen des cours?",out_of_scope,none,synth
بليز مول البناء في غرداية دورك دورك، نصب دالة جديدة,urgent_service,mason,synth
restaurant ghaya l le diner f Jijel?,out_of_scope,none,synth
ch7al taman bach ndir le portail khrej men blasstou?,price_inquiry,welder,synth
صحا، كيفاش نفعل الموقع باش يلقاوني العمال؟,app_question,none,synth
البورطاي ما عادش يتسكر مليح، شكون يعرف سودور مليح؟,find_worker,welder,synth
je cherche un لي يصلح الماشينات à بجاية,find_worker,appliance_repair,synth
شحال يكلف التلاجة ما تبردش والمأكلة تخسر؟,price_inquiry,appliance_repair,synth
شحال يدير ديمناجور في مستغانم,price_inquiry,mover,synth
3awnouni ta7fifa lel 3id w rani 7asel,urgent_service,barber,synth
win nqera lanjelizia fi el jzair el 3asma?,out_of_scope,none,synth
صاحبي تصبحو على خير,greeting_chitchat,none,synth
وين نلأى بيتزيريا مليحة في Oran؟ يعطيكم الصحة,out_of_scope,none,synth
drari y7afffo 9bel l3id men fadlkom,find_worker,barber,synth
نبغي وصفة كسكسي بالدجاج,out_of_scope,none,synth
وين نشري ماكينة خياطة جديدة في تلمسان؟,out_of_scope,none,synth
wach rak?,greeting_chitchat,none,synth
رتوش خفيف على روبة السهرة,find_worker,tailor,synth
les amis ma lgitch tabbakha disponible f Tiaret,find_worker,caterer,synth
wach mn film ghaya ntefrejou lyoum? rabi y7afdkom,out_of_scope,none,synth
kifach neb3et demande de service,app_question,none,synth
ch7al nkhalles bach nsale7 dalle jdida?,price_inquiry,mason,synth
ch7al nkhels bach nsel7 ltoumoubil ma t7ebch tche3l?,price_inquiry,mechanic,synth
شحال يدير coiffeur في Ghardaia؟,price_inquiry,barber,synth
chakhchoukha l mounasba n7taj tabbakha tawa dorka,urgent_service,caterer,synth
الكليمة تقطر الما في البيت، شكون يعرف مول الكليمة مليح,find_worker,ac_repair,synth
ma lqitch تريتور disponible f تيزي وزو,find_worker,caterer,synth
شحال السوم نتاع مول الصباغة؟,price_inquiry,painter,synth
combien coute un ماصون,price_inquiry,mason,synth
عندي الكوزينيار ما يشعلوش البلاكات تاعو,find_worker,appliance_repair,synth
"ya kho nsit klema lsr, wach ndiar?",app_question,none,synth
"3andi casser un mur w n7elou bab, chkoun ye3ref maçon mli7?",find_worker,mason,synth
"saha, win nel9a pizzeria mli7a f Setif?",out_of_scope,none,synth
ya khouya n7awes 3la appartement l kra f Blida,out_of_scope,none,synth
وين نلقى بيتزيريا مليحة في بسكرة,out_of_scope,none,synth
شحال يكلف الفنيترة ما تسكرش مليح؟,price_inquiry,carpenter,synth
interrupteur khasser chkoun 3ando solution ya kho,find_worker,electrician,synth
نحتاج عمال ينزلولي العفش من الطابق الخامس عاونوني,find_worker,mover,synth
ربي يحفظكم,greeting_chitchat,none,synth
دلوني على لحّام شاطر ومعقول,find_worker,welder,synth
n7awes 3la dentiste mli7 f Tiaret,out_of_scope,none,synth
wach kayen cuisiniere 9rib meni f Blida?,find_worker,caterer,synth
بشحال الخدمة نتاع مول الجبس تڨريبا,price_inquiry,plasterer,synth
les lampes yrigliw wa7edhom n7taj kahrabji tawa dorka,urgent_service,electrician,synth
douk dork cloison ba13 avec porte,urgent_service,plasterer,synth
3andi sbagha nta3 les portes,find_worker,painter,synth
نحوس على طبيب أسنان مليح في برج بوعريريج,out_of_scope,none,synth
douk dork coudre des rideaux occultants l chambre,urgent_service,tailor,synth
nheb net3allem la soudure kayen formation? w chokran,out_of_scope,none,synth
clima t9atter el ma,find_worker,ac_repair,synth
يعطيكم الصحة، نحوس كهربائي ناشط في برج بوعريريج والله غير حاصل,find_worker,electrician,synth
wach kayen reparateur machine a laver 9rib meni f Setif?,find_worker,appliance_repair,synth
شحال يدير مول الضو في بليدة؟,price_inquiry,electrician,synth
جاري ڨالي نسڨسي هنا على مول الطياب في عنابة,find_worker,caterer,synth
وين نشري الزرع والورد للجنان في Constantine؟,out_of_scope,none,synth
chhal ydir li yne9l lathath f blida,price_inquiry,mover,synth
الله يخليكم الباب تاع الكوزينة تكسر ومقدرتش نلقى حل,urgent_service,carpenter,synth
3awnouni repeindre la façade ta3 dar w rani 7asel,urgent_service,painter,synth
wach men film mli7 nchoufou lyoum? wallah ghir 7asel,out_of_scope,none,synth
نحوس على شقة للكراء في Boumerdes,out_of_scope,none,synth
الجنان محتاج تنگيه وگازون جديد,out_of_scope,none,synth
jebs ta3 plafond tah chwiya chkoun 3ando solution,find_worker,plasterer,synth
كيفاش نخدم بهاد التطبيق؟ يعطيكم الصحة,app_question,none,synth
besoin d un electricien serieux f Bordj Bou Arreridj,find_worker,electrician,synth
شحال يكلفني transport meubles لليوم كامل؟,price_inquiry,mover,synth
شحال يدير déménageur في Chlef؟,price_inquiry,mover,synth
نحتاج ماصون زين في برج بوعريريج,find_worker,mason,synth
wach hi las3ar ta3 moul el soudir f tizi wzou?,price_inquiry,welder,synth
combien coute un wa7ed y3aweni f khedma f dar?,price_inquiry,none,synth
يا شيخ نقدر نلقى مول الصباغة يجي اليوم لـ غرداية؟,find_worker,painter,synth
bslema rabi y7afdkom,greeting_chitchat,none,synth
راني نحوس على طباخة في وهران,find_worker,caterer,synth
كيفاش نگيّم العامل بعد الخدمة؟ وشكرا مسبگا,app_question,none,synth
نبغي نكوموندي حلويات تقليديه للعرس!! نحتاج واحد يجي فيسع,urgent_service,caterer,synth
kifach nes7ab compte ta3i?,app_question,none,synth
كيفاش نبعث طلب خدمة؟ وشكرا مسبقا,app_question,none,synth
"rani n7awes 3la khdema nkhedmeha, wech kayen blais?",out_of_scope,none,synth
nheb ميكانيكي yji lyoum l سكيكدة,find_worker,mechanic,synth
robinet y9atter ... chkoun ysal7hali,find_worker,plumber,synth
merci khouya,greeting_chitchat,none,synth
svp rampe d escalier en fer wach ndir,find_worker,welder,synth
وين نشري ماكينة خياطة جديدة في عنابة؟,out_of_scope,none,synth
les amis wach n9der nkoun worker w client f meme temps?,app_question,none,synth
ma l9itch wa7ed y3aweni f khedma f dar disponible f Jijel,find_worker,none,synth
ya kho win nel9a pizzeria mli7a f Skikda?,out_of_scope,none,synth
"y3etikm el s7a, nhawes mnouzii nacht f tlemsan",find_worker,carpenter,synth
win nel2a les demandes li b3aththom?,app_question,none,synth
راني نحوس على مول البناء في بليدة,find_worker,mason,synth
نحتاج سباك مليح في بجاية,find_worker,plumber,synth
واش نقدر نخدم كعامل وكليان في نفس الوقت,app_question,none,synth
نحوس على شڨة للكراء في Constantine,out_of_scope,none,synth
نحوس على ريسطورون مليح للعشاء في قسنطينة,out_of_scope,none,synth
"bliz najjar fi Mostaganem dork dork, nheb nrakeb bab riisia jdida",urgent_service,carpenter,synth
chhal el soum ta3 moul el 7la9a?,price_inquiry,barber,synth
ياخو راني نحوس على خدمة نخدمها، واش كاين بلايص؟,out_of_scope,none,synth
واش هي الأسعار تاع لي يدير الميناج في ڨسنطينة؟,price_inquiry,cleaner,synth
يعطيكم الصحة، نحوس عاملة تنظيف ناشط في جيجل,find_worker,cleaner,synth
واش هي الأسعار تاع مول السباكة في وهران؟,price_inquiry,plumber,synth
wech n9edr nkhedm k3aml wkelian fi nfes el w9et? merci,app_question,none,synth
degradé lel weld 3awnouni,find_worker,barber,synth
win nel2a pizzeria mli7a f Ouargla?,out_of_scope,none,synth
chkera yasser,greeting_chitchat,none,synth
lkouziniar ma yche3louch lblakat ta3ou chkoun 3nedou 7l,find_worker,appliance_repair,synth
صحا، نحوس جنايني يقلم الأشجار تاع الجنان,out_of_scope,none,synth
combien pour peindre le plafond?,price_inquiry,painter,synth
tseb7ou 3la khir svp,greeting_chitchat,none,synth
n9el machine a laver l etage men fadlkom,find_worker,mover,synth
الدار فيها الدار محتاجة تنظيف عميق من سيمانة كاملة,find_worker,cleaner,synth
وين كاين أأرب صيدلية في جيجل؟,out_of_scope,none,synth
يا خويا وين نلقى بيتزيريا مليحة في بجاية؟,out_of_scope,none,synth
ya khouya 3lach les notifications ma yjounich?,app_question,none,synth
الله يخليكم نهدمو حيط ونحلو باب ومگدرتش نلگى حل,urgent_service,mason,synth
n7awes jardinier ghaya ytayye7li les mauvaises herbes,out_of_scope,none,synth
فو بلافون مع اضاءة مخبية ومازال ما لقيتش لي يصلحها,find_worker,plasterer,synth
win nle9a ltlebat li b3ethtehm?,app_question,none,synth
la clim na2esha gaz!! chkoun yji fissa3?,urgent_service,ac_repair,synth
ياخو راهي عندي الكليمة تقطر الما في البيت وحاصل,find_worker,ac_repair,synth
نحب ننقل العفش لدار جديدة!! نحتاج واحد يجي فيسع,urgent_service,mover,synth
ch7al nkhels bach nsel7 fouit dou t7et lavabo?,price_inquiry,plumber,synth
nqedr nleqa kahrabaji yji lyoum l blida?,find_worker,electrician,synth
الكليمة تأطر الما في البيت، شكون يعرف تأني كليماتيزور مليح؟ ياخو,find_worker,ac_repair,synth
مستعجل: نحتاج مول الخياطة اليوم في سطيف,urgent_service,tailor,synth
يا خويا راني نحوس على خياطة في تيزي وزو,find_worker,tailor,synth
n7taj nzid bit foug lste7 fissa3 fissa3,urgent_service,mason,synth
وين نقرا لانجليزية في Batna؟,out_of_scope,none,synth
يعطيك الصحة بارك الله فيكم,greeting_chitchat,none,synth
كيفاش نديار كونت فيسبوك,out_of_scope,none,synth
sa7bi salut,greeting_chitchat,none,synth
3awnouni fenetre ma tetsakkarch zin w rani 7asel,urgent_service,carpenter,synth
راني نحوس على ماصون في الشلف,find_worker,mason,synth
chkoun 3ando numero ta3 tabbakha f Ouargla?,find_worker,caterer,synth
"3andi refaire le carrelage ta3 cuisine, chkoun ye3ref bennay mli7?",find_worker,mason,synth
rahi 3nedi rtouch khfif 3la rouba lshera w7asl,find_worker,tailor,synth
"slm, win nel9a pizzeria mli7a f Mostaganem?",out_of_scope,none,synth
راهي عندي ريحة كابل محروق وحاصل,find_worker,electrician,synth
besoin d un femme de ménage serieux f Mostaganem,find_worker,cleaner,synth
les amis n7eb nte3lem lkherba wach kayen tkouin?,out_of_scope,none,synth
ارجو المساعدة بسرعة، الروبيني يأطر,urgent_service,plumber,synth
kifach nfe3l el mou93 bach yle9aouni el 3mal? rabi y7afdkom,app_question,none,synth
devis approximatif: demenagement men Oran l Alger,price_inquiry,mover,synth
شكون عندو نيميرو تاع couturiere في Annaba؟ يعطيكم الصحة,find_worker,tailor,synth
"3andi nettoyage ta3 les bureaux, chkoun ye3ref femme de ménage mli7?",find_worker,cleaner,synth
شكون يركب سأي أوتوماتيك في الجنينة,out_of_scope,none,synth
سلام، شحال نخلص باش نصلح نحب نعلي حيط الحوش متر زيادة؟,price_inquiry,mason,synth
ya kho n7awes 3la dentiste ghaya f Ouargla,out_of_scope,none,synth
صاحبي نحوس على طبيب أسنان زين في وهران,out_of_scope,none,synth
حلاڨة في الدار لشيخ كبير ما يڨدرش يخرج واش نديار,find_worker,barber,synth
cas urgent: degradé lel weld,urgent_service,barber,synth
نحب نركب باب رئيسية جديدة بارك الله فيكم,find_worker,carpenter,synth
rahi 3nedi minaj asbou3i llefila w7asl,find_worker,cleaner,synth
نبغي نشري ماشينة صابون جديدة شحال السوم؟,out_of_scope,none,synth
وين نلقى بيتزيريا مليحة في جيجل؟,out_of_scope,none,synth
chhal ykelf el kounjilatour ma yjemdech?,price_inquiry,appliance_repair,synth
combien pour changer le cablage gdim? rabi y7afdkom,price_inquiry,electrician,synth
ch7al ykelfeni mikanisian llioum kamel?,price_inquiry,mechanic,synth
نحوس على ريسطورون مليح للعشاء في وهران,out_of_scope,none,synth
ch7al ykalefni menuisier pour une journee,price_inquiry,carpenter,synth
وين نلقى بيتزيريا مليحة في تيزي وزو؟,out_of_scope,none,synth
wach n2edr nset3eml lttebi2 kdif bla kount?,app_question,none,synth
n7taj wa7d yqes l7chich ta3 el jnan,out_of_scope,none,synth
نحب صباغة غرفة الأطفال بألوان شابة واش نديار,find_worker,painter,synth
شحال نخلص باش نصلح حلاقة في الدار لشيخ كبير ما يقدرش يخرج؟,price_inquiry,barber,synth
el bab l7didia khrejt mn blasteha wne7taj l7am dirket tawa,urgent_service,welder,synth
عندي حلاگة في الدار لشيخ كبير ما يگدرش يخرج ونحتاج واحد يصلحهالي,find_worker,barber,synth
"y3etikm el s7a, nhawes mikaniki nacht f wheran",find_worker,mechanic,synth
les amis urgence!! balustrade lel balcon f Jijel,urgent_service,welder,synth
مرحبا,greeting_chitchat,none,synth
شحال يكلفني sebbak لليوم كامل؟,price_inquiry,plumber,synth
ya cheikh depuis 3 jours 3andna la roue tneffes,find_worker,mechanic,synth
lma 7abs f dar kamel chkoun 3nedou 7l,find_worker,plumber,synth
البيسي تاعي ولا ثقيل بزاف واش نديار,out_of_scope,none,synth
kifach rah el jaw f Annaba?,out_of_scope,none,synth
chhal lsoum ta3 dhan?,price_inquiry,painter,synth
devis approximatif: voiture ma techa3lch? rabi y7afdkom,price_inquiry,mechanic,synth
شحال يكلفني مول السباكة لليوم كامل؟,price_inquiry,plumber,synth
chhal lsoum ta3 fam dou minaj? merci,price_inquiry,cleaner,synth
البيسي تاعي ولا ثگيل بزاف واش نديار؟,out_of_scope,none,synth
"3andi buffet pour fete de fiançailles, chkoun ye3ref cuisiniere mli7?",find_worker,caterer,synth
rani n7awes 3la plakist f Oran,find_worker,plasterer,synth
besoin d un agent de nettoyage serieux f Ouargla,find_worker,cleaner,synth
combien pour plafond placo tah mennou tarf?,price_inquiry,plasterer,synth
s7it khouya,greeting_chitchat,none,synth
l'appli gratuite wela payante? w chokran,app_question,none,synth
ضركا دورك الكليمة تطلق ريحة كريهة,urgent_service,ac_repair,synth
الكليمة ما تسخنش في الشتا ومازال ما لقيتش لي يصلحها,find_worker,ac_repair,synth
كسكسي لخمسين نفر لصدقة ومازال ما لقيتش لي يصلحها,find_worker,caterer,synth
lampe techmel w tetfa wa7edha 3awnouni,find_worker,electrician,synth
خويا الكليمه ما تسخنش في الشتا شكون يجي يشوفها,find_worker,ac_repair,synth
jari 9ali nse9si hna 3la moul lkhiata fi msetghanm,find_worker,tailor,synth
rani n7awes 3la demenageur f Oran,find_worker,mover,synth
ya kho n7awes 3la dentiste zin f Ouargla,out_of_scope,none,synth
بليز لي يصلح الماشينات في بومرداس ضركا ضركا، الميكروند مات,urgent_service,appliance_repair,synth
3awnouni reparation grille ta3 fenetre w rani 7asel,urgent_service,welder,synth
دورك دورك الديجونكتور يطيح ديما,urgent_service,electrician,synth
disjoncteur yti7 kol chwiya n7taj trisyan tawa dork,urgent_service,electrician,synth
chhal tkelf khdema: jbes es s9af tai7 chouia chouia?,price_inquiry,plasterer,synth
خويا نحب نبدل الروبينات تاع الكوزينة شكون يجي يشوفها,find_worker,plumber,synth
جاري االي نسأسي هنا على لي يصلح الماشينات في وهران,find_worker,appliance_repair,synth
n7awes 3la dentiste zin f Tizi Ouzou ya kho,out_of_scope,none,synth
عندي الحيوط مخبشين ونحتاجو تصليح وصباغة,find_worker,painter,synth
depuis 3 jours 3andna transport nta3 les affaires l dar jdida,find_worker,mover,synth
dork dork la clim tjemd wte7bes w7edha,urgent_service,ac_repair,synth
ch7al ykelf ldrej lkhchebi yze9ze9?,price_inquiry,carpenter,synth
يعطيكم الصحة، نحوس مول البلاكو ناشط في برج بوعريريج ياخو,find_worker,plasterer,synth
"ri7a kabl m7erou9, chkoun y3erf kahrabji mlih?",find_worker,electrician,synth
شحال السوم نتاع طباخة؟,price_inquiry,caterer,synth
الدار فيها التلاجة تدير صوت غريب من سيمانة كاملة,find_worker,appliance_repair,synth
el siaj el akhder ta3 el jnan y7etaj tqelim,out_of_scope,none,synth
نحب نركب باب رئيسية جديدة من فضلكم,find_worker,carpenter,synth
عندي السياج تاع الحديد تكسر ومحتاج سودير في الدار، واش نديار,find_worker,welder,synth
وين نلقى بيتزيريا مليحة في بجاية؟,out_of_scope,none,synth
ch7al ykelf n7taj tbakha l3ers mia nfer?,price_inquiry,caterer,synth
من فضلكم واش التطبيأ مجاني ولا بالخلاص؟,app_question,none,synth
tritour llekhtana nhar el jme3a wne7taj traiteur dirket tawa,urgent_service,caterer,synth
ya cheikh combien pour n9el machine a laver l etage?,price_inquiry,mover,synth
وين كاين أقرب صيدلية في الجزائر العاصمة,out_of_scope,none,synth
مستعجل: نحتاج مصلح تلاجات اليوم في سطيف,urgent_service,appliance_repair,synth
monter un mur en parpaing!! chkoun yji fissa3?,urgent_service,mason,synth
وين نشري ماكينة خياطة جديدة في سطيف؟,out_of_scope,none,synth
win nle9a bitziria mli7a f boumredas?,out_of_scope,none,synth
cas urgent: menage hebdomadaire,urgent_service,cleaner,synth
نحتاج كوافور مليح في غرداية,find_worker,barber,synth
صاحبي الجنان محتاج تنقية وقازون جديد,out_of_scope,none,synth
من فضلكم شحال السوم تاع لي يصلح الكليمة؟,price_inquiry,ac_repair,synth
الجبس تاع السقف تشقق ومحتاج تصليح شكون عندو حل,find_worker,plasterer,synth
ارجو المساعدة بسرعة، السياج تاع الحديد تكسر ومحتاج سودير,urgent_service,welder,synth
واش كاين شي بنّاء قريب من بليدة؟,find_worker,mason,synth
نحوس على طبيب أسنان زين في جيجل,out_of_scope,none,synth
construire un mur fel jardin n7taj bennay tawa douk,urgent_service,mason,synth
les prix ta3 bennay f Annaba?,price_inquiry,mason,synth
kifach nbeddel numero ta3i f compte? svp,app_question,none,synth
دورك دورك الكليمة تجمد وتحبس وحدها,urgent_service,ac_repair,synth
3nedi lma 7abs f dar kamel wne7taj wa7d ysel7ehali,find_worker,plumber,synth
نحوس جنايني يڨلم الأشجار تاع الجنان,out_of_scope,none,synth
bche7al el khdema ta3 li ysala7 clima t9eriba?,price_inquiry,ac_repair,synth
"bonjour, merci bcp",greeting_chitchat,none,synth
ارجو المساعدة بسرعة، نحتاج كوافور يجي للدار نهار العرس,urgent_service,barber,synth
صاحبي نحب نديار كوزينة خشب على اياس شكون عندو حل,find_worker,carpenter,synth
"slm, bche7al lkhdema ta3 coiffeur t9eriba?",price_inquiry,barber,synth
نحتاج أرفف للبيرو والله غير حاصل,find_worker,carpenter,synth
arrosage automatique lel jnina chkoun yrakbou? svp,out_of_scope,none,synth
شحال السوم تاع خياطة؟,price_inquiry,tailor,synth
شحال يكلف ترقيع الجاكيطة القديمة؟,price_inquiry,tailor,synth
devis approximatif: brushing w couleur f dar?,price_inquiry,barber,synth
فو بلافون مع اضاءة مخبية!!! نحتاج واحد يجي فيسع,urgent_service,plasterer,synth
wech hi el as3ar ta3 mol lblakou f boumredas?,price_inquiry,plasterer,synth
مستعجل: نحتاج tabbakha اليوم في Mostaganem,urgent_service,caterer,synth
وين نلأى الطلبات لي بعثتهم؟,app_question,none,synth
ch7al ydir khayat f Biskra?,price_inquiry,tailor,synth
"bonjour, chkoun 3nedou nimirou ta3 mikanisian fi ghredaia?",find_worker,mechanic,synth
kifach nfe3l lmou93 bach yle9aouni el 3mal?,app_question,none,synth
sa7bi ch7al prix nta3 abonnement par mois?,app_question,none,synth
شحال يكلف الاشتراك في الشهر؟ بارك الله فيكم,app_question,none,synth
راني نحوس على تريسيان في عنابة,find_worker,electrician,synth
كيفاه نشوف تقييمات العامل قبل ما نخدم معاه؟,app_question,none,synth
win nel9a les demandes li b3aththom,app_question,none,synth
n7eb wsefa kseksi baldejaj,out_of_scope,none,synth
ya khouya nheb soudor yji lyoum l Tizi Ouzou,find_worker,welder,synth
ya khouya wach ne9der nesta3mel l appli offline?,app_question,none,synth
les amis win nleqa tkouin fi el njara?,out_of_scope,none,synth
عاونوني! الطابلة نتاع الصالون محتاجة تصليح وراني حاصل والله غير حاصل,urgent_service,carpenter,synth
"el kountour yde9 ki nche3lou zouj machinat, chkoun y3erf kahrabaji mli7?",find_worker,electrician,synth
مستعجل: نحتاج لي يصلح الماشينات اليوم في تيزي وزو,urgent_service,appliance_repair,synth
n7taj taxi l aeroport ghedwa,out_of_scope,none,synth
caftan lel 3ers chkoun 3ando solution,find_worker,tailor,synth
شحال نخلص باش نصلح الشوفو ما يسخنش الما؟,price_inquiry,plumber,synth
traiteur pour mariage 100 personnes w ma 3reftch win nrou7,find_worker,caterer,synth
نحب وصفة كسكسي بالدجاج والله غير حاصل,out_of_scope,none,synth
نحتاج سودور يجي غدوة الصباح لـ وهران,find_worker,welder,synth
راني نحوس على كوافور في ورقلة,find_worker,barber,synth
شحال يكلفني مول البناء لليوم كامل؟,price_inquiry,mason,synth
خويا رتوش خفيف على روبة السهرة شكون يجي يشوفها,find_worker,tailor,synth
n7awes 3la dentiste ghaya f سطيف,out_of_scope,none,synth
porte en fer forgé lel 7ouch w ma 3reftch win nrou7,find_worker,welder,synth
n7taj kouafour yji lledar nhar el 3res 3aounouni,find_worker,barber,synth
الله يبارك عليكم ياخو,greeting_chitchat,none,synth
3andi tabbakha lel 3ers,find_worker,caterer,synth
ياخو وين نلقى بيتزيريا مليحة في الشلف؟,out_of_scope,none,synth
راني نحوس على خدمة نخدمها، واش كاين بلايص؟ الله يخليك,out_of_scope,none,synth
بشحال الخدمة تاع مول السباكة تڨريبا؟,price_inquiry,plumber,synth
devis approximatif: balustrade lel balcon?,price_inquiry,welder,synth
واش التطبيق مجاني ولا بالخلاص,app_question,none,synth
مرحبا يعطيكم الصحة,greeting_chitchat,none,synth
win kayen pharmacie 9riba f Tlemcen?,out_of_scope,none,synth
dork dork installation chauffe-eau jdid,urgent_service,plumber,synth
علاش ما يوصلنيش الإشعار كي يجاوبني عامل,app_question,none,synth
"3nedi n7taj nzid bit fou9 lste7 fi dar, wech ndiar",find_worker,mason,synth
وين نشري الزرع والورد للجنان في برج بوعريريج؟,out_of_scope,none,synth
douk dork nrakeb un lustre f salon,urgent_service,electrician,synth
n7taj li ydir el minaj yji ghodwa lsba7 l ghredaia,find_worker,cleaner,synth
ch7al ykelfeni électricien llioum kamel?,price_inquiry,electrician,synth
bche7al el khdema nta3 njar t9eriba,price_inquiry,carpenter,synth
devis approximatif: coupe degradé m3a trait?,price_inquiry,barber,synth
بشحال الخدمة تاع واحد يعاونني في خدمة في الدار تگريبا؟,price_inquiry,none,synth
rani nhawes 3la tabbakha f Bordj Bou Arreridj,find_worker,caterer,synth
cas urgent: prise ma7rou9a,urgent_service,electrician,synth
عندي نحب نبدل الروبينات تاع الكوزينة في الدار، واش نديار؟,find_worker,plumber,synth
besoin d un peintre serieux f Ouargla,find_worker,painter,synth
شحال تكلف خدمة: التلاجة ما تبردش والمأكلة تخسر؟,price_inquiry,appliance_repair,synth
لاباس عليكم؟ الله يخليك,greeting_chitchat,none,synth
تنظيف الفور والتلاجة والكوزينة الكل قبل رمضان فيسع فيسع,urgent_service,cleaner,synth
نبيع تيليفون سامسونج شبه جديد,out_of_scope,none,synth
الماشينة نتاع الصابون ما تدورش، شكون يعرف لي يصلح الماشينات مليح؟,find_worker,appliance_repair,synth
recharge gaz ta3 la clim w ma 3reftch win nrou7,find_worker,ac_repair,synth
transporter frigo w machine n7taj déménageur tawa dork,urgent_service,mover,synth
كيفاش نفعل الموأع باش يلأاوني العمال؟,app_question,none,synth
ريحة كابل محروق ومازال ما لقيتش لي يصلحها,find_worker,electrician,synth
clim ta3 tonobil ma tberredch ... chkoun ysal7hali? ya kho,find_worker,mechanic,synth
pc ta3i wela lourd yasser wach ndir,out_of_scope,none,synth
كيفاش نشوف تگييمات العامل گبل ما نخدم معاه؟,app_question,none,synth
n7eb nte3lem el kherba wach kayen tkouin?,out_of_scope,none,synth
drouk dork treqi3 ljakita el qdima,urgent_service,tailor,synth
devis approximatif: voyant moteur allumé fel tableau?,price_inquiry,mechanic,synth
construire un mur fel jardin,find_worker,mason,synth
urgence!!! tabbakha lel 3ers f Blida,urgent_service,caterer,synth
عندي التلاجة تدير صوت غريب في الدار، واش نديار؟,find_worker,appliance_repair,synth
الله يخليكم نحتاج تركيب كليمة جديدة ومأدرتش نلأى حل,urgent_service,ac_repair,synth
3andi grand menage ta3 printemps,find_worker,cleaner,synth
الطوموبيل تحبس في نص الطريگ عاونوني,find_worker,mechanic,synth
حلاقة في الدار لشيخ كبير ما يقدرش يخرج ونحتاج coiffeur ديركت توا,urgent_service,barber,synth
نحتاج كوافور يجي للدار نهار العرس ومازال ما لقيتش لي يصلحها,find_worker,barber,synth
واش التطبيگ يخدم بلا انترنات,app_question,none,synth
"3andi machine a laver tejri el ma men ta7t, chkoun ye3ref réparateur électroménager mli7?",find_worker,appliance_repair,synth
يعطيكم الصحة، نحوس ميكانيسيان ناشط في الشلف,find_worker,mechanic,synth
wech hi el as3ar ta3 khiata f ghredaia?,price_inquiry,tailor,synth
خويا نحب نديار پلاكار على قياس شكون يجي يشوفها,find_worker,carpenter,synth
نحتاج طياب للوليمة نهار السبت واش نديار,find_worker,caterer,synth
نحوس على شأة للكراء في سطيف,out_of_scope,none,synth
معليش تقولي كيفاش راه الطقس في Ouargla؟,out_of_scope,none,synth
rani n7awes 3la mol clima f Annaba,find_worker,ac_repair,synth
الماشينة نتاع الصابون تجري الما من تحت شكون عندو حل,find_worker,appliance_repair,synth
"3andi nettoyage profond, chkoun ye3ref فام دو ميناج mli7?",find_worker,cleaner,synth
svp 3nedi mchekla f el wifi ta3 djizi,out_of_scope,none,synth
عندي نقل عفش عروسة في الدار، واش نديار؟,find_worker,mover,synth
ch7al lsoum ta3 blakist?,price_inquiry,plasterer,synth
شحال السوم تاع لي ينقل الأثاث؟,price_inquiry,mover,synth
nheb ndiar fou blafoun blakou f lsaloun wne7taj blakist dirket tawa,urgent_service,plasterer,synth
3andi construire un garage f jardin,find_worker,mason,synth
من فضلكم علاش ما يوصلنيش الإشعار كي يجاوبني عامل؟,app_question,none,synth
win nle9a bitziria mli7a f Batna?,out_of_scope,none,synth
svp bn nuit khouya,greeting_chitchat,none,synth
شحال يدير لحّام في بليدة؟,price_inquiry,welder,synth
يا جماعة واش هي الأسعار تاع tabbakha في Biskra؟,price_inquiry,caterer,synth
win kayen a9reb sidlia fi batna?,out_of_scope,none,synth
cas urgent: cuisiniere ma tech3elch,urgent_service,appliance_repair,synth
repeindre la façade ta3 dar 3awnouni,find_worker,painter,synth
traiteur pour f tour ramadan n7taj cuisiniere tawa dork,urgent_service,caterer,synth
ya khouya portail ta3 garage mkasser wach ndir,find_worker,welder,synth
وين نشري الزرع والورد للجنان في Setif؟,out_of_scope,none,synth
نبغي نركب لافابو جديد في الحمام!!! نحتاج واحد يجي فيسع,urgent_service,plumber,synth
win nelqa pizzeria mli7a f Ouargla,out_of_scope,none,synth
الله يخليكم نحتاج كاميو صغير ننقل بيه الأثاث ومقدرتش نلقى حل,urgent_service,mover,synth
مرحبا بارك الله فيكم,greeting_chitchat,none,synth
machine a laver ma tkhdemch!!! chkoun yji fissa3?,urgent_service,appliance_repair,synth
شحال يكلف نحتاج كاميو صغير ننأل بيه الأثاث؟,price_inquiry,mover,synth
win nle9a bitziria mli7a f wre9la?,out_of_scope,none,synth
ch7al ykelf el achterak f lchher?,app_question,none,synth
معليش تقولي كيفاش راه الطقس في عنابة؟,out_of_scope,none,synth
شحال نخلص باش نصلح نحب نديار سياج حول الجنان؟,price_inquiry,mason,synth
3awnouni cache poutre en ba13 w rani 7asel,urgent_service,plasterer,synth
depuis 3 jours 3andna demenagement ta3 bureau,find_worker,mover,synth
kifach nbeddel lmhena ta3i f el broufil?,app_question,none,synth
"arjou el msa3da bser3a, n7taj tritour lfetour rmedan l3aila kbira",urgent_service,caterer,synth
3andi faux plafond ba13 f salon ya kho,find_worker,plasterer,synth
واش هي الأسعار تاع ميكانيكي في سطيف,price_inquiry,mechanic,synth
بليز ماصون في الجزائر العاصمة دورك دورك، نبنيو غرفة زيادة للضياف في الحوش,urgent_service,mason,synth
kifach nmes7 l7sab ta3i?,app_question,none,synth
شحال يدير 7addad في Ouargla؟,price_inquiry,welder,synth
شحال تكلف خدمة: نبغي نديار كارلاج جديد في الكوزينة؟,price_inquiry,mason,synth
نقدر نلقى سودور يجي اليوم لـ جيجل؟,find_worker,welder,synth
chkoun 3nedou nimirou ta3 mnouzii fi bjaia,find_worker,carpenter,synth
3lach les notifications ma yjounich?,app_question,none,synth
وين نشري الزرع والورد للجنان في سكيكدة,out_of_scope,none,synth
دلوني على مول الضو شاطر ومعأول,find_worker,electrician,synth
cas urgent: machine a laver ma tkhdemch,urgent_service,appliance_repair,synth
ch7al taman bach ndir changer le cablage 9dim?,price_inquiry,electrician,synth
سلام، كيفاش نبدل رگم تيليفوني في الكونت؟,app_question,none,synth
win kayen pharmacie 9riba f Setif?,out_of_scope,none,synth
win nle9a tkouin fi lnjara?,out_of_scope,none,synth
نحتاج مول السودير زين في برج بوعريريج,find_worker,welder,synth
جاري قالي نسقسي هنا على نجار في تلمسان,find_worker,carpenter,synth
كيفاش نخدم بهاد التطبيڨ؟ وشكرا مسبڨا,app_question,none,synth
sbagha nta3 les portes!! chkoun yji fissa3?,urgent_service,painter,synth
شحال نخلص باش نصلح نبغي نديار فو بلافون بلاكو في الصالون؟,price_inquiry,plasterer,synth
la clim tjamed w t7bes wa7edha!! chkoun yji fissa3? ya kho,urgent_service,ac_repair,synth
wech la7oual?,greeting_chitchat,none,synth
بشحال الخدمة نتاع كهربائي تقريبا؟,price_inquiry,electrician,synth
3awnouni caftan lel 3ers w rani 7asel,urgent_service,tailor,synth
mset3ejle: n7taj wa7d y3aweni f khdema fi eddar lyoum f Tlemcen,urgent_service,none,synth
صاحبي نڨل تلاجة وماشينة للطابڨ الثالث!! نحتاج واحد يجي فيسع,urgent_service,mover,synth
راني نحوس على خدمة نخدمها، واش كاين بلايص,out_of_scope,none,synth
ya kho chkera bezzaf,greeting_chitchat,none,synth
le platre ta3 plafond tcheqqeq n7taj mol l placo tawa dork,urgent_service,plasterer,synth
la machine ta3 lsaboun ma tdourch!! n7taj wa7d yji fissa3,urgent_service,appliance_repair,synth
comment ca marche l'application?,app_question,none,synth
نقدر نلقى واحد يعاونني في خدمة في الدار يجي اليوم لـ بجاية,find_worker,none,synth
شحال يدير ماصون في ورقلة؟,price_inquiry,mason,synth
porte mkessra!! chkoun yji fissa3?,urgent_service,carpenter,synth
شكون ربح الكان هاد العام؟ والله غير حاصل,out_of_scope,none,synth
راهي عندي نغطيو البيام تاع البلافون بالجبس وحاصل,find_worker,plasterer,synth
بشحال الخدمة تاع سودور تقريبا؟,price_inquiry,welder,synth
el lh ykhelikm lkountour ydeg ki nche3lou zouj machinat wmegdertech nlega 7l,urgent_service,electrician,synth
تنظيف الفور والتلاجة والكوزينة الكل قبل رمضان ومازال ما لقيتش لي يصلحها,find_worker,cleaner,synth
نحتاج منوزيي غايا في عنابة,find_worker,carpenter,synth
صاحبي كيفاش نڨيّم العامل بعد الخدمة؟,app_question,none,synth
"saha, el lh ybark 3likm",greeting_chitchat,none,synth
واش هي الأسعار تاع بنّاء في سكيكده؟,price_inquiry,mason,synth
ya cheikh win nle9a tkouin fi el njara?,out_of_scope,none,synth
نحوس على ريسطورون غايا للعشاء في سطيف,out_of_scope,none,synth
سلام، تحياتي ليكم,greeting_chitchat,none,synth
win nel9a pizzeria mli7a f مستغانم?,out_of_scope,none,synth
جاري ڨالي نسڨسي هنا على طباخة في مستغانم,find_worker,caterer,synth
وين نلقى بيتزيريا مليحة في سطيف,out_of_scope,none,synth
el mikround mat,find_worker,appliance_repair,synth
حالة مستعجلة: الدوش مقطوع الما,urgent_service,plumber,synth
"el drej el khchebi yzeqzeq, chkoun y3erf najjar mlih",find_worker,carpenter,synth
wach kayen plombier 9rib meni f Tizi Ouzou?,find_worker,plumber,synth
sa7bi changer le cablage 2dim n7taj electricien tawa dork,urgent_service,electrician,synth
"n7eb ncheri toumoubil mset3emla, wech tnes7ouni?",out_of_scope,none,synth
نحوس على شقة للكراء في تيزي وزو,out_of_scope,none,synth
el rouba t7etaj tdii9 mn ljnab 3aounouni,find_worker,tailor,synth
سلام خويا، واش من فيلم زين نتفرجو اليوم؟,out_of_scope,none,synth
نحتاج واحد يقص الحشيش تاع الجنان الله يخليك,out_of_scope,none,synth
drouk dork lave-vaisselle y7bes f nos,urgent_service,appliance_repair,synth
الكليمة تجري الما من الداخل عاونوني,find_worker,ac_repair,synth
slm ya kho,greeting_chitchat,none,synth
urgence!! femme de menage teji kol jem3a f قسنطينة,urgent_service,cleaner,synth
cuisiniere ma tech3elch wach ndir,find_worker,appliance_repair,synth
compte guest kifach ykhdem? rabi y7afdkom,app_question,none,synth
ya kho mset3ejle: n7taj wa7d y3aweni f khdema f dar lyoum f el chlef,urgent_service,none,synth
كيفاه نزيد تصاور لخدماتي,app_question,none,synth
شحال يكلف خياطة ريدو للصالون؟,price_inquiry,tailor,synth
واش كاين شي واحد يعاونني في خدمة في الدار قريب من تيزي وزو؟,find_worker,none,synth
ch7al ykalefni couturier pour une journee?,price_inquiry,tailor,synth
شحال تكلف خدمة: طباخة تطيب الشخشوخة لمناسبة,price_inquiry,caterer,synth
يا شيخ علاش ما يوصلنيش الإشعار كي يجاوبني عامل؟,app_question,none,synth
nheb nte3lem el kherba wach kayen tkouin?,out_of_scope,none,synth
kifah ndir compte facebook?,out_of_scope,none,synth
combien coute un tabbakha? w chokran,price_inquiry,caterer,synth
ياخو واش معنى الاشتراك برو للعامل؟,app_question,none,synth
الله يخليكم نبغي نصبغ الدار قبل العيد ومقدرتش نلقى حل,urgent_service,painter,synth
عندي نبغي نديار كارلاج جديد في الكوزينه في الدار، واش نديار؟,find_worker,mason,synth
3andi decor jebs fel plafond,find_worker,plasterer,synth
n9edr nle9a soudeur yji lyoum l Tlemcen?,find_worker,welder,synth
نحب نشري طوموبيل مستعملة، واش تنصحوني,out_of_scope,none,synth
معليش تقولي كيفاش راه الطقس في سطيف؟ بارك الله فيكم,out_of_scope,none,synth
واش هي الأسعار تاع نجار في الشلف؟,price_inquiry,carpenter,synth
وين نلأى الطلبات لي بعثتهم,app_question,none,synth
عندي تحفيفة وتدريج شاب للولد في الدار، واش نديار؟ يعطيكم الصحة,find_worker,barber,synth
nheb bennay yji lyoum l Chlef rabi y7afdkom,find_worker,mason,synth
صحا، وين نلڨى الطلبات لي بعثتهم؟,app_question,none,synth
شحال يدير خياطة في مستغانم؟,price_inquiry,tailor,synth
win nle9a bitziria mli7a fi tizi wzou?,out_of_scope,none,synth
حالة مستعجلة: تصليح سودير في السلم الحديدي,urgent_service,welder,synth
wach kayen mecanicien 9rib meni f Blida? svp,find_worker,mechanic,synth
جاري گالي نسگسي هنا على cuisiniere في Alger,find_worker,caterer,synth
واش هي الأسعار تاع لي يصلح الكليمة في تيزي وزو؟,price_inquiry,ac_repair,synth
كيفاش نفعل الموقع باش يلقاوني العمال,app_question,none,synth
wech m3ena lachterak brou lle3aml?,app_question,none,synth
wach ngedr nkhedm k3aml wkelian f nfes el wget? rabi y7afdkom,app_question,none,synth
تحفيفة للأولاد قبل الدخول المدرسي فيسع فيسع,urgent_service,barber,synth
عاونوني! نحب بورطاي حديد للغاراج وراني حاصل,urgent_service,welder,synth
"y3etikm ls7a, nhawes sebbak nacht f 3naba",find_worker,plumber,synth
dorka dork four ma yeskhonch,urgent_service,appliance_repair,synth
وين نشري الزرع والورد للجنان في ورقلة؟,out_of_scope,none,synth
win ncheri makina khiata jdida f 9sentina?,out_of_scope,none,synth
عندي مشكلة في الويفي تاع دجيزي يعطيكم الصحة,out_of_scope,none,synth
ch7al ykalefni barbier pour une journee?,price_inquiry,barber,synth
شحال يدير مول الجبس في مستغانم؟,price_inquiry,plasterer,synth
راهي عندي نبغي صباغة غرفة الأطفال بألوان شابة وحاصل,find_worker,painter,synth
شحال يكلف الماشينة تاع الصابون ما تدورش؟,price_inquiry,appliance_repair,synth
شحال نخلص باش نصلح نبغي نركب تريات في السقف؟,price_inquiry,electrician,synth
يا جماعة نحتاج واحد يگص الحشيش تاع الجنان,out_of_scope,none,synth
واش كاين شي مول السباكة قريب من برج بوعريريج؟,find_worker,plumber,synth
شحال يدير مول الجبس في برج بوعريريج,price_inquiry,plasterer,synth
devis approximatif: déplacer la clim l chambre okhra?,price_inquiry,ac_repair,synth
ch7al ydir plakist f Constantine?,price_inquiry,plasterer,synth
نحب نركب باب رئيسية جديدة عاونوني,find_worker,carpenter,synth
"bliz réparateur électroménager fi Chlef dorka dork, la machine ta3 lsaboun tjeri el ma mn t7et",urgent_service,appliance_repair,synth
عاونوني! نحتاج تنظيف الدار قبل ما نسكنو فيها وراني حاصل,urgent_service,cleaner,synth
دورك دورك تصليح سودير في السلم الحديدي,urgent_service,welder,synth
rani n7awes 3la mol clima f Boumerdes,find_worker,ac_repair,synth
chhal ydir sbagh f jijl?,price_inquiry,painter,synth
n7awes 3la dentiste mli7 f Ghardaia,out_of_scope,none,synth
ههههه شابة وشكرا مسبڨا,greeting_chitchat,none,synth
restaurant mli7 l le diner f Ouargla?,out_of_scope,none,synth
ch7al ykalefni wa7ed y3aweni f khedma f dar pour une journee?,price_inquiry,none,synth
نحب نركب لافابو جديد في الحمام شكون عندو حل,find_worker,plumber,synth
3andi le placo tqawes mel humidité,find_worker,plasterer,synth
يا خويا واش هي الأسعار تاع لي يدير الميناج في سكيكدة؟,price_inquiry,cleaner,synth
معليش تقولي كيفاه راه الطقس في سكيكدة؟,out_of_scope,none,synth
حالة مستعجلة: نديرو درابزين حديد للدرج,urgent_service,welder,synth
سلام، واش نقدر نلغي طلب بعثتو؟,app_question,none,synth
نهدمو حيط ونحلو باب فيسع فيسع,urgent_service,mason,synth
ch7al lsoum nta3 mol el klima?,price_inquiry,ac_repair,synth
ياخو بشحال الخدمة تاع reparateur climatiseur تقريبا؟,price_inquiry,ac_repair,synth
عندي نحب نبدل لون الصالون في الدار، واش نديار؟,find_worker,painter,synth
وين نشري الزرع والورد للجنان في تلمسان؟,out_of_scope,none,synth
"3andi interrupteur khasser, chkoun ye3ref electricien mli7?",find_worker,electrician,synth
دورك دورك نحتاج كاميو صغير ننگل بيه الأثاث,urgent_service,mover,synth
la roue tneffes w ma 3reftch win nrou7,find_worker,mechanic,synth
cas urgent: retouche pantalon twil wallah ghir 7asel,urgent_service,tailor,synth
khiata ridou llesaloun 3aounouni,find_worker,tailor,synth
n7awes 3la appartement l kra f Blida,out_of_scope,none,synth
خويا الجبس تاع البيت طاح مع الشتا شكون يجي يشوفها,find_worker,plasterer,synth
win kayen pharmacie qriba f Annaba?,out_of_scope,none,synth
نقل عفش عروسة من فضلكم,find_worker,mover,synth
جاري قالي نسقسي هنا على مول الطياب في بومرداس,find_worker,caterer,synth
ya kho dork dork construire un garage f jardin,urgent_service,mason,synth
wach kayen mikanisyan 9rib meni f Batna,find_worker,mechanic,synth
يا خويا شكون ربح الكان هاد العام؟,out_of_scope,none,synth
"3nedi ngel tlaja wmachina lletabg lthalth fi eddar, wech ndiar? wallah ghir 7asel",find_worker,mover,synth
3andi coupe pour les enfants avant la rentrée,find_worker,barber,synth
rani n7awes 3la demenageur f Skikda,find_worker,mover,synth
win ncheri lzre3 walourd llejnan fi 9sentina? ya kho,out_of_scope,none,synth
labas 3likm?,greeting_chitchat,none,synth
changer la fermeture ta3 pantalon men fadlkom,find_worker,tailor,synth
svp nheb femme de ménage yji lyoum l Tiaret,find_worker,cleaner,synth
ارجو المساعدة بسرعة، حلاقة في الدار لشيخ كبير ما يقدرش يخرج,urgent_service,barber,synth
mset3ejle: n7taj najjar lyoum fi Ouargla,urgent_service,carpenter,synth
صحا خويا والله غير حاصل,greeting_chitchat,none,synth
"arjou el msa3da bser3a, ndirou marchat qdam bab eddar",urgent_service,mason,synth
slm rabi y7afdkom,greeting_chitchat,none,synth
شحال نخلص باش نصلح الرطوبة ڨوست البلاكو تاع البيت؟,price_inquiry,plasterer,synth
wach neqder nesta3mel l appli offline?,app_question,none,synth
بليز تقني كليماتيزور في برج بوعريريج دوك دوك، الكليمة تقطر الما في البيت,urgent_service,ac_repair,synth
نحب نتعلم الحلاأة باش نحل صالون,out_of_scope,none,synth
ma l9itch reparateur climatiseur disponible f Chlef,find_worker,ac_repair,synth
installation sonnette ta3 el bab ... chkoun ysal7hali?,find_worker,electrician,synth
بشحال الخدمة تاع خياطة تقريبا؟,price_inquiry,tailor,synth
شحال نخلص باش نصلح سقف الغاراج طايح منو الاسمنت وباين الحديد,price_inquiry,mason,synth
eddar fiha nheb 7maia 7did llefnitrat mn simana kamla,find_worker,welder,synth
ma lqitch mol l placo disponible f Ouargla,find_worker,plasterer,synth
شحال السوم نتاع كوافور؟,price_inquiry,barber,synth
وين نشري ماكينة خياطة جديدة في Boumerdes؟,out_of_scope,none,synth
ch7al ykelf lachterak fi lchher?,app_question,none,synth
3nedi n7taj 3mal ynezlouli el 3fech mn el tabg el khams wne7taj wa7d ysel7ehali,find_worker,mover,synth
3awnouni four ma yeskhonch w rani 7asel,urgent_service,appliance_repair,synth
c'est quoi l'abonnement pro? merci,app_question,none,synth
jari 9ali nse9si hna 3la msel7 tlajat f brej bou3ririj,find_worker,appliance_repair,synth
bonsoir w chokran,greeting_chitchat,none,synth
embrayage yzle2 wach ndir,find_worker,mechanic,synth
مستعجل: نحتاج ميكانيسيان اليوم في تيارت,urgent_service,mechanic,synth
من فضلكم عندي نحب نفصل كوستيم على قياسي ونحتاج واحد يصلحهالي,find_worker,tailor,synth
wach lttebig mjani wla balkhelas? merci,app_question,none,synth
nebghi nte3lem lkhiata wech kayen tkouin 9rib?,out_of_scope,none,synth
حالة مستعجلة: الكارلاج تاع الحمام تڨلع وولى يجمع الما,urgent_service,mason,synth
نحب ننقل العفش لدار جديدة شكون عندو حل,find_worker,mover,synth
wach hi las3ar ta3 moul lsoudir fi bsekra?,price_inquiry,welder,synth
wach n9edr nleghi tleb b3ethtou?,app_question,none,synth
"svp bliz mason f Bejaia dork dork, 7it l7ouch mail wkhaifin yti7",urgent_service,mason,synth
nheb mecanicien yji lyoum l Jijel,find_worker,mechanic,synth
rahi 3nedi t9esir lkm ta3 el 9mija w7asl,find_worker,tailor,synth
بشحال الخدمة تاع حلاأ تأريبا؟,price_inquiry,barber,synth
chkoun rbe7 lkan had el 3am?,out_of_scope,none,synth
kifah nchouf tqiimat el 3aml qbel ma nkhedm m3ah?,app_question,none,synth
حالة مستعجلة: الضو يشعل ويطفي وحدو,urgent_service,electrician,synth
نبغي نشري ماشينة صابون جديدة شحال السوم؟ وشكرا مسبقا,out_of_scope,none,synth
win kayen a9reb sidlia f jijl?,out_of_scope,none,synth
عندي اللافيسال تحبس في نص البروغرام في الدار، واش نديار؟,find_worker,appliance_repair,synth
fenetre ma tetsakkarch zin n7taj najjar tawa drouk,urgent_service,carpenter,synth
besoin d un couturiere serieux f Blida,find_worker,tailor,synth
الدار فيها نحتاج نزيد بيت فوڨ السطح من سيمانة كاملة,find_worker,mason,synth
thanks,greeting_chitchat,none,synth
3nedi mchekla fi lwifi ta3 djizi,out_of_scope,none,synth
chkera bzaf,greeting_chitchat,none,synth
الله يخليكم السحاب تاع الجاكيطة خسر ومگدرتش نلگى حل ياخو,urgent_service,tailor,synth
يعطيكم الصحة، نحوس مول السباكة ناشط في سكيكدة بارك الله فيكم,find_worker,plumber,synth
7ala mset3ejla: el douch magtou3 lma,urgent_service,plumber,synth
نحتاج تنظيف الزجاج والفنيترات نتاع الفيلا ومازال ما لقيتش لي يصلحها,find_worker,cleaner,synth
traiteur pour f tour ramadan men fadlkom,find_worker,caterer,synth
يا شيخ نحب نكوموندي حلويات تقليدية للعرس عاونوني,find_worker,caterer,synth
chkera 3la el msa3da w chokran,greeting_chitchat,none,synth
صاحبي الله يخليكم ميناج أسبوعي للفيلا ومقدرتش نلقى حل,urgent_service,cleaner,synth
nhawes jnaini y9elm lachjar ta3 el jnan,out_of_scope,none,synth
صاحبي شحال يكلف الاشتراك في الشهر؟,app_question,none,synth
"rani nhawes 3la khdema nkhedmeha, wach kayen blais?",out_of_scope,none,synth
الروبيني يقطر من فضلكم,find_worker,plumber,synth
صحا، مرحبا,greeting_chitchat,none,synth
نحتاج مول الصباغة يجي غدوة الصباح لـ الشلف,find_worker,painter,synth
chkoun rbe7 el kan had el 3am?,out_of_scope,none,synth
"saha, ch7al rahi el sa3a?",out_of_scope,none,synth
نحتاج مول الصباغة مليح في تيزي وزو,find_worker,painter,synth
ya cheikh nebghi nte3lem el 7la9a bach n7el saloun,out_of_scope,none,synth
je cherche un mol clima à Tizi Ouzou,find_worker,ac_repair,synth
لاباس عليكم؟,greeting_chitchat,none,synth
win ncheri el zre3 walourd llejnan f blida?,out_of_scope,none,synth
3andi micro-onde mat,find_worker,appliance_repair,synth
win ncheri makina khiata jdida fi tlemsan?,out_of_scope,none,synth
راني نحوس على حلاق في ورقلة,find_worker,barber,synth
n7taj mnouzii mlih f ljzair el 3asma,find_worker,carpenter,synth
بليز ميكانيسيان في وهران دورك دورك، الاومبرياج يزلق,urgent_service,mechanic,synth
واش كاين شي حلاق قريب من ورقلة,find_worker,barber,synth
شحال نخلص باش نصلح ترقيع الجاكيطة القديمة؟,price_inquiry,tailor,synth
وين نشري ماكينة خياطة جديدة في ڨسنطينة؟,out_of_scope,none,synth
wech la7oual,greeting_chitchat,none,synth
"rani nhawes 3la khdema nkhedmeha, wech kayen blais?",out_of_scope,none,synth
kifech nmes7 el 7sab ta3i?,app_question,none,synth
"y3etikm ls7a, nhawes dhan nacht fi wreqla",find_worker,painter,synth
شحال يدير plombier في Tizi Ouzou؟ ياخو,price_inquiry,plumber,synth
شحال تكلف خدمة: السقف تاع البلاكو طاح منو طرف؟,price_inquiry,plasterer,synth
kifach rah el jaw f Mostaganem?,out_of_scope,none,synth
خويا تنظيف الفور والتلاجه والكوزينه الكل قبل رمضان شكون يجي يشوفها,find_worker,cleaner,synth
نحتاج فام دو ميناج مليح في تيارت,find_worker,cleaner,synth
نحتاج مرا تعاون ماما في قضيان الدار شكون عندو حل,find_worker,cleaner,synth
meuble ye7taj tsli7 fissa3 svp,urgent_service,carpenter,synth
شحال يكلف الكناپي ولا مصفر من الاولاد ويحتاج غسيل عميق؟,price_inquiry,cleaner,synth
n7awes 3la ch9a llekra fi wheran,out_of_scope,none,synth
ya kho wach hi las3ar ta3 najjar f Chlef?,price_inquiry,carpenter,synth
"saha, tarqi3 nta3 kachabiya!! chkoun yji fissa3?",urgent_service,tailor,synth
n7awes 3la tbib asnan mlih fi brej bou3ririj,out_of_scope,none,synth
شحال يدير لي يدير الميناج في تيارت؟,price_inquiry,cleaner,synth
نبغي نتعلم الخياطة واش كاين تكوين گريب؟,out_of_scope,none,synth
cas urgent: escalier en bois yzegzeg,urgent_service,carpenter,synth
cuisiniere ma tech3elch chkoun 3ando solution,find_worker,appliance_repair,synth
kifach rah el jaw f Tlemcen?,out_of_scope,none,synth
prof ta3 maths l les cours particuliers,out_of_scope,none,synth
يعطيكم الصحة، نحوس واحد يعاونني في خدمة في الدار ناشط في الشلف,find_worker,none,synth
je cherche un تريسيان à بسكرة,find_worker,electrician,synth
nheb maçon yji lyoum l Bordj Bou Arreridj w chokran,find_worker,mason,synth
nhawes 3la ristouroun zin lle3cha fi brej bou3ririj,out_of_scope,none,synth
n7awes jardinier mli7 ytayye7li les mauvaises herbes svp,out_of_scope,none,synth
svp nheb ndir porte blindée fissa3 svp,urgent_service,welder,synth
"slm, thanks",greeting_chitchat,none,synth
balustrade lel balcon 3awnouni,find_worker,welder,synth
نحوس على طبيب أسنان مليح في باتنه,out_of_scope,none,synth
n7awes astad y3eti drous khsousia fi lriadiat,out_of_scope,none,synth
"3andi pression nta3 el ma dai3fa bezzaf, chkoun ye3ref plombi ghaya",find_worker,plumber,synth
البيسي تاعي ولا ثأيل بزاف واش نديار؟ ياخو,out_of_scope,none,synth
"slm, menage ba3d la fete men fadlkom",find_worker,cleaner,synth
سلام، بليز طباخة في سكيكدة دوك دوك، طباخة تطيب الشخشوخة لمناسبة,urgent_service,caterer,synth
sa7bi 3andi mochkla f wifi ta3 djezzy,out_of_scope,none,synth
n7awes 3la appartement l kra f Mostaganem,out_of_scope,none,synth
devis approximatif: lave-vaisselle y7bes f nos? ya kho,price_inquiry,appliance_repair,synth
meuble ye7taj tsli7 3awnouni wallah ghir 7asel,find_worker,carpenter,synth
t7iati likm rabi y7afdkom,greeting_chitchat,none,synth
combien pour placo avec spots led?,price_inquiry,plasterer,synth
wech el ttebi9 ykhedm bla anternat?,app_question,none,synth
الكليمة تجمد وتحبس وحدها فيسع فيسع,urgent_service,ac_repair,synth
changer le cablage 2dim chkoun 3ando solution,find_worker,electrician,synth
بليز مول الطياب في سكيكدة دورك دورك، نحب نكوموندي حلويات تأليدية للعرس بارك الله فيكم,urgent_service,caterer,synth
كيفاش نخدم بهاد التطبيق؟,app_question,none,synth
نحتاج traiteur مليح في Ouargla,find_worker,caterer,synth
fuite d'eau f la cuisine fissa3 svp ya kho,urgent_service,plumber,synth
صباغة الأبواب والفنيترات!! نحتاج واحد يجي فيسع وشكرا مسبأا,urgent_service,painter,synth
eddar fiha plafond nta3 lblakou ta7 mnou tref mn simana kamla merci,find_worker,plasterer,synth
transporter frigo w machine n7taj ناقل العفش tawa dorka,urgent_service,mover,synth
"y3etikm el s7a, nhawes t9eni klimatizour nacht f bjaia",find_worker,ac_repair,synth
وين نلڨى بيتزيريا مليحة في بسكرة,out_of_scope,none,synth
refaire le carrelage ta3 cuisine,find_worker,mason,synth
دلوني على mol clima شاطر ومعأول,find_worker,ac_repair,synth
الاومبرياج يزلق,find_worker,mechanic,synth
ارجو المساعدة بسرعة، نحتاج مرا تعاون ماما في گضيان الدار,urgent_service,cleaner,synth
kifach nchark fi el 3roud ta3 el khdemat?,app_question,none,synth
n7taj dhan mli7 fi skikda ya kho,find_worker,painter,synth
chkoun 3ando numero ta3 sebbagh f Tiaret,find_worker,painter,synth
نحوس وصفة طاجين حلو للعيد والله غير حاصل,out_of_scope,none,synth
je cherche un menuisier à Bordj Bou Arreridj,find_worker,carpenter,synth
يا جماعة ههههه شابة,greeting_chitchat,none,synth
n7taj blakist mlih fi bjaia,find_worker,plasterer,synth
واش التطبيڨ مجاني ولا بالخلاص؟ والله غير حاصل,app_question,none,synth
صحيت خويا بارك الله فيكم,greeting_chitchat,none,synth
lave-vaisselle y7bes f nos,find_worker,appliance_repair,synth
ch7al taman bach ndir chakhchoukha l mounasba?,price_inquiry,caterer,synth
kifah neb3et demande de service? ya kho,app_question,none,synth
ltilifoun ta3i thers laikran win nsel7ou?,out_of_scope,none,synth
خويا ديمناجمون كامل للدار شكون يجي يشوفها,find_worker,mover,synth
شحال يكلف نحب ننأل العفش لدار جديدة؟,price_inquiry,mover,synth
كيفاش نفعل الموگع باش يلگاوني العمال؟ بارك الله فيكم,app_question,none,synth
"saha, nb7ath 3la babysitter l wladi",out_of_scope,none,synth
dorka dork peinture ta3 chambre d'enfants,urgent_service,painter,synth
شحال يدير مول الصباغة في برج بوعريريج؟,price_inquiry,painter,synth
je cherche un مول الطياب à بجاية,find_worker,caterer,synth
"bonjour, urgence!! changer le cablage 2dim f Ouargla",urgent_service,electrician,synth
البورطاي ما عادش يتسكر مليح!! نحتاج واحد يجي فيسع بارك الله فيكم,urgent_service,welder,synth
ch7al rahi el sa3a? rabi y7afdkom,out_of_scope,none,synth
نحتاج مول الحلاقة مليح في مستغانم,find_worker,barber,synth
chhal tkelf khdema: 7la9a el l7ia walte7did,price_inquiry,barber,synth
"svp 7addad f Skikda vite, balustrade lel balcon",urgent_service,welder,synth
wech hi el as3ar nta3 sebbak f msetghanm?,price_inquiry,plumber,synth
تنظيف بعد خدمة البناء من فضلكم,find_worker,cleaner,synth
نحتاج واحد يعاونني في خدمة في الدار مليح في باتنة,find_worker,none,synth
n7awes 3la appartement l kra f Chlef,out_of_scope,none,synth
تحياتي ليكم وشكرا مسبقا,greeting_chitchat,none,synth
wach men film mli7 nchoufou lyoum? ya kho,out_of_scope,none,synth
bche7al lkhdema ta3 njar tgeriba?,price_inquiry,carpenter,synth
lsiaj el akhder ta3 el jnan y7etaj t9elim,out_of_scope,none,synth
lbisi ta3i wla th9il bezzaf wech ndiar?,out_of_scope,none,synth
صاحبي عاونوني! راسي شعث بزاف ونحتاج نحفف وراني حاصل,urgent_service,barber,synth
الكليمة ناقصها غاز واش نديار,find_worker,ac_repair,synth
degradé lel weld ... chkoun ysal7hali?,find_worker,barber,synth
شحال تكلف خدمة: نحتاج عمال ينزلولي العفش من الطابق الخامس؟,price_inquiry,mover,synth
lave-vaisselle y7bes f nos w ma 3reftch win nrou7,find_worker,appliance_repair,synth
el bisi ta3i wla th9il bzzzaf wach ndiar?,out_of_scope,none,synth
شحال يدير مول الخياطة في تيارت؟,price_inquiry,tailor,synth
معليش تأولي كيفاش راه الطأس في الجزائر العاصمة؟,out_of_scope,none,synth
يا خويا عندي مشكلة في الويفي تاع دجيزي,out_of_scope,none,synth
ch7al ykalefni ميكانيسيان pour une journee?,price_inquiry,mechanic,synth
depuis 3 jours 3andna camion sghir bach nne9lou les meubles,find_worker,mover,synth
n7awes 3la appartement l kra f Skikda rabi y7afdkom,out_of_scope,none,synth
"arjou el msa3da bser3a, n7eb nkoumoundi 7louiat t2elidia lle3res",urgent_service,caterer,synth
تنظيف الفور والتلاجة والكوزينة الكل قبل رمضان من فضلكم,find_worker,cleaner,synth
chkoun rbe7 el kan had el 3am,out_of_scope,none,synth
نحب نديار باب حديد للحوش ومازال ما لقيتش لي يصلحها,find_worker,welder,synth
tarqi3 ta3 kachabiya ... chkoun ysal7hali?,find_worker,tailor,synth
win nechri gazon w les plantes f Setif?,out_of_scope,none,synth
les haies y7tajo taille chkoun ydirha?,out_of_scope,none,synth
حفرة كبيرة في حيط الجبس من فضلكم,find_worker,plasterer,synth
شحال نخلص باش نصلح الباب الحديدية خرجت من بلاصتها؟,price_inquiry,welder,synth
تركيب بلاكو بلاتر مع السبوتات من فضلكم,find_worker,plasterer,synth
مستعجل: نحتاج ميكانيكي اليوم في قسنطينة,urgent_service,mechanic,synth
وين نلقى بيتزيريا مليحة في Mostaganem؟,out_of_scope,none,synth
ltlaja ma tberdech walmakla tkhesr wne7taj reparateur machine a laver dirket tawa,urgent_service,appliance_repair,synth
نبغي نتعلم الحلاگة باش نحل صالون,out_of_scope,none,synth
شحال تكلف خدمة: نبغي نصبغ الدار قبل العيد؟,price_inquiry,painter,synth
الباب تاع الكوزينة تكسر، شكون يعرف منوزيي مليح؟,find_worker,carpenter,synth
حالة مستعجلة: نحتاج كاميو صغير ننقل بيه الأثاث,urgent_service,mover,synth
gateaux traditionnels lel 3ers chkoun 3ando solution svp,find_worker,caterer,synth
"saha, n7awes jardinier mli7 ytayye7li les mauvaises herbes",out_of_scope,none,synth
nheb nzid prise jdida fi el birou!! n7taj wa7d yji fissa3 merci,urgent_service,electrician,synth
combien pour couscous l 50 personnes lel sada9a?,price_inquiry,caterer,synth
cas urgent: porte mkessra,urgent_service,carpenter,synth
شحال نخلص باش نصلح نديرو حيط بلاكو نأسمو بيه البيت؟,price_inquiry,plasterer,synth
kifach nghayyer profession fel compte ta3i?,app_question,none,synth
ارجو المساعدة بسرعة، تريتور للختانة نهار الجمعة,urgent_service,caterer,synth
kseksi lkhemsin nfer lsedqa fissa3 fissa3,urgent_service,caterer,synth
نقدر نلقى واحد يعاونني في خدمة في الدار يجي اليوم لـ الشلف؟,find_worker,none,synth
"ltoumoubil tdekhn dkhan k7el, chkoun y3erf mol el mikanik mli7?",find_worker,mechanic,synth
les amis nheb wsefa kseksi baldejaj,out_of_scope,none,synth
يعطيكم الصحة، نحوس najjar ناشط في Ouargla,find_worker,carpenter,synth
نبغي نصبغ الدار قبل العيد واش نديار,find_worker,painter,synth
chkoun 3ando numero ta3 couturier f Boumerdes?,find_worker,tailor,synth
wech n9edr nleghi tleb b3ethtou,app_question,none,synth
rideaux lel salon sur mesure w ma 3reftch win nrou7,find_worker,tailor,synth
خويا نبغي نخبي الكابلاج بحيط بلاكو شكون يجي يشوفها والله غير حاصل,find_worker,plasterer,synth
n7awes 3la appartement l kra f Ghardaia,out_of_scope,none,synth
sbagha el abouab walfenitrat!! n7taj wa7d yji fissa3,urgent_service,painter,synth
سلام، شحال يكلفني بنّاء لليوم كامل؟,price_inquiry,mason,synth
dork dork la voiture t7bes f nos tri9,urgent_service,mechanic,synth
"bliz mikaniki fi msetghanm douk dork, laoumberiaj yzel9",urgent_service,mechanic,synth
نفض الغبرة ومسح البلاط تاع الفيلا شكون عندو حل,find_worker,cleaner,synth
n7awes 3la dentiste mli7 f سطيف,out_of_scope,none,synth
عندي ڨنوات الما تاع الدار ڨدام يسڨطو في الدار، واش نديار,find_worker,plumber,synth
كيفاه نبعث طلب خدمة؟,app_question,none,synth
n7taj bloumbi mlih f boumredas,find_worker,plumber,synth
يعطيكم الصحة، نحوس mason ناشط في Blida,find_worker,mason,synth
wach kayen menuisier qrib meni f Batna?,find_worker,carpenter,synth
يعطيكم الصحة، نحوس سودور ناشط في گسنطينة,find_worker,welder,synth
les amis ya3tik saha,greeting_chitchat,none,synth
llh ykhelikm kseksi lkhemsin nfer lsed9a wme9dertech nle9a 7l,urgent_service,caterer,synth
installer des spots fel plafond w ma 3reftch win nrou7,find_worker,electrician,synth
location camion m3a demenageurs men fadlkom,find_worker,mover,synth
ya khouya kifach neb3et demande de service?,app_question,none,synth
شحال السوم تاع coiffeur,price_inquiry,barber,synth
"bonjour, win ncheri blakat blakou baljemla?",out_of_scope,none,synth
سلام خويا، كاين رطوبة وتقشير في سقف البيت!! نحتاج واحد يجي فيسع,urgent_service,painter,synth
ta7fifa w l7ya n7taj مول الحلاقة tawa dork,urgent_service,barber,synth
les prix nta3 khayat f Tizi Ouzou?,price_inquiry,tailor,synth
عاونوني! الضو مقطوع في الدار كامل وراني حاصل,urgent_service,electrician,synth
"ya kho rani n7awes 3la khdema nkhedmeha, wach kayen blais?",out_of_scope,none,synth
ch7al ydir peintre f Jijel?,price_inquiry,painter,synth
ch7al rahi lsa3a?,out_of_scope,none,synth
urgence!! douche ma fihach el ma f Oran,urgent_service,plumber,synth
ch7al ykalefni sebbagh pour une journee?,price_inquiry,painter,synth
ch7al ykalefni لي يصلح الكليمة pour une journee?,price_inquiry,ac_repair,synth
lsiaj el akhder ta3 el jnan y7etaj tqelim,out_of_scope,none,synth
وين نشري ماكينة خياطة جديدة في تيزي وزو؟,out_of_scope,none,synth
ya khouya machine a laver ma tkhdemch men fadlkom,find_worker,appliance_repair,synth
واش نگدر نلغي طلب بعثتو؟ ياخو,app_question,none,synth
نقدر نلقى سباك يجي اليوم لـ الجزائر العاصمة؟,find_worker,plumber,synth
شحال يكلفني ناقل العفش لليوم كامل؟,price_inquiry,mover,synth
الله يخليكم الموتور يسخن بزاف ومقدرتش نلقى حل,urgent_service,mechanic,synth
شحال يكلف جبس السقف طايح شوية شوية؟ بارك الله فيكم,price_inquiry,plasterer,synth
3aounouni! tnedif el moukit walkenaپi wrani 7asl,urgent_service,cleaner,synth
chhal ykelfeni réparateur électroménager llioum kamel,price_inquiry,appliance_repair,synth
chhal ykelf n7taj tarkib klima jdida?,price_inquiry,ac_repair,synth
نحب نديار قفص حديد فوق السطح فيسع فيسع,urgent_service,welder,synth
نحوس على ريسطورون مليح للعشاء في تيارت,out_of_scope,none,synth
نحب نشري ماشينة صابون جديدة شحال السوم؟ يعطيكم الصحة,out_of_scope,none,synth
slam 3likm,greeting_chitchat,none,synth
نبدلو الدار الشهر الجاي ونحتاجو نقل القش ومازال ما لقيتش لي يصلحها بارك الله فيكم,find_worker,mover,synth
"saha, kifach n3ayet l worker apres la mission?",app_question,none,synth
نحتاج ميكانيكي غايا في وهران,find_worker,mechanic,synth
je cherche un réparateur électroménager à Setif,find_worker,appliance_repair,synth
les prix ta3 électricien f Mostaganem?,price_inquiry,electrician,synth
سلام خويا، تحياتي ليكم,greeting_chitchat,none,synth
win nechri gazon w les plantes f Mostaganem?,out_of_scope,none,synth
nettoyage ta3 dar kamla 3awnouni,find_worker,cleaner,synth
سلام، واش نقدر نخدم كعامل وكليان في نفس الوقت؟,app_question,none,synth
mset3ejle: n7taj blakist lyoum fi boumredas,urgent_service,plasterer,synth
السياج الأخضر تاع الجنان يحتاج تقليم الله يخليك,out_of_scope,none,synth
ارجو المساعدة بسرعة، نحتاج تركيب سونيري تاع الباب,urgent_service,electrician,synth
بشحال الخدمة تاع مول البلاكو تقريبا,price_inquiry,plasterer,synth
يعطيكم الصحة، نحوس بنّاء ناشط في تلمسان,find_worker,mason,synth
cas urgent: portail ta3 garage mkasser,urgent_service,welder,synth
chkoun 3nedou nimirou nta3 li yneql lathath fi bsekra?,find_worker,mover,synth
wach ne2der nesta3mel l appli offline,app_question,none,synth
3andi porte en fer forgé lel 7ouch,find_worker,welder,synth
l'appli gratuite wela payante?,app_question,none,synth
شحال السوم تاع soudeur,price_inquiry,welder,synth
ya khouya kifach ndir compte facebook?,out_of_scope,none,synth
la voiture t7bes f nos triq wach ndir ya kho,find_worker,mechanic,synth
نبدلو الدار الشهر الجاي ونحتاجو نڨل الڨش ونحتاج لي ينڨل الأثاث ديركت توا,urgent_service,mover,synth
نحب وصفه كسكسي بالدجاج,out_of_scope,none,synth
chhal nkhels bach nsel7 tdiiq lqmija mn el jnab bach tji 3la lqd?,price_inquiry,tailor,synth
chhal rahi el sa3a?,out_of_scope,none,synth
wech n9edr nleghi tleb b3ethtou? rabi y7afdkom,app_question,none,synth
نحتاج واحد يقص الحشيش تاع الجنان ياخو,out_of_scope,none,synth
وين نشري ماكينة خياطة جديدة في وهران؟,out_of_scope,none,synth
جاري گالي نسگسي هنا على menage في Mostaganem,find_worker,cleaner,synth
ya kho urgence!! les freins ydiro bruit f Bordj Bou Arreridj,urgent_service,mechanic,synth
les amis nebghi nechri machine a laver jdida ch7al?,out_of_scope,none,synth
جاري قالي نسقسي هنا على tabbakha في Skikda الله يخليك,find_worker,caterer,synth
شحال السوم تاع كوافور؟,price_inquiry,barber,synth
مستعجل: نحتاج طباخة اليوم في باتنة,urgent_service,caterer,synth
"3nedi el bab l7didia khrejt mn blasteha fi eddar, wach ndiar?",find_worker,welder,synth
ya khouya machine a laver ma tkhdemch!! chkoun yji fissa3?,urgent_service,appliance_repair,synth
ya cheikh n2edr nle2a mol el jbes yji lyoum l batna?,find_worker,plasterer,synth
urgence!! peinture ta3 dar kamla f Boumerdes,urgent_service,painter,synth
يعطيكم الصحة، نحوس ميكانيكي ناشط في باتنة,find_worker,mechanic,synth
يا خويا دلوني على عاملة تنظيف شاطر ومعقول,find_worker,cleaner,synth
les prix ta3 طباخة f تلمسان?,price_inquiry,caterer,synth
عندي لاباتري راهي ميتة في الدار، واش نديار؟,find_worker,mechanic,synth
chhal rahi lsa3a?,out_of_scope,none,synth
n7eb dikour jbes fi es s9af!! n7taj wa7d yji fissa3,urgent_service,plasterer,synth
نحوس على طبيب أسنان مليح في سكيكدة,out_of_scope,none,synth
chkoun 3ando numero ta3 plakist f Ghardaia? wallah ghir 7asel,find_worker,plasterer,synth
شحال يكلفني electricien لليوم كامل؟,price_inquiry,electrician,synth
نحتاج واحد يڨص الحشيش تاع الجنان,out_of_scope,none,synth
chkoun yrekb s9i aoutoumatik fi ljnina,out_of_scope,none,synth
win nechri machine a coudre f تيزي وزو?,out_of_scope,none,synth
frigo ydir bruit bizarre wach ndir,find_worker,appliance_repair,synth
بشحال الخدمة تاع ناقل العفش تقريبا؟,price_inquiry,mover,synth
chkoun 3ando numero nta3 peintre f Annaba,find_worker,painter,synth
3andi meuble ye7taj tsli7,find_worker,carpenter,synth
نحوس جنايني يقلم الأشجار نتاع الجنان,out_of_scope,none,synth
راهي عندي جبس السقف طايح شوية شوية وحاصل,find_worker,plasterer,synth
سلام، كيفاش نفعل الموقع باش يلقاوني العمال؟,app_question,none,synth
وين كاين أقرب صيدلية في Chlef؟,out_of_scope,none,synth
ya khouya n7eb bourtai 7did llegharaj wmazal ma l2itch li ysel7eha,find_worker,welder,synth
واش معنى الاشتراك برو للعامل؟ وشكرا مسبقا,app_question,none,synth
كيفاش نزيد تصاور لخدماتي؟ والله غير حاصل,app_question,none,synth
n9el bianou mn el tab9 lrab3 fissa3 fissa3,urgent_service,mover,synth
شحال يكلف ضو تاع الموتور شاعل في الطابلو؟,price_inquiry,mechanic,synth
rani nhawes 3la fam dou minaj fi batna,find_worker,cleaner,synth
بليز بنّاء في ورقلة ضركا ضركا، نديرو مارشات قدام باب الدار,urgent_service,mason,synth
سلام، نحب نصبغ الدار گبل العيد، شكون يعرف دهان مليح؟,find_worker,painter,synth
porte en fer forgé lel 7ouch wach ndir,find_worker,welder,synth
شحال يكلف نقل تلاجة وماشينة للطابق الثالث,price_inquiry,mover,synth
الكليمة تطلق ريحة كريهة فيسع فيسع,urgent_service,ac_repair,synth
wach neqder ncancel demande b3aththa,app_question,none,synth
combien pour nettoyage nta3 dar ba3d le demenagement?,price_inquiry,cleaner,synth
جاري ڨالي نسڨسي هنا على بلومبيي في الشلف,find_worker,plumber,synth
واش التطبيأ يخدم بلا انترنات؟,app_question,none,synth
الكليمة ما تبردش شكون عندو حل,find_worker,ac_repair,synth
نحتاج لي يدير الميناج يجي غدوة الصباح لـ برج بوعريريج,find_worker,cleaner,synth
وين نشري ماكينة خياطة جديدة في باتنة؟,out_of_scope,none,synth
nebghi n3eli 7it l7ouch mter ziada mn fdelkem,find_worker,mason,synth
بليز كوافور في الجزائر العاصمة دورك دورك، حلاقة في الدار لشيخ كبير ما يقدرش يخرج,urgent_service,barber,synth
نحوس على شقة للكراء في جيجل,out_of_scope,none,synth
win nel2a pizzeria mli7a f Jijel?,out_of_scope,none,synth
معليش تقولي كيفاه راه الطقس في Mostaganem؟,out_of_scope,none,synth
"saha, y3etikm ls7a, nhawes mol lkhiata nacht f tlemsan",find_worker,tailor,synth
ch7al nkhels bach nsel7 lkbout t9et3 mn lktef wme7taj rtouch?,price_inquiry,tailor,synth
3awnouni lampe techmel w tetfa wa7edha w rani 7asel,urgent_service,electrician,synth
toilette bouchée w el ma ytla3!! chkoun yji fissa3?,urgent_service,plumber,synth
rahi 3nedi nheb bourtai 7did llegharaj w7asl,find_worker,welder,synth
les prix nta3 najjar f Oran?,price_inquiry,carpenter,synth
جاري ڨالي نسڨسي هنا على لي يصلح الماشينات في مستغانم ياخو,find_worker,appliance_repair,synth
من فضلكم بليز مول الضو في تيزي وزو ضركا ضركا، الانتيريتور خسر ما يشعلش الضو,urgent_service,electrician,synth
الجبس تاع السگف تشگگ ومحتاج تصليح,find_worker,plasterer,synth
ri7at el mjari fel hammam men fadlkom,find_worker,plumber,synth
بشحال الخدمه تاع كوافور تقريبا؟,price_inquiry,barber,synth
wach n9der nkoun worker w client f meme temps? w chokran,app_question,none,synth
من فضلكم واش من فيلم مليح نتفرجو اليوم؟,out_of_scope,none,synth
cas urgent: voyant moteur allumé fel tableau,urgent_service,mechanic,synth
نحتاج couturiere مليح في Tizi Ouzou,find_worker,tailor,synth
وين نڨرا لانجليزية في تلمسان؟,out_of_scope,none,synth
يا جماعة واش التطبيق يخدم بلا انترنات؟,app_question,none,synth
ya khouya bche7al lkhdema ta3 mikanisian tgeriba?,price_inquiry,mechanic,synth
شحال يكلفني menuisier لليوم كامل؟,price_inquiry,carpenter,synth
win nleqa bitziria mli7a f jijl?,out_of_scope,none,synth
wach kayen électricien 2rib meni f Bordj Bou Arreridj?,find_worker,electrician,synth
شحال تكلف خدمة: نديرو درابزين حديد للدرج؟,price_inquiry,welder,synth
دلوني على واحد يعاونني في خدمه في الدار شاطر ومعقول,find_worker,none,synth
راني نحوس على ميكانيكي في باتنة,find_worker,mechanic,synth
يا جماعة شحال يكلفني ناقل العفش لليوم كامل؟,price_inquiry,mover,synth
جاري قالي نسقسي هنا على تريتور في باتنة,find_worker,caterer,synth
نحب طباخة تجي تطيب في الدار لمناسبة,find_worker,caterer,synth
معليش تڨولي كيفاش راه الطڨس في جيجل؟,out_of_scope,none,synth
ya cheikh cas urgent: tarqi3 ta3 kachabiya,urgent_service,tailor,synth
dork dork n7eb nrakeb triat fi plafond,urgent_service,electrician,synth
nheb nte3lem el kherba wech kayen tkouin?,out_of_scope,none,synth
راني نحوس على حلاق في باتنة,find_worker,barber,synth
وين نقرا لانجليزية في Setif؟,out_of_scope,none,synth
ya khouya transporter frigo w machine n7taj demenageur tawa dork,urgent_service,mover,synth
tbakha ttib lchkhechoukha lmenasba mn fdelkem,find_worker,caterer,synth
ya kho pc ta3i wela lourd yasser wach ndir?,out_of_scope,none,synth
"3andi clim ydir bruit bizarre, chkoun ye3ref technicien clim mli7?",find_worker,ac_repair,synth
كيفاش نگيّم العامل بعد الخدمة؟,app_question,none,synth
dork dork nheb ndiar 9fes 7did fou9 el ste7,urgent_service,welder,synth
n7awes wsefa tajin 7lou lle3id,out_of_scope,none,synth
urgence!! pression ta3 el ma dai3fa yasser f Tizi Ouzou,urgent_service,plumber,synth
ch7al taman bach ndir pression ta3 el ma dai3fa bzzzaf?,price_inquiry,plumber,synth
ارجو المساعده بسرعه، الطوموبيل تدخن دخان كحل,urgent_service,mechanic,synth
شحال تكلف خدمة: السحاب تاع الجاكيطة خسر؟,price_inquiry,tailor,synth
nheb nechri machine a laver jdida ch7al,out_of_scope,none,synth
nbeddel couleur ta3 salon n7taj peintre tawa drouk,urgent_service,painter,synth
نحتاج نجار زين في غرداية,find_worker,carpenter,synth
ياخو البيسي تاعي ولا ثقيل ياسر واش نديار؟,out_of_scope,none,synth
dlouni 3la tritour chatr wme39oul,find_worker,caterer,synth
ch7al ydir soudor f Oran?,price_inquiry,welder,synth
سلام، بشحال الخدمة تاع سباك تقريبا؟,price_inquiry,plumber,synth
win nechri machine a coudre f Tizi Ouzou?,out_of_scope,none,synth
يا جماعة نقدر نلقى kwafur يجي اليوم لـ Mostaganem؟,find_worker,barber,synth
شحال نخلص باش نصلح الطابلة تاع الصالون محتاجة تصليح؟,price_inquiry,carpenter,synth
n7awes jnaini y9elm el achjar ta3 jardin,out_of_scope,none,synth
ya kho ch7al ydir moul el blakou f stif?,price_inquiry,plasterer,synth
wach ne2der nesta3mel l appli offline? svp,app_question,none,synth
ارجو المساعدة بسرعة، الاومبرياج يزلگ,urgent_service,mechanic,synth
السياج الأخضر نتاع الجنان يحتاج تقليم,out_of_scope,none,synth
"bonjour, rani n7awes 3la khedma nekhdemha, kayen des postes?",out_of_scope,none,synth
راني نحوس على مول السودير في غرداية,find_worker,welder,synth
خويا الفنيترة ما تسكرش غايا شكون يجي يشوفها,find_worker,carpenter,synth
شكون عندو نيميرو تاع سباك في ورگلة؟,find_worker,plumber,synth
ch7al taman bach ndir machine a laver ma tkhdemch?,price_inquiry,appliance_repair,synth
واش كاين شي مول البناء قريب من وهران؟,find_worker,mason,synth
wach kayen chi wa7d y3aweni fi khdema fi eddar 9rib mn tlemsan?,find_worker,none,synth
نحوس على ريسطورون مليح للعشاء في بليدة,out_of_scope,none,synth
شحال يكلف نحب حماية حديد للفنيترات,price_inquiry,welder,synth
جاري قالي نسقسي هنا على مول البلاكو في غرداية,find_worker,plasterer,synth
ch7al ydir khiata fi batna?,price_inquiry,tailor,synth
يا شيخ واش الخلاص يكون كاش ولا بالكارطة؟,app_question,none,synth
el lh ybark 3likm,greeting_chitchat,none,synth
wech kayen chi mnouzii 9rib mn blida?,find_worker,carpenter,synth
صاحبي وين نلقى تكوين في النجارة؟,out_of_scope,none,synth
كيفاه نقيّم العامل بعد الخدمة,app_question,none,synth
ch7al taman bach ndir tableau electrique qdim?,price_inquiry,electrician,synth
دلوني على ناقل العفش شاطر ومعقول,find_worker,mover,synth
3awnouni déplacer la clim l chambre okhra w rani 7asel,urgent_service,ac_repair,synth
kifach nbeddel r9em tilifouni fi lkount?,app_question,none,synth
راهي عندي نقل تلاجة وماشينة للطابق الثالث وحاصل,find_worker,mover,synth
"nsit klema el sr, wach ndiar?",app_question,none,synth
chhal ykelf lachterak f el chher?,app_question,none,synth
"arjou el msa3da bser3a, n7taj tnedif lzjaj walfenitrat nta3 lfila",urgent_service,cleaner,synth
nettoyage w entretien ta3 la clim 3awnouni,find_worker,ac_repair,synth
"3nedi n7taj mra t3aoun mama fi qdian eddar fi dar, wach ndiar?",find_worker,cleaner,synth
t7iati likm svp,greeting_chitchat,none,synth
robinet y9atter men fadlkom,find_worker,plumber,synth
chkoun yqasli el gazon ta3 jardin?,out_of_scope,none,synth
نحتاج طباخة لعرس مية نفر فيسع فيسع,urgent_service,caterer,synth
نأدر نلأى مصلح تلاجات يجي اليوم لـ تيزي وزو؟,find_worker,appliance_repair,synth
chkoun 3nedou nimirou ta3 li yne9l lathath fi blida?,find_worker,mover,synth
"svp mason f Bejaia vite, construire un mur fel jardin",urgent_service,mason,synth
سلام، نحوس أستاذ يعطي دروس خصوصية في الرياضيات,out_of_scope,none,synth
mset3ejle: n7taj wa7d y3aweni f khdema f dar lyoum fi Tiaret,urgent_service,none,synth
le paiement fel appli kifah ykoun?,app_question,none,synth
rani n7awes 3la مول الجبس f مستغانم,find_worker,plasterer,synth
nseb dala jdida wach ndiar,find_worker,mason,synth
شحال نخلص باش نصلح نحب نعلي حيط الحوش متر زياده؟,price_inquiry,mason,synth
tnedif b3ed khdema lbna mn fdelkem,find_worker,cleaner,synth
dork dork installer des spots fel plafond,urgent_service,electrician,synth
ya kho win ncheri blakat blakou baljemla?,out_of_scope,none,synth
n7awes 3la appartement l kra f Bejaia,out_of_scope,none,synth
ch7al ykelf nseb dala jdida?,price_inquiry,mason,synth
3aounouni! el kouziniar ma yche3louch el blakat ta3ou wrani 7asl,urgent_service,appliance_repair,synth
نديرو درابزين حديد للدرج من فضلكم,find_worker,welder,synth
"3andi douche ma fihach el ma, chkoun ye3ref sebbak mli7?",find_worker,plumber,synth
شحال السوم تاع مول الطياب؟,price_inquiry,caterer,synth
ياخو راني نحوس على لي يدير الميناج في سطيف,find_worker,cleaner,synth
شحال يدير مول الطياب في مستغانم؟,price_inquiry,caterer,synth
combien coute un coiffeur?,price_inquiry,barber,synth
"bonjour, kifach nghayyer profession fel compte ta3i?",app_question,none,synth
نديرو حيط بلاكو نقسمو بيه البيت من فضلكم,find_worker,plasterer,synth
نقدر نلقى واحد يعاونني في خدمة في الدار يجي اليوم لـ جيجل؟,find_worker,none,synth
عندي شعري طويل ونحب تحفيفة ديغراديه,find_worker,barber,synth
win nechri gazon w les plantes f Blida?,out_of_scope,none,synth
el پarki ta3 el bit tkherb!! n7taj wa7d yji fissa3,urgent_service,carpenter,synth
نحتاج تقني كليماتيزور غايا في تيزي وزو,find_worker,ac_repair,synth
les amis n7taj plakist mlih f Tlemcen,find_worker,plasterer,synth
ch7al nkhalles bach nsale7 fissures kbar fel 7it?,price_inquiry,mason,synth
wech nqedr nkhedm k3aml wkelian fi nfes el wqet?,app_question,none,synth
شحال يكلف الما ضعيف ما يطلعش للطابق؟,price_inquiry,plumber,synth
دلوني على لي يصلح الكليمة شاطر ومعڨول,find_worker,ac_repair,synth
واش الخلاص يكون كاش ولا بالكارطة؟ يعطيكم الصحة,app_question,none,synth
3andi sbagha ta3 les portes,find_worker,painter,synth
عاونوني! نحب نركب لافابو جديد في الحمام وراني حاصل,urgent_service,plumber,synth
دلوني على واحد يعاونني في خدمة في الدار شاطر ومعقول ياخو,find_worker,none,synth
شحال السوم نتاع ماصون؟,price_inquiry,mason,synth
portail ta3 garage mkasser wach ndir,find_worker,welder,synth
يا خويا جاري ڨالي نسڨسي هنا على reparateur machine a laver في Skikda,find_worker,appliance_repair,synth
chkoun 3ando numero ta3 réparateur électroménager f Alger?,find_worker,appliance_repair,synth
سلام خويا، علاش ما يوصلنيش الإشعار كي يجاوبني عامل؟,app_question,none,synth
kifach rah el jaw f Ghardaia?,out_of_scope,none,synth
khouya tnedif eddar b3ed el 3res chkoun yji ychoufha,find_worker,cleaner,synth
بشحال الخدمة تاع ناقل العفش تقريبا,price_inquiry,mover,synth
chkoun rbe7 lkan had l3am? w chokran,out_of_scope,none,synth
n9edr nle9a li ysalah clima yji lyoum l wre9la?,find_worker,ac_repair,synth
صاحبي كيفاش نبدل المهنة تاعي في البروفيل؟,app_question,none,synth
تريتور للختانه نهار الجمعه!! نحتاج واحد يجي فيسع,urgent_service,caterer,synth
شحال السوم تاع واحد يعاونني في خدمه في الدار؟,price_inquiry,none,synth
n7eb bourtai 7did llegharaj wach ndiar,find_worker,welder,synth
bche7al el khdema ta3 mol el bna t9eriba?,price_inquiry,mason,synth
يعطيكم الصحة، نحوس واحد يعاونني في خدمة في الدار ناشط في سكيكدة,find_worker,none,synth
شحال يكلفني خياط لليوم كامل؟,price_inquiry,tailor,synth
سلام خويا، بونجور,greeting_chitchat,none,synth
يا جماعة عندي ريحة كابل محروق,find_worker,electrician,synth
kifech nbeddel r9em tilifouni fi lkount?,app_question,none,synth
عندي نحب نبدل لون الصالون وشكرا مسبقا,find_worker,painter,synth
n7taj kamiou sghir nne9l bih el athath wne7taj na9l el 3fech dirket tawa,urgent_service,mover,synth
n7awes jardinier mli7 ytayye7li les mauvaises herbes w chokran,out_of_scope,none,synth
kifach nzid des photos l khedmti? rabi y7afdkom,app_question,none,synth
عندي الميكروند مات ونحتاج واحد يصلحهالي,find_worker,appliance_repair,synth
wach kayen sebbak 9rib meni f Mostaganem?,find_worker,plumber,synth
شكون عندو نيميرو تاع فام دو ميناج في وهران؟,find_worker,cleaner,synth
ch7al ydir menuisier f Constantine?,price_inquiry,carpenter,synth
معليش تقولي كيفاش راه الطقس في مستغانم؟,out_of_scope,none,synth
kifech nchouf t9iimat el 3aml 9bel ma nkhedm m3ah? wallah ghir 7asel,app_question,none,synth
سقف الغاراج طايح منو الاسمنت وباين الحديد، شكون يعرف بنّاء مليح؟,find_worker,mason,synth
نحب نتعلم الخياطة واش كاين تكوين گريب؟,out_of_scope,none,synth
خويا الفور ما يسخنش شكون يجي يشوفها,find_worker,appliance_repair,synth
kifach nbeddel r9em tilifouni f el kount?,app_question,none,synth
ch7al nkhalles bach nsale7 nettoyage w entretien ta3 la clim,price_inquiry,ac_repair,synth
traiteur pour f tour ramadan wach ndir,find_worker,caterer,synth
الله يخليكم تڨصير الكم تاع الڨميجة ومڨدرتش نلڨى حل,urgent_service,tailor,synth
baignoire msdouda n7taj sebbak tawa dork rabi y7afdkom,urgent_service,plumber,synth
واش الأحوال؟ بارك الله فيكم,greeting_chitchat,none,synth
وين نشري ماكينة خياطة جديدة في بجاية؟,out_of_scope,none,synth
nheb wsefa kseksi baldejaj,out_of_scope,none,synth
شحال يدير مول الحلاقه في بسكره؟,price_inquiry,barber,synth
كيفاش نبدل رگم تيليفوني في الكونت؟,app_question,none,synth
win nel9a pizzeria mli7a f Constantine?,out_of_scope,none,synth
خويا الكليمة تجري الما من الداخل شكون يجي يشوفها,find_worker,ac_repair,synth
combien pour menage apres travaux?,price_inquiry,cleaner,synth
devis approximatif: gateaux traditionnels lel 3ers?,price_inquiry,caterer,synth
يا خويا شحال يدير فام دو ميناج في بسكرة؟,price_inquiry,cleaner,synth
شحال تكلف خدمة: الطابلة تاع الصالون محتاجة تصليح,price_inquiry,carpenter,synth
chkoun y2asli el gazon ta3 jardin?,out_of_scope,none,synth
ya cheikh depuis 3 jours 3andna cloture en fer te7taj soudure,find_worker,welder,synth
combien coute un traiteur?,price_inquiry,caterer,synth
راني نحوس على مول الصباغة في غرداية وشكرا مسبقا,find_worker,painter,synth
شحال السوم تاع مول السودير,price_inquiry,welder,synth
"3nedi n7eb n7eff gbel el 3id f dar, wech ndiar? wallah ghir 7asel",find_worker,barber,synth
les amis hhhh chaba,greeting_chitchat,none,synth
معليش تقولي كيفاش راه الطقس في غرداية؟,out_of_scope,none,synth
cas urgent: déménagement complet,urgent_service,mover,synth
"n7eb nkhebi el kablaj b7it blakou, chkoun y3erf blakist mli7",find_worker,plasterer,synth
"svp demenageur f Mostaganem vite, n9el machine a laver l etage",urgent_service,mover,synth
واش كاين شي نجار گريب من غرداية؟,find_worker,carpenter,synth
كيفاش نزيد تصاور لخدماتي؟,app_question,none,synth
je cherche un barbier à Tizi Ouzou,find_worker,barber,synth
ارجو المساعدة بسرعة، الكبوط تقطع من الكتف ومحتاج رتوش,urgent_service,tailor,synth
من فضلكم واش نقدر نلغي طلب بعثتو؟,app_question,none,synth
"bliz moul ltiab fi tizi wzou dork dork, n7taj tritour lfetour rmedan l3aila kbira",urgent_service,caterer,synth
واش كاين شي بلاكيست قريب من باتنة؟ والله غير حاصل,find_worker,plasterer,synth
bche7al el khdema nta3 moul el jbes t9eriba?,price_inquiry,plasterer,synth
راني نحوس على نجار في تيزي وزو,find_worker,carpenter,synth
"arjou el msa3da bser3a, 7la9a el l7ia walte7did",urgent_service,barber,synth
يعطيكم الصحة، نحوس سودور ناشط في بليدة,find_worker,welder,synth
عندي الضو مقطوع في الدار كامل في الدار، واش نديار؟,find_worker,electrician,synth
نحوس على ريسطورون مليح للعشاء في بومرداس,out_of_scope,none,synth
urgence!!! nzid des prises fel cuisine f الشلف,urgent_service,electrician,synth
les murs mkharbchin ye7tajo enduit n7taj sebbagh tawa dorka,urgent_service,painter,synth
le paiement fel appli kifach ykoun,app_question,none,synth
wach m3ena lachterak brou lle3aml?,app_question,none,synth
الدوش مگطوع الما ونحتاج بلومبيي ديركت توا,urgent_service,plumber,synth
3andi le portail khrej men blasstou rabi y7afdkom,find_worker,welder,synth
"y3etikm el s7a, nhawes mikanisyan nacht fi Boumerdes",find_worker,mechanic,synth
chkoun 3ando numero nta3 femme de ménage f Constantine? merci,find_worker,cleaner,synth
واش نأدر نستعمل التطبيأ كضيف بلا كونت؟,app_question,none,synth
nbeddel couleur ta3 salon men fadlkom,find_worker,painter,synth
dork dork machine a laver tejri el ma men ta7t,urgent_service,appliance_repair,synth
سلام، نحب وصفة كسكسي بالدجاج,out_of_scope,none,synth
يعطيكم الصحة، نحوس طباخة ناشط في باتنة,find_worker,caterer,synth
n7taj nrakeb skhan el ma jdid wmazal ma lqitch li ysel7eha,find_worker,plumber,synth
الله يخليكم اللافيسال تحبس في نص البروغرام ومقدرتش نلقى حل,urgent_service,appliance_repair,synth
شحال نخلص باش نصلح الفنيترة ما تسكرش زين,price_inquiry,carpenter,synth
depuis 3 jours 3andna serwal twil nheb n9assrou,find_worker,tailor,synth
n7taj 7addad mli7 f Constantine,find_worker,welder,synth
نبغي نشري طوموبيل مستعملة، واش تنصحوني؟ ياخو,out_of_scope,none,synth
rani n7awes 3la mecanicien f Tlemcen,find_worker,mechanic,synth
الفور ما يسخنش فيسع فيسع,urgent_service,appliance_repair,synth
win kayen aqreb sidlia fi blida?,out_of_scope,none,synth
7ala mset3ejla: n7taj 7la9 lle3ris sba7 el 3res wallah ghir 7asel,urgent_service,barber,synth
معليش تأولي كيفاش راه الطأس في وهران,out_of_scope,none,synth
خويا نبغي نزيد بريزة جديدة في البيرو شكون يجي يشوفها,find_worker,electrician,synth
ارجو المساعده بسرعه، فو بلافون مع اضاءه مخبيه,urgent_service,plasterer,synth
n7taj taksi llemtar ghedwa el sba7,out_of_scope,none,synth
بليز منوزيي في باتنة دورك دورك، نحب نركب باب رئيسية جديدة,urgent_service,carpenter,synth
شحال يكلف نحتاج تركيب سونيري نتاع الباب؟,price_inquiry,electrician,synth
demenagement ta3 bureau fissa3 svp rabi y7afdkom,urgent_service,mover,synth
الكشابية محتاجة ترقيع واش نديار,find_worker,tailor,synth
دلوني على نجار شاطر ومعقول,find_worker,carpenter,synth
7ala mset3ejla: llafisal t7ebs f ns lbroughram,urgent_service,appliance_repair,synth
نحوس على ريسطورون غايا للعشاء في عنابة,out_of_scope,none,synth
دورك دورك التلاجة ما تبردش والمأكلة تخسر,urgent_service,appliance_repair,synth
n7taj li yne9l el athath mli7 f bsekra,find_worker,mover,synth
"3andi buffet pour fete de fiançailles, chkoun ye3ref طباخة mli7?",find_worker,caterer,synth
الكليمة ما تبردش!! نحتاج واحد يجي فيسع,urgent_service,ac_repair,synth
3nedi rtouch khfif 3la rouba el shera wne7taj wa7d ysel7ehali,find_worker,tailor,synth
صاحبي نحوس على ريسطورون غايا للعشاء في عنابة,out_of_scope,none,synth
svp win nle9a tkouin fi el njara?,out_of_scope,none,synth
urgence!! menage apres travaux f بجاية,urgent_service,cleaner,synth
التلاجة ما تبردش والمأكلة تخسر فيسع فيسع,urgent_service,appliance_repair,synth
"bonjour, n9el el 7ouaij mn dar el 9dima llejdida",find_worker,mover,synth
يا شيخ نحب نشري طوموبيل مستعملة، واش تنصحوني؟,out_of_scope,none,synth
kifach nmes7 l7sab ta3i,app_question,none,synth
وين نشري ماكينة خياطة جديدة في مستغانم؟ يعطيكم الصحة,out_of_scope,none,synth
حاله مستعجله: البانيو مسدود والما ما ينزلش,urgent_service,plumber,synth
راني نحوس على transport meubles في Tlemcen,find_worker,mover,synth
عندي السيفون تاع التواليت خسر في الدار، واش نديار؟,find_worker,plumber,synth
يعطيكم الصحة، نحوس واحد يعاونني في خدمة في الدار ناشط في Alger,find_worker,none,synth
شحال يكلفني soudor لليوم كامل؟,price_inquiry,welder,synth
ch7al ykalefni بلومبيي pour une journee?,price_inquiry,plumber,synth
les amis nbi3 telephone samsung presque jdid,out_of_scope,none,synth
lbaniou msedoud walma ma ynezlech wne7taj sebbak dirket tawa svp,urgent_service,plumber,synth
كيفاش نشوف تقييمات العامل قبل ما نخدم معاه؟ الله يخليك,app_question,none,synth
شحال يكلف نبغي صبغة ومشطة في الدار,price_inquiry,barber,synth
ya cheikh kifach nzid des photos l khedmti?,app_question,none,synth
بليز سودور في سطيف ضروك ضروك، نديرو درابزين حديد للدرج,urgent_service,welder,synth
win ncheri el zre3 walourd llejnan fi wheran?,out_of_scope,none,synth
نحوس على شگه للكراء في Mostaganem,out_of_scope,none,synth
دلوني على لي ينقل الأثاث شاطر ومعقول,find_worker,mover,synth
"les amis rani n7awes 3la khdema nkhedmeha, wech kayen blais?",out_of_scope,none,synth
frigo ydir bruit bizarre chkoun 3ando solution,find_worker,appliance_repair,synth
win kayen pharmacie 9riba f Ouargla?,out_of_scope,none,synth
wech kayen chi peintre 9rib mn Blida?,find_worker,painter,synth
كيفاه نبعث طلب خدمه؟,app_question,none,synth
واش راك,greeting_chitchat,none,synth
نحب نديار افص حديد فوأ السطح من فضلكم,find_worker,welder,synth
bn nuit khouya wallah ghir 7asel,greeting_chitchat,none,synth
خياطة ريدو للصالون، شكون يعرف خياط مليح؟,find_worker,tailor,synth
واش هي الأسعار تاع مول السودير في تيارت؟,price_inquiry,welder,synth
n7awes 3la dentiste mli7 f الشلف,out_of_scope,none,synth
llh ykhelikm n7eb nkhit ridouat jdad llebit wme2dertech nle2a 7l,urgent_service,tailor,synth
cas urgent: voiture ma techa3lch,urgent_service,mechanic,synth
n7awes 3la dentiste mli7 f Blida,out_of_scope,none,synth
صحا، شحال يكلفني لي يدير الميناج لليوم كامل؟,price_inquiry,cleaner,synth
nheb nsebgh dar 2bel l3id chkoun 3nedou 7l svp,find_worker,painter,synth
7ala mset3ejla: el chofo ma ysekhnech lma,urgent_service,plumber,synth
وين نلگى تكوين في النجاره؟,out_of_scope,none,synth
السياج الأخضر تاع الجنان يحتاج تقليم بارك الله فيكم,out_of_scope,none,synth
ارجو المساعدة بسرعة، الفور ما يسخنش,urgent_service,appliance_repair,synth
نحوس على طبيب أسنان مليح في تيزي وزو,out_of_scope,none,synth
nhawes 3la ch9a llekra f lchlef,out_of_scope,none,synth
واش من فيلم زين نتفرجو اليوم؟,out_of_scope,none,synth
chhal ydir wa7d y3aweni f khdema f dar f Annaba?,price_inquiry,none,synth
kifach nchark fi l3roud ta3 lkhdemat?,app_question,none,synth
"bliz sbagh fi brej bou3ririj dork dork, n7taj sbagha plafond",urgent_service,painter,synth
نقدر نلقى مول الصباغة يجي اليوم لـ الشلف؟,find_worker,painter,synth
وين نگرا لانجليزية في Mostaganem؟,out_of_scope,none,synth
الدار فيها فو بلافون مع اضاءة مخبية من سيمانة كاملة,find_worker,plasterer,synth
n7awes 3la ristouroun mli7 lle3cha fi lchlef,out_of_scope,none,synth
ya kho urgence!! nettoyage appartement 9bel ma nekriwah f باتنة,urgent_service,cleaner,synth
نحتاج واحد يعاونني في خدمة في الدار غايا في الشلف,find_worker,none,synth
بشحال الخدمة نتاع خياطة تقريبا؟,price_inquiry,tailor,synth
wach ne9der ncancel demande b3aththa,app_question,none,synth
les amis chhal ykelfeni khiata llioum kamel?,price_inquiry,tailor,synth
n7awes 3la ristouroun mlih lle3cha f lchlef,out_of_scope,none,synth
دوك دورك جبس السقف طايح شوية شوية,urgent_service,plasterer,synth
نحب حمايه حديد للفنيترات من فضلكم,find_worker,welder,synth
urgence!! nettoyage profond f Tizi Ouzou,urgent_service,cleaner,synth
مستعجل: نحتاج طباخة اليوم في مستغانم,urgent_service,caterer,synth
humidité fel mur,find_worker,mason,synth
شكون يركب سقي أوتوماتيك في الجنينه؟,out_of_scope,none,synth
je cherche un technicien clim à Chlef,find_worker,ac_repair,synth
وين نشري ماكينة خياطة جديدة في ورقلة؟ بارك الله فيكم,out_of_scope,none,synth
صحا، خويا الطواليت محبوسة والما يطلع شكون يجي يشوفها,find_worker,plumber,synth
سلام، كيفاش نديار كونت فيسبوك؟,out_of_scope,none,synth
wach kayen peintre 9rib meni f Annaba?,find_worker,painter,synth
عندي نحتاج أرفف للبيرو,find_worker,carpenter,synth
بليز ناقل العفش في باتنة ضروك ضروك، نقل بيانو من الطابق الرابع,urgent_service,mover,synth
nhawes astad y3eti drous khsousia fi el riadiat,out_of_scope,none,synth
"saha, n9edr nle9a couturiere yji lyoum l Chlef?",find_worker,tailor,synth
congelateur ma yjamedch 3awnouni,find_worker,appliance_repair,synth
devis approximatif: decor jebs fel plafond?,price_inquiry,plasterer,synth
humidité fel mur wach ndir rabi y7afdkom,find_worker,mason,synth
je cherche un couturiere à Blida,find_worker,tailor,synth
ya kho wach n9der nkoun worker w client f meme temps?,app_question,none,synth
وين نلقى بيتزيريا مليحة في سطيف؟,out_of_scope,none,synth
chhal ykelf lknaپi wla msefr mn laoulad wi7taj ghsil 3mi9?,price_inquiry,cleaner,synth
خويا تصليح سودير في السلم الحديدي شكون يجي يشوفها,find_worker,welder,synth
نحب نتعلم الخياطة واش كاين تكوين قريب؟,out_of_scope,none,synth
rahi 3nedi laoumberiaj yzelq w7asl,find_worker,mechanic,synth
بشحال الخدمة تاع مول الكليمة تگريبا؟,price_inquiry,ac_repair,synth
n7taj taksi llemtar ghedwa lsba7,out_of_scope,none,synth
راسي شعث بزاف ونحتاج نحفف ومازال ما لأيتش لي يصلحها,find_worker,barber,synth
n7taj nbeddel el kablaj l9dim ta3 eddar!! n7taj wa7d yji fissa3,urgent_service,electrician,synth
نسيت كلمة السر، واش نديار؟ وشكرا مسبقا,app_question,none,synth
يعطيكم الصحة، نحوس لي يدير الميناج ناشط في وهران,find_worker,cleaner,synth
بشحال الخدمة نتاع واحد يعاونني في خدمة في الدار تقريبا؟,price_inquiry,none,synth
"bonjour, chkoun 3ando numero ta3 mecanicien f Tiaret?",find_worker,mechanic,synth
3andi douche ma fihach el ma,find_worker,plumber,synth
وين نلأى بيتزيريا مليحة في ورألة؟,out_of_scope,none,synth
n7taj taksi llemtar ghedwa el sba7 svp,out_of_scope,none,synth
وين نشري ماكينة خياطة جديدة في قسنطينة؟,out_of_scope,none,synth
ضركا دورك حيط الحوش مايل وخايفين يطيح,urgent_service,mason,synth
kifach nbe3th tleb khdema? ya kho,app_question,none,synth
"slm, wach el ttebi9 ykhedm bla anternat?",app_question,none,synth
شحال تكلف خدمة: الكونتور يدگ كي نشعلو زوج ماشينات؟,price_inquiry,electrician,synth
dorka dork portail ta3 garage mkasser,urgent_service,welder,synth
بليز طباخة في ورقلة ضركا ضركا، طباخة تطيب الشخشوخة لمناسبة,urgent_service,caterer,synth
ch7al ydir wa7ed y3aweni f khedma f dar f Alger?,price_inquiry,none,synth
ltilifoun ta3i thers el aikran win nsel7ou,out_of_scope,none,synth
nebghi net3allem la couture kayen des cours?,out_of_scope,none,synth
يا جماعة شكون يركب سأي أوتوماتيك في الجنينة؟,out_of_scope,none,synth
نحتاج بنّاء مليح في بسكرة,find_worker,mason,synth
urgence!! couscous l 50 personnes lel sada2a f Oran,urgent_service,caterer,synth
"saha, pc ta3i wela lourd bezzaf wach ndir?",out_of_scope,none,synth
la clim ma tsakhanch f chta fissa3 svp,urgent_service,ac_repair,synth
دلوني على réparateur électroménager شاطر ومعقول,find_worker,appliance_repair,synth
n7taj wa7d y9es el 7chich ta3 el jnan,out_of_scope,none,synth
pc ta3i wela lourd bezzaf wach ndir? wallah ghir 7asel,out_of_scope,none,synth
صاحبي نحب نتعلم الخياطة واش كاين تكوين ڨريب؟,out_of_scope,none,synth
chkera 3la el msa3da,greeting_chitchat,none,synth
راسي شعث ياسر ونحتاج نحفف فيسع فيسع,urgent_service,barber,synth
win kayen pharmacie 9riba f Boumerdes?,out_of_scope,none,synth
الكشابية محتاجة ترأيع ومازال ما لأيتش لي يصلحها,find_worker,tailor,synth
نحتاج تريتور لفطور رمضان لعائلة كبيرة واش نديار,find_worker,caterer,synth
مستعجل: نحتاج واحد يعاونني في خدمة في الدار اليوم في جيجل,urgent_service,none,synth
"slm, 3nedi el mikround mat fi dar, wech ndiar?",find_worker,appliance_repair,synth
llh ykhelikm dou yech3el w yetfi wahdo wmegdertech nlega 7l,urgent_service,electrician,synth
يعطيكم الصحة، نحوس مصلح تلاجات ناشط في جيجل,find_worker,appliance_repair,synth
je cherche un déménageur à Blida,find_worker,mover,synth
el ma 7abes f dar kamla ... chkoun ysal7hali?,find_worker,plumber,synth
n7awlou l dar jdida f nefs el 7ay fissa3 svp,urgent_service,mover,synth
صحا، بريز محروگة شكون عندو حل,find_worker,electrician,synth
kifech n2im el 3aml b3ed el khdema?,app_question,none,synth
ya cheikh rani n7awes 3la mikanisian fi qsentina,find_worker,mechanic,synth
le platre ta3 plafond tcheqqeq n7taj plakist tawa drouk,urgent_service,plasterer,synth
الطوموبيل ما تحبش تشعل من فضلكم,find_worker,mechanic,synth
بشحال الخدمة تاع لي يصلح الكليمة تقريبا؟,price_inquiry,ac_repair,synth
نبغي نديار باب حديد للحوش، شكون يعرف سودور مليح؟,find_worker,welder,synth
سلام، كيفاش نمسح الحساب تاعي؟,app_question,none,synth
مستعجل: نحتاج ماصون اليوم في بليدة,urgent_service,mason,synth
سلام، الدار فيها شعري طويل ونحب تحفيفة ديغراديه من سيمانة كاملة,find_worker,barber,synth
وين كاين أقرب صيدلية في عنابة؟,out_of_scope,none,synth
win nechri machine a coudre f Setif?,out_of_scope,none,synth
combien coute un طباخة?,price_inquiry,caterer,synth
ch7al ydir sebbagh f Tlemcen?,price_inquiry,painter,synth
je cherche un طباخة à تيزي وزو w chokran,find_worker,caterer,synth
lbisi ta3i wla th9il bzzzaf wech ndiar?,out_of_scope,none,synth
نحتاج كوافور زين في غرداية,find_worker,barber,synth
des etageres l biro fissa3 svp,urgent_service,carpenter,synth
chhal ykelfeni mnouzii llioum kamel? rabi y7afdkom,price_inquiry,carpenter,synth
ya khouya wesh rak?,greeting_chitchat,none,synth
kifech nchouf t9iimat l3aml 9bel ma nkhedm m3ah,app_question,none,synth
ارجو المساعدة بسرعة، الكليماتيزور يدير صوت غريب,urgent_service,ac_repair,synth
وين نلأى بيتزيريا مليحة في سطيف؟,out_of_scope,none,synth
الدرج الخشبي يزگزگ ونحتاج نجار ديركت دوك,urgent_service,carpenter,synth
3nedi ndirou drabzin 7did lledrej,find_worker,welder,synth
svp wach n2der nkoun worker w client f meme temps?,app_question,none,synth
ياخو نحب نشري طوموبيل مستعملة، واش تنصحوني؟,out_of_scope,none,synth
merci bcp,greeting_chitchat,none,synth
devis approximatif: les lampes yrigliw wa7edhom?,price_inquiry,electrician,synth
coupe degradé m3a trait wach ndir,find_worker,barber,synth
besoin d un menuisier serieux f Boumerdes,find_worker,carpenter,synth
ya kho bn nuit khouya,greeting_chitchat,none,synth
win nel2a pizzeria mli7a f Batna?,out_of_scope,none,synth
شحال يكلف الحيوط مخبشين ونحتاجو تصليح وصباغة؟ الله يخليك,price_inquiry,painter,synth
ضو تاع الموتور شاعل في الطابلو,find_worker,mechanic,synth
ya cheikh kifah nes7ab compte ta3i?,app_question,none,synth
الدار فيها نبغي نخبي الكابلاج بحيط بلاكو من سيمانة كاملة,find_worker,plasterer,synth
kifach n3ayet l worker apres la mission?,app_question,none,synth
نقدر نلقى تقني كليماتيزور يجي اليوم لـ برج بوعريريج,find_worker,ac_repair,synth
rideaux lel salon sur mesure,find_worker,tailor,synth
وين نشري الزرع والورد للجنان في Ouargla؟ يعطيكم الصحة,out_of_scope,none,synth
سلام,greeting_chitchat,none,synth
نحب ديكور جبس في السگف,find_worker,plasterer,synth
"y3etikm ls7a, n7awes t9eni klimatizour nacht f blida",find_worker,ac_repair,synth
kifech nchouf tqiimat el 3aml qbel ma nkhedm m3ah,app_question,none,synth
monter un mur en parpaing ... chkoun ysal7hali?,find_worker,mason,synth
شحال تكلف خدمة: نحب نديار باب حديد للحوش؟,price_inquiry,welder,synth
كيفاش نقيّم العامل بعد الخدمة؟,app_question,none,synth
win ncheri makina khiata jdida f 3naba?,out_of_scope,none,synth
3awnouni fuite d'eau f la cuisine w rani 7asel,urgent_service,plumber,synth
نگدر نلگى تريتور يجي اليوم لـ بليدة؟,find_worker,caterer,synth
الدار فيها راسي شعث ياسر ونحتاج نحفف من سيمانة كاملة,find_worker,barber,synth
عندي كاين رطوبة وتقشير في سقف البيت,find_worker,painter,synth
nebghi nte3lem el khiata wech kayen tkouin qrib?,out_of_scope,none,synth
جاري قالي نسقسي هنا على مصلح الأجهزه في تيارت,find_worker,appliance_repair,synth
"bonjour, femme de menage l villa kol khemis n7taj femme de ménage tawa douk",urgent_service,cleaner,synth
سلام خويا، عاونوني! طباخة لحفلة النجاح وراني حاصل,urgent_service,caterer,synth
chhal nkhels bach nsel7 el drej el khchebi yze9ze9?,price_inquiry,carpenter,synth
وين نشري ماكينة خياطة جديدة في سطيف,out_of_scope,none,synth
cloture ta3 jardin 3awnouni,find_worker,mason,synth
dork dork disjoncteur yti7 dima,urgent_service,electrician,synth
نحب وصفة كسكسي بالدجاج,out_of_scope,none,synth
tnedif eddar b3ed el 3res fissa3 fissa3,urgent_service,cleaner,synth
arrosage automatique lel jnina chkoun yrakbou? wallah ghir 7asel,out_of_scope,none,synth
nebghi wsefa kseksi baldejaj,out_of_scope,none,synth
rahi 3nedi clima tjeri lma mn el dakhl w7asl wallah ghir 7asel,find_worker,ac_repair,synth
ضو تاع الموتور شاعل في الطابلو فيسع فيسع وشكرا مسبقا,urgent_service,mechanic,synth
combien pour frigo ydir bruit bizarre?,price_inquiry,appliance_repair,synth
وين كاين أقرب صيدلية في سكيكدة,out_of_scope,none,synth
بشحال الخدمه تاع واحد يعاونني في خدمه في الدار تقريبا؟,price_inquiry,none,synth
ch7al ykalefni مول الضو pour une journee?,price_inquiry,electrician,synth
وين نشري الزرع والورد للجنان في ورألة؟,out_of_scope,none,synth
demenagement men Oran l Alger n7taj déménageur tawa drouk,urgent_service,mover,synth
n7taj taxi l aeroport ghedwa svp,out_of_scope,none,synth
شحال السوم تاع حلاق؟ الله يخليك,price_inquiry,barber,synth
مستعجل: نحتاج transport meubles اليوم في Ouargla,urgent_service,mover,synth
شكون يركب سأي أوتوماتيك في الجنينة؟,out_of_scope,none,synth
التيليفون تاعي تهرس الايكران وين نصلحو,out_of_scope,none,synth
n7awes 3la tbib asnan mlih fi batna,out_of_scope,none,synth
ya cheikh llh ybark 3likm,greeting_chitchat,none,synth
chhal tkelf khdema: ndirou marchat qdam bab dar? svp,price_inquiry,mason,synth
وين نشري ماكينة خياطة جديدة في Oran؟,out_of_scope,none,synth
ngedr nlega mol daw yji lyoum l ljzair l3asma?,find_worker,electrician,synth
شكون عندو نيميرو تاع واحد يعاونني في خدمه في الدار في Skikda؟,find_worker,none,synth
عندي الروبيني يقطر,find_worker,plumber,synth
وين كاين أقرب صيدليه في برج بوعريريج؟,out_of_scope,none,synth
ya kho seche-linge khasser wach ndir,find_worker,appliance_repair,synth
3aounouni! n7taj arfef llebirou wrani 7asl,urgent_service,carpenter,synth
nheb nte3lem el 7laga bach n7el saloun,out_of_scope,none,synth
ya cheikh ch7al prix nta3 abonnement par mois?,app_question,none,synth
"3andi coupe degradé m3a trait, chkoun ye3ref barbier mli7?",find_worker,barber,synth
porte en fer forgé lel 7ouch fissa3 svp,urgent_service,welder,synth
واش كاين شي لحّام قريب من سكيكدة؟,find_worker,welder,synth
nheb soudeur yji lyoum l Annaba,find_worker,welder,synth
عندي الدار محتاجة تنظيف عميڨ ونحتاج واحد يصلحهالي,find_worker,cleaner,synth
صحا، وين نلقى تكوين في النجارة؟,out_of_scope,none,synth
win kayen pharmacie 9riba f قسنطينة?,out_of_scope,none,synth
كيفاه نزيد تصاور لخدماتي؟,app_question,none,synth
"ya cheikh svp khayat f Boumerdes vite, tadyiq nta3 qamidja men jnab",urgent_service,tailor,synth
سلام خويا، واش راهي أخبار الماتش تاع البارح؟,out_of_scope,none,synth
el siaj el akhder ta3 jardin y7etaj t9elim,out_of_scope,none,synth
"3andi compteur ta3 el ma yfuiti, chkoun ye3ref sebbak mli7?",find_worker,plumber,synth
placard sur mesure chkoun 3ando solution,find_worker,carpenter,synth
kifach rah el jaw f Oran?,out_of_scope,none,synth
وين نشري الزرع والورد للجنان في Setif؟ يعطيكم الصحة,out_of_scope,none,synth
شحال يكلف صباغة الأبواب والفنيترات؟,price_inquiry,painter,synth
kifech nfe3l lmou93 bach yle9aouni el 3mal?,app_question,none,synth
kifech nbeddel lmhena ta3i fi el broufil,app_question,none,synth
نحتاج أرفف للبيرو!! نحتاج واحد يجي فيسع,urgent_service,carpenter,synth
بليز ميكانيسيان في تيارت دوك دوك، الطوموبيل تدخن دخان كحل,urgent_service,mechanic,synth
عندي نبغي حماية حديد للفنيترات في الدار، واش نديار,find_worker,welder,synth
شحال يدير لي يصلح الكليمة في الجزائر العاصمة؟,price_inquiry,ac_repair,synth
transport ta3 les affaires l dar jdida 3awnouni,find_worker,mover,synth
وين كاين أڨرب صيدلية في باتنة؟,out_of_scope,none,synth
svp dork dork tabbakha lel 3ers,urgent_service,caterer,synth
شحال تكلف خدمة: الروبة تحتاج تضييق من الجناب؟,price_inquiry,tailor,synth
kifach nbeddel numero ta3i f compte? wallah ghir 7asel,app_question,none,synth
n7taj plaquiste yji ghedwa el sba7 l Bordj Bou Arreridj,find_worker,plasterer,synth
el kountour yde9 ki nche3lou zouj machinat fissa3 fissa3,urgent_service,electrician,synth
depuis 3 jours 3andna frigo ydir bruit bizarre,find_worker,appliance_repair,synth
ch7al el soum ta3 agent de nettoyage?,price_inquiry,cleaner,synth
واش الأحوال؟ والله غير حاصل,greeting_chitchat,none,synth
3awnouni interrupteur khasser w rani 7asel,urgent_service,electrician,synth
"saha, win kayen pharmacie qriba f جيجل?",out_of_scope,none,synth
واش نقدر نخدم كعامل وكليان في نفس الوقت؟,app_question,none,synth
rahi 3nedi tnedif lmoukit walkenaپi w7asl,find_worker,cleaner,synth
شحال تكلف خدمة: نبغي نخيط ريدوات جداد للبيت؟,price_inquiry,tailor,synth
شحال يكلف الديجونكتور يطيح ديما؟,price_inquiry,electrician,synth
7ala mset3ejla: kseksi lkhemsin nfer lsed9a,urgent_service,caterer,synth
n7awes 3la appartement l kra f تيارت,out_of_scope,none,synth
kifach rah el jaw f Biskra?,out_of_scope,none,synth
chhal ykelfeni plombi llioum kamel?,price_inquiry,plumber,synth
مستعجل: نحتاج دهان اليوم في بومرداس,urgent_service,painter,synth
يا شيخ دلوني على مول الحلاڨة شاطر ومعڨول,find_worker,barber,synth
نحوس على شقة للكراء في بليدة الله يخليك,out_of_scope,none,synth
combien coute un 7addad?,price_inquiry,welder,synth
نحتاج طياب للوليمة نهار السبت شكون عندو حل,find_worker,caterer,synth
chhal tkelf khdema: el siaj ta3 el 7did tkesr wme7taj soudir,price_inquiry,welder,synth
svp kifach nactivi la localisation fel appli?,app_question,none,synth
حالة مستعجلة: نحتاج نزيد بيت فوق السطح,urgent_service,mason,synth
نحب نتعلم الخياطة واش كاين تكوين ڨريب؟,out_of_scope,none,synth
la clim ma tberdech fissa3 fissa3,urgent_service,ac_repair,synth
"saha, menage hebdomadaire chkoun 3ando solution",find_worker,cleaner,synth
عندي الاومبرياج يزلأ,find_worker,mechanic,synth
wach negder nesta3mel l appli offline?,app_question,none,synth
chkoun y2asli el gazon ta3 jardin,out_of_scope,none,synth
rani n7awes 3la mol el soudir f 9sentina,find_worker,welder,synth
شكون عندو نيميرو تاع ماصون في باتنة؟,find_worker,mason,synth
les amis rbi y7efdekm,greeting_chitchat,none,synth
نحتاج خياطة مليح في بسكرة,find_worker,tailor,synth
el lh ykhelikm n7taj mra t3aoun mama fi 9dian dar wme9dertech nle9a 7l,urgent_service,cleaner,synth
el siaj lakhder ta3 el jnan y7etaj t2elim,out_of_scope,none,synth
بليز sebbagh في Skikda دورك دورك، نحب صباغة غرفة الأطفال بألوان شابة,urgent_service,painter,synth
"saha, ch7al ydir msel7 tlajat fi tlemsan?",price_inquiry,appliance_repair,synth
دلوني على ديمناجور شاطر ومعقول,find_worker,mover,synth
rani n7awes 3la msel7 tlajat f blida,find_worker,appliance_repair,synth
واش التطبيأ مجاني ولا بالخلاص؟,app_question,none,synth
dlouni 3la msel7 tlajat chatr wme3qoul,find_worker,appliance_repair,synth
واش كاين شي plaquiste ڨريب من Bejaia؟ الله يخليك,find_worker,plasterer,synth
lma d3if ma ytel3ech lletab9!! n7taj wa7d yji fissa3,urgent_service,plumber,synth
عاونوني! راسي شعث بزاف ونحتاج نحفف وراني حاصل,urgent_service,barber,synth
سلام خويا، شحال تكلف خدمة: نحتاج كوافور يجي للدار نهار العرس؟,price_inquiry,barber,synth
depuis 3 jours 3andna reparation grille ta3 fenetre,find_worker,welder,synth
يعطيكم الصحة، نحوس حلاگ ناشط في سطيف,find_worker,barber,synth
"y3etikm el s7a, nhawes kahrabaji nacht f wheran",find_worker,electrician,synth
شحال تكلف خدمة: ضو نتاع الموتور شاعل في الطابلو,price_inquiry,mechanic,synth
urgence!! voyant moteur allumé fel tableau f Boumerdes,urgent_service,mechanic,synth
نحوس على ريسطورون مليح للعشاء في سطيف,out_of_scope,none,synth
شحال يكلف تصليح سودير في السلم الحديدي؟,price_inquiry,welder,synth
ياخو بليز سباك في ورڨلة دورك دورك، السيفون تاع التواليت خسر,urgent_service,plumber,synth
شحال يكلف نحب نفصل كوستيم على قياسي؟,price_inquiry,tailor,synth
نحوس على ريسطورون زين للعشاء في بليدة,out_of_scope,none,synth
شحال تكلف خدمة: نحتاج أرفف للبيرو,price_inquiry,carpenter,synth
chhal el soum ta3 mol el khiata,price_inquiry,tailor,synth
ya khouya bounjour,greeting_chitchat,none,synth
معليش تأولي كيفاش راه الطأس في ورألة؟,out_of_scope,none,synth
نحوس على ريسطورون غايا للعشاء في الشلف,out_of_scope,none,synth
واش كاين شي مصلح الأجهزة قريب من الشلف؟,find_worker,appliance_repair,synth
n7awes 3la appartement l kra f بومرداس,out_of_scope,none,synth
je cherche un mecanicien à Ghardaia,find_worker,mechanic,synth
وين كاين أقرب صيدلية في تيزي وزو؟,out_of_scope,none,synth
نبغي نشري ماشينه صابون جديده شحال السوم؟,out_of_scope,none,synth
depuis 3 jours 3andna faux plafond avec lumiere indirecte,find_worker,plasterer,synth
ya kho bonjour,greeting_chitchat,none,synth
kifech nbeddel r9em tilifouni f lkount?,app_question,none,synth
mset3ejle: n7taj mnouzii lyoum fi skikda,urgent_service,carpenter,synth
nheb nte3lem l7la9a bach n7el saloun,out_of_scope,none,synth
شحال يدير déménageur في Constantine؟ الله يخليك,price_inquiry,mover,synth
chhal ykelf n7eb nkhit jba 2sentinia lle3res?,price_inquiry,tailor,synth
ch7al nkhalles bach nsale7 meuble tv en placo fel mur?,price_inquiry,plasterer,synth
kifach nghayyer profession fel compte ta3i? ya kho,app_question,none,synth
wach kayen خياطة 2rib meni f تيزي وزو?,find_worker,tailor,synth
عندي نحب نركب باب رئيسيه جديده ونحتاج واحد يصلحهالي,find_worker,carpenter,synth
"slm, ma l2itch peintre disponible f Biskra",find_worker,painter,synth
ya khouya bonjour,greeting_chitchat,none,synth
nebghi plaquiste yji lyoum l Chlef,find_worker,plasterer,synth
نحب نخيط كسوة تقليدية للعرس!! نحتاج واحد يجي فيسع,urgent_service,tailor,synth
"slm, win nechri des plaques ba13 en gros?",out_of_scope,none,synth
دلوني على مول الجبس شاطر ومعگول,find_worker,plasterer,synth
ميناج أسبوعي للفيلا عاونوني,find_worker,cleaner,synth
خويا نحتاج تنظيف الزجاج والفنيترات تاع الفيلا شكون يجي يشوفها,find_worker,cleaner,synth
chkoun 3ando numero ta3 réparateur électroménager f Boumerdes?,find_worker,appliance_repair,synth
rani n7awes 3la plombier f Alger,find_worker,plumber,synth
شحال السوم تاع واحد يعاونني في خدمة في الدار؟,price_inquiry,none,synth
placard sur mesure rabi y7afdkom,find_worker,carpenter,synth
cuisine en bois sur mesure!! chkoun yji fissa3,urgent_service,carpenter,synth
"bliz msel7 lajheza fi el jzair el 3asma dork dork, ltlaja tdir sout ghrib",urgent_service,appliance_repair,synth
نحتاج تركيب سونيري تاع الباب واش نديار,find_worker,electrician,synth
عاونوني! حلاقة اللحية والتحديد وراني حاصل,urgent_service,barber,synth
شحال تكلف خدمة: نحب نعلي حيط الحوش متر زيادة؟,price_inquiry,mason,synth
عندي صباغة الأبواب والفنيترات ونحتاج واحد يصلحهالي,find_worker,painter,synth
n9edr nle9a wa7d y3aweni f khdema f dar yji lyoum l jijl?,find_worker,none,synth
"3andi trou kbir fel mur en platre, chkoun ye3ref plaquiste mli7?",find_worker,plasterer,synth
الدار فيها السروال طويل ونحب نقصرو من سيمانة كاملة والله غير حاصل,find_worker,tailor,synth
dar fiha ri7a kabl m7erou9 mn simana kamla,find_worker,electrician,synth
ارجو المساعدة بسرعة، نحب طباخة تجي تطيب في الدار لمناسبة,urgent_service,caterer,synth
win nechri gazon w les plantes f Biskra,out_of_scope,none,synth
ya cheikh cas urgent: déplacer la clim l chambre okhra,urgent_service,ac_repair,synth
porte mkessra wach ndir w chokran,find_worker,carpenter,synth
rani n7awes 3la soudeur f Tiaret,find_worker,welder,synth
restaurant mli7 l le diner f Bordj Bou Arreridj?,out_of_scope,none,synth
wech nqedr nkhedm k3aml wkelian fi nfes lwqet?,app_question,none,synth
ch7al ydir mol el khiata fi bjaia,price_inquiry,tailor,synth
drouk dork retouche ta3 costume,urgent_service,tailor,synth
kifech nkhedm bhad lttebig?,app_question,none,synth
ارجو المساعدة بسرعة، كليمة الطوموبيل ما تبردش,urgent_service,mechanic,synth
نحوس على طبيب أسنان زين في وهران,out_of_scope,none,synth
sa7bi demenagement ta3 bureau wach ndir,find_worker,mover,synth
صاحبي السحاب تاع الجاكيطة خسر ونحتاج خياط ديركت توا,urgent_service,tailor,synth
الله يخليكم الفرينات يديرو صوت يخوف ومقدرتش نلقى حل,urgent_service,mechanic,synth
يا خويا شحال يكلفني صباغ لليوم كامل؟,price_inquiry,painter,synth
حاله مستعجله: نحب بورطاي حديد للغاراج,urgent_service,welder,synth
واش هي الأسعار نتاع كوافور في عنابة؟,price_inquiry,barber,synth
ارجو المساعدة بسرعة، نحب نركب لافابو جديد في الحمام,urgent_service,plumber,synth
واش من فيلم مليح نتفرجو اليوم,out_of_scope,none,synth
n7taj wa7d y9es l7chich ta3 el jnan,out_of_scope,none,synth
الدار فيها نحب نديار قفص حديد فوق السطح من سيمانة كاملة,find_worker,welder,synth
"saha, n7taj moul el jbes mlih fi wregla",find_worker,plasterer,synth
dork dork cloison ba13 avec porte,urgent_service,plasterer,synth
واش هي الأسعار تاع مول الجبس في تلمسان؟,price_inquiry,plasterer,synth
n7awes 3la appartement l kra f تلمسان,out_of_scope,none,synth
"svp mecanicien f Boumerdes vite, embrayage yzle9",urgent_service,mechanic,synth
مستعجل: نحتاج مول الصباغة اليوم في جيجل الله يخليك,urgent_service,painter,synth
نقدر نلقى لي يصلح الكليمة يجي اليوم لـ بسكرة؟ والله غير حاصل,find_worker,ac_repair,synth
شكون عندو نيميرو نتاع عاملة تنظيف في سطيف؟,find_worker,cleaner,synth
bche7al lkhdema ta3 mikaniki t9eriba?,price_inquiry,mechanic,synth
m3elich t9ouli kifech rah el t9es fi tiart? rabi y7afdkom,out_of_scope,none,synth
دورك دورك نحب صبغة ومشطة في الدار,urgent_service,barber,synth
ya kho 3lach ma youslenich lich3ar ki yjaoubni 3aml?,app_question,none,synth
نحوس على ريسطورون غايا للعشاء في بجاية,out_of_scope,none,synth
نبغي نحفف قبل العيد ومازال ما لقيتش لي يصلحها,find_worker,barber,synth
عاونوني! الكونتور يدق كي نشعلو زوج ماشينات وراني حاصل,urgent_service,electrician,synth
3andi buffet pour fete de fiançailles,find_worker,caterer,synth
win nechri gazon w les plantes f Bordj Bou Arreridj? svp,out_of_scope,none,synth
buffet pour fete de fiançailles fissa3 svp,urgent_service,caterer,synth
3andi déplacer la clim l chambre okhra,find_worker,ac_repair,synth
عندي ميناج أسبوعي للفيلا ونحتاج واحد يصلحهالي,find_worker,cleaner,synth
n7taj taxi l aeroport ghedwa rabi y7afdkom,out_of_scope,none,synth
congelateur ma yjamedch wach ndir,find_worker,appliance_repair,synth
moteur yeskhon bzzzaf wach ndir,find_worker,mechanic,synth
chhal tkelf khdema: nheb ndiar bab 7did lle7ouch?,price_inquiry,welder,synth
roubini rah yfuiti 3awnouni,find_worker,plumber,synth
je cherche un coiffeur à Annaba,find_worker,barber,synth
نحوس على طبيب أسنان مليح في بليدة يعطيكم الصحة,out_of_scope,none,synth
شحال تكلف خدمة: نحب نبدل بلاصة الكليمة؟,price_inquiry,ac_repair,synth
urgence!! installation chauffe-eau jdid f تلمسان,urgent_service,plumber,synth
واش كاين شي تريسيان ڨريب من عنابة؟,find_worker,electrician,synth
نحب نتعلم الحلاقة باش نحل صالون يعطيكم الصحة,out_of_scope,none,synth
fuite d'eau f la cuisine ... chkoun ysal7hali?,find_worker,plumber,synth
combien pour nettoyage ta3 dar ba3d le demenagement,price_inquiry,cleaner,synth
من فضلكم ربي يحفظكم,greeting_chitchat,none,synth
"3andi clim tetlok ri7a khayba, chkoun ye3ref technicien clim mli7?",find_worker,ac_repair,synth
le platre ta3 plafond tcheqqeq wach ndir,find_worker,plasterer,synth
wach nqedr nkhedm k3aml wkelian f nfes lwqet?,app_question,none,synth
وين نلقى الطلبات لي بعثتهم,app_question,none,synth
hhehheh chaba merci,greeting_chitchat,none,synth
نحب حماية حديد للفنيترات، شكون يعرف سودور مليح؟,find_worker,welder,synth
chhal el soum ta3 sbagh?,price_inquiry,painter,synth
مستعجل: نحتاج فام دو ميناج اليوم في عنابة,urgent_service,cleaner,synth
ki nche3l el machina yti7 eddaw fissa3 fissa3,urgent_service,electrician,synth
svp les haies y7tajo taille chkoun ydirha?,out_of_scope,none,synth
ارجو المساعدة بسرعة، نقل الحوايج من الدار القديمة للجديدة وشكرا مسبقا,urgent_service,mover,synth
coupe pour les enfants avant la rentrée w ma 3reftch win nrou7,find_worker,barber,synth
عندي نحب نديار سياج حول الجنان ونحتاج واحد يصلحهالي,find_worker,mason,synth
جاري قالي نسقسي هنا على مول السودير في سطيف,find_worker,welder,synth
rahi 3nedi el drej lkhchebi yzegzeg w7asl,find_worker,carpenter,synth
شحال يدير كوافور في قسنطينة؟,price_inquiry,barber,synth
عندي نحتاج كوافور يجي للدار نهار العرس,find_worker,barber,synth
n7taj mol lsbaka mlih fi batna,find_worker,plumber,synth
wach n2der nkoun worker w client f meme temps? merci,app_question,none,synth
يا خويا واش نقدر نستعمل التطبيق كضيف بلا كونت؟,app_question,none,synth
"y3etikm el s7a, nhawes blakist nacht f msetghanm",find_worker,plasterer,synth
عندي الباب الحديدية خرجت من بلاصتها,find_worker,welder,synth
sa7bi batterie morte w ma 3reftch win nrou7,find_worker,mechanic,synth
dork dork minaj asbou3i llefila rabi y7afdkom,urgent_service,cleaner,synth
ضركا دورك الفور ما يسخنش,urgent_service,appliance_repair,synth
win nle9a ltlebat li b3ethtehm,app_question,none,synth
الله يخليكم الروبيني يقطر ومقدرتش نلقى حل,urgent_service,plumber,synth
دلوني على مول الخياطة شاطر ومعقول,find_worker,tailor,synth
wech hi el as3ar ta3 msel7 tlajat f batna? w chokran,price_inquiry,appliance_repair,synth
صاحبي واش الأحوال؟,greeting_chitchat,none,synth
سلام خويا، شحال يكلف تحفيفة للأولاد قبل الدخول المدرسي؟,price_inquiry,barber,synth
ch7al ydir plombi f Bordj Bou Arreridj?,price_inquiry,plumber,synth
الموتور يسخن بزاف شكون عندو حل,find_worker,mechanic,synth
svp wach neqder nesta3mel l appli offline?,app_question,none,synth
win nel9a pizzeria mli7a f Ouargla?,out_of_scope,none,synth
واش هي الأسعار تاع واحد يعاونني في خدمة في الدار في برج بوعريريج؟,price_inquiry,none,synth
"3andi ndiro des marches 9oddam el bab, chkoun ye3ref mason mli7?",find_worker,mason,synth
la chape ta3 les chambres 9bel le parquet chkoun 3ando solution,find_worker,mason,synth
يعطيكم الصحة، نحوس لي يصلح الكليمة ناشط في بسكرة,find_worker,ac_repair,synth
"3nedi dou ycha3l w yetfi wa7do fi dar, wach ndiar?",find_worker,electrician,synth
يعطيكم الصحة، نحوس مول الصباغة ناشط في وهران,find_worker,painter,synth
decor jebs fel plafond n7taj mol l placo tawa dork,urgent_service,plasterer,synth
صحا، جاري قالي نسقسي هنا على مول الحلاقة في وهران,find_worker,barber,synth
"saha, wech mn film mlih ntefrejou lyoum?",out_of_scope,none,synth
n7awes 3la appartement l kra f Setif,out_of_scope,none,synth
راني نحوس على مول السباكة في عنابة,find_worker,plumber,synth
الفنيترة ما تسكرش مليح ونحتاج منوزيي ديركت توا الله يخليك,urgent_service,carpenter,synth
"nhedmou 7it wne7lou bab, chkoun y3erf mason mlih?",find_worker,mason,synth
drari y7afffo 9bel l3id ... chkoun ysal7hali,find_worker,barber,synth
demenagement men Oran l Alger fissa3 svp,urgent_service,mover,synth
الماشينة نتاع الصابون تجري الما من تحت فيسع فيسع,urgent_service,appliance_repair,synth
cas urgent: recharge gaz ta3 la clim,urgent_service,ac_repair,synth
شحال يكلف الاومبرياج يزلق؟,price_inquiry,mechanic,synth
سلام عليكم بارك الله فيكم,greeting_chitchat,none,synth
urgence!!! demenagement ta3 bureau f Mostaganem,urgent_service,mover,synth
مستعجل: نحتاج واحد يعاونني في خدمة في الدار اليوم في تيزي وزو,urgent_service,none,synth
rani n7awes 3la 7addad f Tizi Ouzou,find_worker,welder,synth
عندي نحب نضيأ الروبة من الجناب ونحتاج واحد يصلحهالي,find_worker,tailor,synth
بليز مول الكليمة في الجزائر العاصمة دورك دورك، الكليمة ما تبردش الله يخليك,urgent_service,ac_repair,synth
wach hi las3ar nta3 njar f boumredas?,price_inquiry,carpenter,synth
صباح الخير ياخو,greeting_chitchat,none,synth
وين نلقى بيتزيريا مليحة في Alger؟,out_of_scope,none,synth
3andi frigo ma ybaredch,find_worker,appliance_repair,synth
ضركا دورك اللافيسال تحبس في نص البروغرام الله يخليك,urgent_service,appliance_repair,synth
ch7al nkhalles bach nsale7 cuisine en bois sur mesure?,price_inquiry,carpenter,synth
بليز تريتور في تلمسان دورك دورك، نحتاج طياب للوليمة نهار السبت,urgent_service,caterer,synth
"3andi sbagha ta3 les portes, chkoun ye3ref sebbagh mli7",find_worker,painter,synth
سلام، حالة مستعجلة: نحب نديار كوزينة خشب على اياس,urgent_service,carpenter,synth
شحال السوم تاع مول البلاكو؟,price_inquiry,plasterer,synth
ch7al tkelf khdema: n7eb nsebgh dar gbel l3id,price_inquiry,painter,synth
شكون عندو نيميرو تاع صباغ في سطيف؟,find_worker,painter,synth
جاري ڨالي نسڨسي هنا على تريسيان في بجاية,find_worker,electrician,synth
وين كاين أقرب صيدلية في تيارت؟,out_of_scope,none,synth
ch7al ykalefni mason pour une journee?,price_inquiry,mason,synth
construire un mur fel jardin n7taj mason tawa dork,urgent_service,mason,synth
chkoun 3ando numero ta3 khayat f Tiaret?,find_worker,tailor,synth
خويا الما حابس في الدار كامل شكون يجي يشوفها,find_worker,plumber,synth
ma lgitch عاملة تنظيف disponible f ورقلة,find_worker,cleaner,synth
les freins ydiro bruit wach ndir,find_worker,mechanic,synth
ارجو المساعدة بسرعة، نديرو درابزين حديد للدرج والله غير حاصل,urgent_service,welder,synth
je cherche un peintre à Boumerdes merci,find_worker,painter,synth
les prix ta3 tabbakha f Constantine?,price_inquiry,caterer,synth
واش هي الأسعار تاع سودور في برج بوعريريج؟,price_inquiry,welder,synth
من فضلكم كيفاش نشوف تگييمات العامل گبل ما نخدم معاه؟,app_question,none,synth
واش هي الأسعار نتاع électricien في Skikda؟,price_inquiry,electrician,synth
"slm, chhal ykelfeni moul el jbes llioum kamel?",price_inquiry,plasterer,synth
devis approximatif: interrupteur khasser,price_inquiry,electrician,synth
ch7al nkhalles bach nsale7 lavabo rah mfwiti?,price_inquiry,plumber,synth
سقف الغاراج طايح منو الاسمنت وباين الحديد ومازال ما لقيتش لي يصلحها الله يخليك,find_worker,mason,synth
بشحال الخدمة تاع مول الجبس تقريبا؟ يعطيكم الصحة,price_inquiry,plasterer,synth
سلام، واش الخلاص يكون كاش ولا بالكارطة؟,app_question,none,synth
كيفاش نشوف تقييمات العامل قبل ما نخدم معاه؟,app_question,none,synth
كيفاش نبعث طلب خدمه؟,app_question,none,synth
peindre le plafond wach ndir,find_worker,painter,synth
سلام خويا، وين نلڨى بيتزيريا مليحة في ورڨلة؟,out_of_scope,none,synth
tregi3 el jakita el gdima wne7taj khiat dirket tawa,urgent_service,tailor,synth
ya kho ch7al ykalefni menuisier pour une journee?,price_inquiry,carpenter,synth
يا شيخ خويا حيط الحوش مايل وخايفين يطيح شكون يجي يشوفها,find_worker,mason,synth
n7eb nte3lem el khiata wach kayen tkouin 9rib,out_of_scope,none,synth
وين نلقى بيتزيريا مليحة في الشلف؟,out_of_scope,none,synth
devis approximatif: n7affef 3and dar?,price_inquiry,barber,synth
شكرا بزاف,greeting_chitchat,none,synth
kifach nfe3l lmouq3 bach yleqaouni el 3mal?,app_question,none,synth
شحال نخلص باش نصلح نحب حماية حديد للفنيترات؟,price_inquiry,welder,synth
شحال تكلف خدمة: لاباتري راهي ميتة؟,price_inquiry,mechanic,synth
نحتاج خياطة مليح في سكيكدة,find_worker,tailor,synth
عندي نحب نكوموندي حلويات تقليدية للعرس ونحتاج واحد يصلحهالي,find_worker,caterer,synth
urgence!! cuisiniere ma tech3elch f Mostaganem,urgent_service,appliance_repair,synth
نگدر نلگى ميكانيسيان يجي اليوم لـ گسنطينة؟,find_worker,mechanic,synth
chkoun 3nedou nimirou ta3 plombi fi Bordj Bou Arreridj?,find_worker,plumber,synth
ch7al taman bach ndir transport nta3 piano?,price_inquiry,mover,synth
congelateur ma yjamedch,find_worker,appliance_repair,synth
congelateur ma yjamedch fissa3 svp,urgent_service,appliance_repair,synth
ya khouya compteur yti7 ki nch3el la clim w le four ensemble ... chkoun ysal7hali?,find_worker,electrician,synth
nheb تقني كليماتيزور yji lyoum l جيجل,find_worker,ac_repair,synth
msa lkhir,greeting_chitchat,none,synth
شحال يدير خياطة في بجاية؟,price_inquiry,tailor,synth
الله يخليكم نحتاج فيدونج وتبديل الفيلترات ومقدرتش نلقى حل,urgent_service,mechanic,synth
win nechri machine a coudre f Skikda? ya kho,out_of_scope,none,synth
rani n7awes 3la wa7ed y3aweni f khedma f dar f Alger merci,find_worker,none,synth
nheb menuisier yji lyoum l Chlef,find_worker,carpenter,synth
je cherche un sebbak à Blida,find_worker,plumber,synth
نحتاج فيدونج وتبديل الفيلترات ومازال ما لقيتش لي يصلحها,find_worker,mechanic,synth
ch7al ykelf nheb ndiar kouzina khcheb 3la 9ias?,price_inquiry,carpenter,synth
شحال يكلفني mason لليوم كامل؟,price_inquiry,mason,synth
جاري قالي نسقسي هنا على واحد يعاونني في خدمه في الدار في سكيكده,find_worker,none,synth
rahi 3nedi el toumoubil t7ebs f ns ltri2 w7asl,find_worker,mechanic,synth
عندي قنوات الما تاع الدار قدام يسقطو ونحتاج واحد يصلحهالي يعطيكم الصحة,find_worker,plumber,synth
nhawes 3la tbib asnan mlih fi blida,out_of_scope,none,synth
يا جماعة كيفاش نشوف تأييمات العامل ابل ما نخدم معاه؟,app_question,none,synth
lkchabia m7etaja treqi3 fissa3 fissa3,urgent_service,tailor,synth
je cherche un couturier à Alger,find_worker,tailor,synth
labas? merci,greeting_chitchat,none,synth
شحال يكلفني نجار لليوم كامل,price_inquiry,carpenter,synth
devis approximatif: la peinture t9echret? svp,price_inquiry,painter,synth
تصبحو على خير والله غير حاصل,greeting_chitchat,none,synth
عندي نگل عفش عروسة ونحتاج واحد يصلحهالي,find_worker,mover,synth
الطابلة تاع الصالون محتاجة تصليح!! نحتاج واحد يجي فيسع,urgent_service,carpenter,synth
نبغي نبدل بلاصة الكليمة، شكون يعرف تڨني كليماتيزور مليح؟,find_worker,ac_repair,synth
شحال يكلفني مصلح الأجهزة لليوم كامل؟,price_inquiry,appliance_repair,synth
drouk dork nqel tlaja wmachina lletabq lthalth,urgent_service,mover,synth
شحال تكلف خدمة: نحب صباغة غرفة الأطفال بألوان شابة؟,price_inquiry,painter,synth
نحوس على شقة للكراء في Ouargla,out_of_scope,none,synth
restaurant mli7 l le diner f Constantine?,out_of_scope,none,synth
شحال يكلف البورطاي ما عادش يتسكر زين,price_inquiry,welder,synth
الماشينة تاع الصابون ما تدورش فيسع فيسع,urgent_service,appliance_repair,synth
ya cheikh repeindre la façade ta3 dar wach ndir,find_worker,painter,synth
شحال يكلف نحب ننڨل العفش لدار جديدة؟ بارك الله فيكم,price_inquiry,mover,synth
chhal tkelf khdema: lavabo rah yfouiti?,price_inquiry,plumber,synth
يا جماعة شكون ربح الكان هاد العام؟,out_of_scope,none,synth
"slm, hhhh chaba",greeting_chitchat,none,synth
راني نحوس على خدمة نخدمها، واش كاين بلايص؟ بارك الله فيكم,out_of_scope,none,synth
نحب نديار قفص حديد فوق السطح ومازال ما لقيتش لي يصلحها,find_worker,welder,synth
compte guest kifach ykhdem? svp,app_question,none,synth
les amis kifech nmes7 el 7sab ta3i?,app_question,none,synth
3andi coiffure a domicile pour le mariage,find_worker,barber,synth
نگل الحوايج من الدار الگديمة للجديدة شكون عندو حل,find_worker,mover,synth
شكون عندو نيميرو تاع مول الصباغة في جيجل؟,find_worker,painter,synth
سلام، واش التطبيق مجاني ولا بالخلاص؟,app_question,none,synth
نحتاج demenageur مليح في Oran,find_worker,mover,synth
ndirou drabzin 7did lledrej!! n7taj wa7d yji fissa3,urgent_service,welder,synth
شحال يكلفني صباغ لليوم كامل؟,price_inquiry,painter,synth
3awnouni nebghi nfassel karakou lel 3ers w rani 7asel,urgent_service,tailor,synth
"y3etikm ls7a, nhawes sebbak nacht f ghredaia",find_worker,plumber,synth
ya khouya ch7al ydir soudour fi ghredaia?,price_inquiry,welder,synth
كيفاش نبدل رقم تيليفوني في الكونت؟,app_question,none,synth
الله يخليكم الكليمة تأطر الما في البيت ومأدرتش نلأى حل والله غير حاصل,urgent_service,ac_repair,synth
n7awes 3la dentiste mli7 f Tlemcen,out_of_scope,none,synth
شحال يكلف الدرج الخشبي يزقزق,price_inquiry,carpenter,synth
يا شيخ نحتاج أرفف للبيرو عاونوني,find_worker,carpenter,synth
جاري االي نسأسي هنا على لي يصلح الكليمة في سطيف,find_worker,ac_repair,synth
nqedr nleqa sebbak yji lyoum l Tlemcen?,find_worker,plumber,synth
وين كاين أقرب صيدلية في ورقلة؟ الله يخليك,out_of_scope,none,synth
يعطيكم الصحة، نحوس خياط ناشط في تيارت,find_worker,tailor,synth
"3andi cuisine en bois sur mesure, chkoun ye3ref najjar mli7?",find_worker,carpenter,synth
"n7eb ncheri toumoubil mset3emla, wach tnes7ouni? w chokran",out_of_scope,none,synth
شكون عندو نيميرو تاع لي يدير الميناج في بجاية؟,find_worker,cleaner,synth
الفرينات يديرو صوت يخوف ومازال ما لأيتش لي يصلحها,find_worker,mechanic,synth
نبغي نديار مكتبة في الحيط بالبلاكو من فضلكم,find_worker,plasterer,synth
نحتاج خياطة يجي غدوة الصباح لـ باتنة,find_worker,tailor,synth
حالة مستعجلة: نحب صباغة غرفة الأطفال بألوان شابة,urgent_service,painter,synth
chkoun rbe7 el kan had l3am?,out_of_scope,none,synth
kifach nbeddel r9em tilifouni f el kount,app_question,none,synth
3awnouni nettoyage des vitres ta3 villa w rani 7asel,urgent_service,cleaner,synth
يا خويا البيسي تاعي ولا ثگيل ياسر واش نديار؟,out_of_scope,none,synth
chkoun ygasli el gazon ta3 jardin?,out_of_scope,none,synth
n7eb ncheri machina saboun jdida ch7al lsoum? svp,out_of_scope,none,synth
الباب الحديدية خرجت من بلاصتها ونحتاج مول السودير ديركت توا,urgent_service,welder,synth
el bisi ta3i wla th9il bezzaf wech ndiar?,out_of_scope,none,synth
يا شيخ نحوس وصفة طاجين حلو للعيد,out_of_scope,none,synth
nheb déménageur yji lyoum l Setif,find_worker,mover,synth
حيط الحوش مايل وخايفين يطيح عاونوني,find_worker,mason,synth
نحب نديار ڨفص حديد فوڨ السطح ونحتاج لحّام ديركت توا,urgent_service,welder,synth
شحال يكلف بريز محروقة؟,price_inquiry,electrician,synth
خويا الرطوبة كلات الحيط تاع البيت شكون يجي يشوفها,find_worker,mason,synth
kifach rah el jaw f Ouargla?,out_of_scope,none,synth
البيسي تاعي ولا ثڨيل بزاف واش نديار؟ بارك الله فيكم,out_of_scope,none,synth
ch7al ydir mecanicien f Ouargla?,price_inquiry,mechanic,synth
win nleqa tkouin f el njara? wallah ghir 7asel,out_of_scope,none,synth
حاله مستعجله: نبغي نديار باب حديد للحوش,urgent_service,welder,synth
نحوس جنايني يألم الأشجار تاع الجنان,out_of_scope,none,synth
نحوس على طبيب أسنان مليح في تيارت,out_of_scope,none,synth
حففلي راسي ديغراديه فيسع فيسع,urgent_service,barber,synth
combien coute un فام دو ميناج?,price_inquiry,cleaner,synth
واش هي الأسعار تاع خياط في عنابة؟,price_inquiry,tailor,synth
dar fiha ndirou drabzin 7did lledrej mn simana kamla,find_worker,welder,synth
cas urgent: installation clim jdida,urgent_service,ac_repair,synth
3andi nbeddel les robinets nta3 cuisine,find_worker,plumber,synth
nhawes 3la ch9a llekra f Constantine,out_of_scope,none,synth
"slm, win nechri machine a coudre f Ghardaia?",out_of_scope,none,synth
نحوس على ريسطورون مليح للعشاء في جيجل,out_of_scope,none,synth
tabbakha lel 3ers wach ndir,find_worker,caterer,synth
ya khouya changer le cablage 9dim,find_worker,electrician,synth
kifach nbeddel lmhena ta3i fi el broufil?,app_question,none,synth
سلام خويا، لاباس عليكم؟,greeting_chitchat,none,synth
dorka dork el moutour ysekhn yasser,urgent_service,mechanic,synth
kifah nzid des photos l khedmti?,app_question,none,synth
نڨل مكتب من وسط المدينة فيسع فيسع,urgent_service,mover,synth
نحوس جنايني يألم الأشجار تاع الجنان ياخو,out_of_scope,none,synth
راهي عندي الميكروند مات وحاصل,find_worker,appliance_repair,synth
déplacer la clim l chambre okhra!!! chkoun yji fissa3?,urgent_service,ac_repair,synth
يعيشك خويا يعطيكم الصحة,greeting_chitchat,none,synth
wach ne9der ncancel demande b3aththa? rabi y7afdkom,app_question,none,synth
الكليمة تجري الما من الداخل فيسع فيسع,urgent_service,ac_repair,synth
مستعجل: نحتاج لي ينقل الأثاث اليوم في سكيكدة,urgent_service,mover,synth
des etageres l biro,find_worker,carpenter,synth
مستعجل: نحتاج واحد يعاونني في خدمة في الدار اليوم في بسكرة,urgent_service,none,synth
el klima tjeri el ma mn el dakhl,find_worker,ac_repair,synth
بليز مول الخياطة في عنابة دورك دورك، ترقيع السروال لي تقطع من الركبة,urgent_service,tailor,synth
شحال يكلف الكليمة تجري الما من الداخل,price_inquiry,ac_repair,synth
n7taj dhan mlih fi stif,find_worker,painter,synth
wach el ttebig mjani wla balkhelas?,app_question,none,synth
tseb7ou 3la khir merci,greeting_chitchat,none,synth
الدار فيها الطوموبيل ما تحبش تشعل من سيمانة كاملة,find_worker,mechanic,synth
بشحال الخدمة تاع دهان تأريبا؟,price_inquiry,painter,synth
ch7al ydir sebbagh f Bordj Bou Arreridj,price_inquiry,painter,synth
يا خويا شحال يكلف البالوعة مسدودة؟,price_inquiry,plumber,synth
واش كاين شي نجار ڨريب من مستغانم؟,find_worker,carpenter,synth
kifach nchark fi el 3roud ta3 lkhdemat?,app_question,none,synth
chkoun 3ando numero ta3 wa7ed y3aweni f khedma f dar f Chlef?,find_worker,none,synth
شحال تكلف خدمة: العجلة تنفّس؟,price_inquiry,mechanic,synth
خويا الما يقطر من سقف الحمام شكون يجي يشوفها,find_worker,plumber,synth
nheb nte3lem el 7la9a bach n7el saloun,out_of_scope,none,synth
je cherche un couturier à Chlef,find_worker,tailor,synth
واش هي الأسعار تاع كوافور في عنابة؟,price_inquiry,barber,synth
win nel9a les demandes li b3aththom? w chokran,app_question,none,synth
واش كاين شي صباغ قريب من بومرداس؟,find_worker,painter,synth
devis approximatif: sbagha ta3 les portes?,price_inquiry,painter,synth
ya kho rani n7awes 3la réparateur électroménager f Ouargla,find_worker,appliance_repair,synth
بريز محروقة فيسع فيسع,urgent_service,electrician,synth
وين نلقى الطلبات لي بعثتهم؟,app_question,none,synth
شحال يدير واحد يعاونني في خدمة في الدار في غرداية؟,price_inquiry,none,synth
win nechri gazon w les plantes f Tizi Ouzou? svp,out_of_scope,none,synth
سلام خويا، عندي مشكلة في الويفي نتاع دجيزي,out_of_scope,none,synth
نديرو درابزين حديد للدرج، شكون يعرف سودور مليح؟,find_worker,welder,synth
kifach rah el jaw f جيجل?,out_of_scope,none,synth
ch7al ydir mol l placo f Ouargla?,price_inquiry,plasterer,synth
n7awes jardinier zin ytayye7li les mauvaises herbes,out_of_scope,none,synth
rbi y7efdekm,greeting_chitchat,none,synth
يا جماعة شحال يكلفني خياطة لليوم كامل؟,price_inquiry,tailor,synth
rani n7awes 3la plombi fi tlemsan,find_worker,plumber,synth
شكون ربح الكان هاد العام؟ بارك الله فيكم,out_of_scope,none,synth
"ya khouya svp menuisier f Skikda vite, placard sur mesure",urgent_service,carpenter,synth
dork dork traiteur pour mariage 100 personnes,urgent_service,caterer,synth
win nechri des plaques ba13 en gros?,out_of_scope,none,synth
llh ykhelikm ltabla nta3 el saloun m7etaja tesli7 wmeqdertech nleqa 7l,urgent_service,carpenter,synth
راهي عندي نحب نخيط ڨندورة للعيد وحاصل,find_worker,tailor,synth
جاري قالي نسقسي هنا على لي يدير الميناج في الشلف,find_worker,cleaner,synth
dar fiha n7oul mn wheran lle3asma wne7taj nqel el 3fech mn simana kamla,find_worker,mover,synth
بشحال الخدمة نتاع نجار تقريبا؟,price_inquiry,carpenter,synth
السياج الأخضر تاع الجنان يحتاج تڨليم وشكرا مسبڨا,out_of_scope,none,synth
wech lttebiq mjani wla balkhelas,app_question,none,synth
ch7al ykalefni traiteur pour une journee?,price_inquiry,caterer,synth
drouk dork transport ta3 piano,urgent_service,mover,synth
sa7bi win kayen pharmacie 9riba f Batna?,out_of_scope,none,synth
دوك دورك نحتاج طياب للوليمة نهار السبت,urgent_service,caterer,synth
mset3ejle: n7taj cuisiniere lyoum fi Ouargla,urgent_service,caterer,synth
"slm, lsiaj el akhder ta3 jardin y7etaj t9elim",out_of_scope,none,synth
sa7bi roubini rah yfuiti!! chkoun yji fissa3?,urgent_service,plumber,synth
kifech nfe3l el mou23 bach yle2aouni el 3mal?,app_question,none,synth
واش كاين شي مول الميكانيك قريب من وهران؟,find_worker,mechanic,synth
batterie morte!! chkoun yji fissa3?,urgent_service,mechanic,synth
يا شيخ نحوس على شقة للكراء في بجاية,out_of_scope,none,synth
واش كاين شي بلومبيي قريب من ورقلة؟,find_worker,plumber,synth
3awnouni nheb ndir porte blindée w rani 7asel,urgent_service,welder,synth
n7eb nte3lem l7la9a bach n7el saloun,out_of_scope,none,synth
بشحال الخدمة نتاع mol l placo تڨريبا؟,price_inquiry,plasterer,synth
dork dork ta9sir ta3 serwal,urgent_service,tailor,synth
3nedi el jbes nta3 lbit ta7 m3 el chta wne7taj wa7d ysel7ehali,find_worker,plasterer,synth
win ngera lanjelizia f Oran? ya kho,out_of_scope,none,synth
je cherche un traiteur à Alger,find_worker,caterer,synth
راسي شعث بزاف ونحتاج نحفف، شكون يعرف كوافور مليح؟,find_worker,barber,synth
nettoyage profond n7taj menage tawa douk,urgent_service,cleaner,synth
cas urgent: camion sghir bach nne9lou les meubles,urgent_service,mover,synth
واش هي الأسعار تاع مول الكليمة في سكيكدة؟,price_inquiry,ac_repair,synth
wach n9edr nkhedm k3aml wkelian f nfes el w9et?,app_question,none,synth
شحال يكلفني ميكانيكي لليوم كامل؟ وشكرا مسبقا,price_inquiry,mechanic,synth
مستعجل: نحتاج ماصون اليوم في مستغانم,urgent_service,mason,synth
يا خويا الكناپي ولا مصفر من الاولاد ويحتاج غسيل عميق شكون عندو حل,find_worker,cleaner,synth
شحال تكلف خدمة: العجلة تنفّس؟ الله يخليك,price_inquiry,mechanic,synth
ch7al ykalefni reparateur climatiseur pour une journee?,price_inquiry,ac_repair,synth
الله يخليكم السطح يأطر ونحتاج ايتونشيتي ومأدرتش نلأى حل,urgent_service,mason,synth
"arjou el msa3da bser3a, nheb nkhebi el kablaj b7it blakou",urgent_service,plasterer,synth
"saha, cuisine en bois sur mesure w ma 3reftch win nrou7",find_worker,carpenter,synth
السياج تاع الحديد تكسر ومحتاج سودير، شكون يعرف سودور مليح؟,find_worker,welder,synth
شحال تكلف خدمة: نبغي نديار قفص حديد فوق السطح؟,price_inquiry,welder,synth
win kayen agreb sidlia fi ljzair el 3asma?,out_of_scope,none,synth
sa7bi douk dork la clim ma tsakhanch f chta,urgent_service,ac_repair,synth
ch7al ykalefni réparateur électroménager pour une journee?,price_inquiry,appliance_repair,synth
win n2era lanjelizia fi Tizi Ouzou?,out_of_scope,none,synth
مستعجل: نحتاج تريسيان اليوم في وهران,urgent_service,electrician,synth
cas urgent: placo avec spots led,urgent_service,plasterer,synth
restaurant mli7 l le diner f Biskra?,out_of_scope,none,synth
ya cheikh drouk dork el tfel y7etaj y7eff 9bel el mdersa,urgent_service,barber,synth
يا شيخ واش التطبيق يخدم بلا انترنات؟,app_question,none,synth
ch7al ydir transport meubles f Batna?,price_inquiry,mover,synth
n7awes 3la appartement l kra f Alger,out_of_scope,none,synth
صحا، وين نشري بلاكات بلاكو بالجملة؟,out_of_scope,none,synth
خويا نحول من وهران للعاصمة ونحتاج نأل العفش شكون يجي يشوفها,find_worker,mover,synth
3andi des ouvriers ynazlou el 9ach mel 5eme etage,find_worker,mover,synth
chkoun 3nedou nimirou nta3 na9l l3fech fi wre9la?,find_worker,mover,synth
صحا، بشحال الخدمة تاع بلاكيست تقريبا؟,price_inquiry,plasterer,synth
urgence!! nettoyage nta3 dar ba3d le demenagement f Blida ya kho,urgent_service,cleaner,synth
شكرا ياسر ياخو,greeting_chitchat,none,synth
شحال نخلص باش نصلح بريز محروقة؟,price_inquiry,electrician,synth
"bliz tbakha fi boumredas dork dork, nheb nkoumoundi 7louiat t9elidia lle3res",urgent_service,caterer,synth
نحب نشري ماشينة صابون جديدة شحال السوم,out_of_scope,none,synth
ارجو المساعدة بسرعة، نحب نعلي حيط الحوش متر زيادة,urgent_service,mason,synth
bche7al lkhdema ta3 kouafour t9eriba?,price_inquiry,barber,synth
الطابلة تاع الصالون محتاجة تصليح، شكون يعرف menuisier مليح؟,find_worker,carpenter,synth
labas 3likm,greeting_chitchat,none,synth
rahi 3nedi n7taj tbakha l3ers mia nfer w7asl wallah ghir 7asel,find_worker,caterer,synth
كي نشعل الماشينة يطيح الضو ومازال ما لقيتش لي يصلحها,find_worker,electrician,synth
دلوني على ميكانيسيان شاطر ومعقول,find_worker,mechanic,synth
الدار فيها نبغي نخيط ريدوات جداد للبيت من سيمانة كاملة,find_worker,tailor,synth
chhal ykelf ndirou 7it blakou n9esmou bih el bit?,price_inquiry,plasterer,synth
n7eb nte3lem el kherba wach kayen tkouin,out_of_scope,none,synth
"saha, n7awes 3la ristouroun mli7 lle3cha fi Constantine",out_of_scope,none,synth
combien pour balustrade lel balcon? ya kho,price_inquiry,welder,synth
kifach nchouf tqiimat el 3aml qbel ma nkhedm m3ah?,app_question,none,synth
نحتاج ميكانيكي غايا في غرداية,find_worker,mechanic,synth
عندي الپاركي تاع البيت تخرب ونحتاج واحد يصلحهالي,find_worker,carpenter,synth
دلوني على mason شاطر ومعأول,find_worker,mason,synth
صحا، نحتاج خياط مليح في برج بوعريريج,find_worker,tailor,synth
wach m3ena el achterak brou lle3aml?,app_question,none,synth
ch7al nkhels bach nsel7 lsroual touil wne7b n9esrou?,price_inquiry,tailor,synth
chkoun 3ando numero ta3 demenageur f Tiaret?,find_worker,mover,synth
nheb maçon yji lyoum l Mostaganem,find_worker,mason,synth
سلام خويا، شكرا بزاف,greeting_chitchat,none,synth
restaurant mli7 l le diner f Annaba?,out_of_scope,none,synth
win nechri gazon w les plantes f Biskra?,out_of_scope,none,synth
ch7al ydir مول السودير f عنابة,price_inquiry,welder,synth
trou kbir fel mur en platre,find_worker,plasterer,synth
svp faux plafond avec lumiere indirecte chkoun 3ando solution,find_worker,plasterer,synth
n7awes 3la tbib asnan mli7 f tizi wzou,out_of_scope,none,synth
واش راهي أخبار الماتش نتاع البارح؟,out_of_scope,none,synth
راهي عندي نحب نركب لامبات ليد في الدار كامل وحاصل,find_worker,electrician,synth
نحتاج ميكانيسيان يجي غدوة الصباح لـ برج بوعريريج,find_worker,mechanic,synth
kifach nchouf les avis ta3 worker?,app_question,none,synth
معليش تقولي كيفاش راه الطقس في بومرداس,out_of_scope,none,synth
nheb ncheri machina saboun jdida chhal lsoum?,out_of_scope,none,synth
وين نشري ماكينة خياطة جديدة في بليدة؟ بارك الله فيكم,out_of_scope,none,synth
wech el ttebi2 ykhedm bla anternat?,app_question,none,synth
rani nhawes 3la transport meubles f Constantine,find_worker,mover,synth
صاحبي شحال تكلف خدمة: السروال طويل ونحب نأصرو؟,price_inquiry,tailor,synth
السروال يحتاج تقصير ونحتاج couturiere ديركت توا,urgent_service,tailor,synth
besoin d un لي يصلح الماشينات serieux f جيجل,find_worker,appliance_repair,synth
نحب نخيط جبة قسنطينية للعرس فيسع فيسع,urgent_service,tailor,synth
chkoun rbe7 el match lbare7? svp,out_of_scope,none,synth
l'appli gratuite wela payante? merci,app_question,none,synth
البورطاي ما عادش يتسكر غايا، شكون يعرف سودور مليح؟,find_worker,welder,synth
ri7at el mjari fel hammam 3awnouni,find_worker,plumber,synth
win kayen pharmacie 9riba f Chlef?,out_of_scope,none,synth
cas urgent: la voiture t7bes f nos tri9,urgent_service,mechanic,synth
les amis cc,greeting_chitchat,none,synth
بليز مول الكليمه في جيجل ضركا ضركا، نحب نبدل بلاصه الكليمه,urgent_service,ac_repair,synth
ya khouya 3nedi nheb ndiar پlakar 3la 2ias wne7taj wa7d ysel7ehali,find_worker,carpenter,synth
كيفاش نشارك في العروض تاع الخدمات؟,app_question,none,synth
ch7al tkelf khdema: tnedif lfour waltelaja walkouzina lkl 2bel rmedan,price_inquiry,cleaner,synth
كيفاش نخدم بهاد التطبيأ,app_question,none,synth
شحال يكلف تحفيفة للأولاد قبل الدخول المدرسي؟,price_inquiry,barber,synth
svp ma l9itch plaquiste disponible f Jijel,find_worker,plasterer,synth
واش هي الأسعار تاع واحد يعاونني في خدمة في الدار في قسنطينة؟,price_inquiry,none,synth
3andi casser un mur w n7elou bab,find_worker,mason,synth
وين كاين أقرب صيدلية في بومرداس؟,out_of_scope,none,synth
3nedi el siaj nta3 l7did tkesr wme7taj soudir wne7taj wa7d ysel7ehali,find_worker,welder,synth
combien coute un soudor?,price_inquiry,welder,synth
جاري گالي نسگسي هنا على مول الخياطة في باتنة,find_worker,tailor,synth
الشوفو ما يسخنش الما فيسع فيسع,urgent_service,plumber,synth
ya kho combien coute un ديمناجور?,price_inquiry,mover,synth
كيفاش نشوف تأييمات العامل ابل ما نخدم معاه,app_question,none,synth
من فضلكم اللافيسال تحبس في نص البروغرام ونحتاج لي يصلح الماشينات ديركت توا,urgent_service,appliance_repair,synth
حففلي راسي ديغراديه عاونوني,find_worker,barber,synth
win kayen a9reb sidlia f batna? rabi y7afdkom,out_of_scope,none,synth
clim ma tberredch!! chkoun yji fissa3?,urgent_service,ac_repair,synth
je cherche un menage à Alger,find_worker,cleaner,synth
راني نحوس على كهربائي في ورڨلة,find_worker,electrician,synth
sa7bi je cherche un peintre à Alger,find_worker,painter,synth
les prix ta3 transport meubles f Constantine?,price_inquiry,mover,synth
ch7al taman bach ndir soudure nta3 porte metallique?,price_inquiry,welder,synth
شحال يدير مول الضو في بجاية,price_inquiry,electrician,synth
شحال يدير منوزيي في تلمسان؟,price_inquiry,carpenter,synth
7ala mset3ejla: el four ma ysekhnech,urgent_service,appliance_repair,synth
ch7al ydir ميكانيكي f قسنطينة?,price_inquiry,mechanic,synth
dlouni 3la mnouzii chatr wme3qoul,find_worker,carpenter,synth
toute la maison sans courant chkoun 3ando solution,find_worker,electrician,synth
شحال تكلف خدمة: نحتاج حلاق للعريس صباح العرس,price_inquiry,barber,synth
"tnedif el moukit walkenaپi, chkoun y3erf li ydir el minaj mli7",find_worker,cleaner,synth
svp chkoun 3ando numero ta3 traiteur f Constantine?,find_worker,caterer,synth
نسيت كلمة السر، واش نديار؟ يعطيكم الصحة,app_question,none,synth
recette nta3 couscous svp,out_of_scope,none,synth
win nle9a tkouin f lnjara?,out_of_scope,none,synth
nettoyage nta3 les bureaux 3awnouni,find_worker,cleaner,synth
kifach nghayyer profession fel compte ta3i,app_question,none,synth
شحال يدير soudor في Boumerdes؟,price_inquiry,welder,synth
chhal nkhels bach nsel7 el rouba t7etaj tdii9 mn el jnab?,price_inquiry,tailor,synth
chakhchoukha l mounasba n7taj cuisiniere tawa dork,urgent_service,caterer,synth
kifach nchouf t9iimat el 3aml 9bel ma nkhedm m3ah?,app_question,none,synth
rani nhawes 3la li ysala7 clima fi msetghanm,find_worker,ac_repair,synth
تنظيف الدار بعد العرس ونحتاج فام دو ميناج ديركت ضروك,urgent_service,cleaner,synth
bounjour wallah ghir 7asel,greeting_chitchat,none,synth
شحال السوم تاع مصلح الأجهزة؟,price_inquiry,appliance_repair,synth
3awnouni tableau electrique 9dim w rani 7asel rabi y7afdkom,urgent_service,electrician,synth
arrosage automatique lel jnina chkoun yrakbou,out_of_scope,none,synth
rani n7awes 3la mecanicien f Constantine,find_worker,mechanic,synth
نحتاج بلومبيي يجي غدوة الصباح لـ سكيكدة,find_worker,plumber,synth
بشحال الخدمة نتاع لحّام تقريبا؟,price_inquiry,welder,synth
ya kho n7taj plombier mlih f Constantine,find_worker,plumber,synth
الرطوبة كلات الحيط تاع البيت من فضلكم,find_worker,mason,synth
nheb nte3lem lkherba wech kayen tkouin?,out_of_scope,none,synth
wach hi las3ar nta3 7la9 f wheran?,price_inquiry,barber,synth
شحال يكلف نحتاج نتوايا وصيانة الكليمة قبل الصيف؟,price_inquiry,ac_repair,synth
الكليمة تگطر الما في البيت، شكون يعرف تگني كليماتيزور مليح,find_worker,ac_repair,synth
تصبحو على خير,greeting_chitchat,none,synth
كيفاش نمسح الحساب تاعي,app_question,none,synth
بشحال الخدمة تاع مول البناء تقريبا؟ وشكرا مسبقا,price_inquiry,mason,synth
rani n7awes 3la مول الجبس f سطيف,find_worker,plasterer,synth
نحفف وندير اللحية عند الدار، شكون يعرف مول الحلاقة مليح؟,find_worker,barber,synth
eddar fiha nbeniou ghrefa ziada llediaf f el 7ouch mn simana kamla,find_worker,mason,synth
ya khouya wach n9edr nleghi tleb b3ethtou?,app_question,none,synth
العجلة تنفّس,find_worker,mechanic,synth
kifah nbeddel numero ta3i f compte? rabi y7afdkom,app_question,none,synth
sa7bi ch7al ykalefni transport meubles pour une journee?,price_inquiry,mover,synth
خويا الكارلاج تاع الحمام تڨلع وولى يجمع الما شكون يجي يشوفها,find_worker,mason,synth
batterie morte men fadlkom wallah ghir 7asel,find_worker,mechanic,synth
صاحبي دلوني على tabbakha شاطر ومعقول,find_worker,caterer,synth
ch7al prix nta3 abonnement par mois?,app_question,none,synth
chhal ykelf el achterak fi el chher?,app_question,none,synth
"el jbes ta3 plafond tche99 wme7taj tesli7, chkoun y3erf mol lblakou mli7?",find_worker,plasterer,synth
نقدر نلقى bennay يجي اليوم لـ Bordj Bou Arreridj؟,find_worker,mason,synth
يا شيخ خويا نحب صباغة غرفة الأطفال بألوان شابة شكون يجي يشوفها,find_worker,painter,synth
kifech nzid tsaour lkhedmati,app_question,none,synth
شحال نخلص باش نصلح رتوش خفيف على روبة السهرة؟,price_inquiry,tailor,synth
شحال يكلف نبغي نضيڨ الروبة من الجناب,price_inquiry,tailor,synth
جاري قالي نسقسي هنا على plaquiste في Skikda,find_worker,plasterer,synth
جاري قالي نسقسي هنا على تريتور في بومرداس,find_worker,caterer,synth
"j'ai oublié mon mot de passe, wach ndir?",app_question,none,synth
win nechri gazon w les plantes f Batna?,out_of_scope,none,synth
وين نأرا لانجليزية في ورألة؟,out_of_scope,none,synth
كيفاش نديار كونت فيسبوك؟ وشكرا مسبڨا,out_of_scope,none,synth
"ya cheikh 3nedi n7taj tritour lfetour rmedan l3aila kbira fi eddar, wach ndiar?",find_worker,caterer,synth
الكوزينيار ما يشعلوش البلاكات تاعو واش نديار,find_worker,appliance_repair,synth
وين نلڨى الطلبات لي بعثتهم,app_question,none,synth
مستعجل: نحتاج kwafur اليوم في Alger,urgent_service,barber,synth
plafond placo tah mennou tarf 3awnouni,find_worker,plasterer,synth
دلوني على مول الطياب شاطر ومعقول,find_worker,caterer,synth
depuis 3 jours 3andna drari y7afffo gbel l3id,find_worker,barber,synth
عندي نحفف وندير اللحية عند الدار في الدار، واش نديار؟,find_worker,barber,synth
"el toumoubil t7ebs fi ns el tri9, chkoun y3erf moul el mikanik mlih",find_worker,mechanic,synth
نحتاج نزيد بيت فوق السطح ونحتاج بنّاء ديركت توا,urgent_service,mason,synth
ch7al rahi el sa3a? w chokran,out_of_scope,none,synth
urgence!!! nettoyage ta3 dar ba3d le demenagement f Bejaia,urgent_service,cleaner,synth
el siaj el akhder ta3 el jnan y7etaj tgelim,out_of_scope,none,synth
الطوموبيل ما تحبش تشعل ومازال ما لأيتش لي يصلحها,find_worker,mechanic,synth
douk dork coupe pour les enfants avant la rentrée,urgent_service,barber,synth
ch7al nkhels bach nsel7 kayen rtouba wte9chir f plafond el bit?,price_inquiry,painter,synth
نبغي نكوموندي حلويات تقليديه للعرس، شكون يعرف مول الطياب مليح؟,find_worker,caterer,synth
وين كاين أقرب صيدلية في قسنطينة,out_of_scope,none,synth
واش نقدر نستعمل التطبيق كضيف بلا كونت,app_question,none,synth
نحتاج sebbagh مليح في Jijel,find_worker,painter,synth
الطوموبيل ما تحبش تشعل ونحتاج مول الميكانيك ديركت توا,urgent_service,mechanic,synth
من فضلكم نحوس على ريسطورون مليح للعشاء في Ouargla,out_of_scope,none,synth
واش الأحوال؟,greeting_chitchat,none,synth
عندي ميناج أسبوعي للفيلا في الدار، واش نديار؟,find_worker,cleaner,synth
نحب نصبغ الدار ابل العيد!! نحتاج واحد يجي فيسع,urgent_service,painter,synth
شحال تكلف خدمة: جبس السڨف طايح شوية شوية؟ والله غير حاصل,price_inquiry,plasterer,synth
dork dork decor jebs fel plafond,urgent_service,plasterer,synth
وين نشري الزرع والورد للجنان في بسكرة؟,out_of_scope,none,synth
نحول من وهران للعاصمة ونحتاج نقل العفش عاونوني,find_worker,mover,synth
ياخو التيليفون تاعي تهرس الايكران وين نصلحو؟,out_of_scope,none,synth
الدار فيها كاين ريحة مجاري في الحمام من سيمانة كاملة,find_worker,plumber,synth
واش كاين شي عاملة تنظيف قريب من الجزائر العاصمة؟,find_worker,cleaner,synth
يا جماعة الجنان محتاج تنقية وقازون جديد,out_of_scope,none,synth
واش هي الأسعار تاع سباك في برج بوعريريج؟,price_inquiry,plumber,synth
chkoun y9asli el gazon ta3 jardin?,out_of_scope,none,synth
chkoun 3ando numero nta3 plombi f Jijel? w chokran,find_worker,plumber,synth
mset3ejle: n7taj bna lyoum fi brej bou3ririj,urgent_service,mason,synth
مستعجل: نحتاج نجار اليوم في بسكرة,urgent_service,carpenter,synth
جاري ڨالي نسڨسي هنا على مول الطياب في بليدة,find_worker,caterer,synth
recette ta3 tajine 7lou lel 3id,out_of_scope,none,synth
نحوس على طبيب أسنان غايا في باتنة,out_of_scope,none,synth
"bonjour, n7taj kouafour yji lledar nhar el 3res fissa3 fissa3",urgent_service,barber,synth
ch7al lsoum ta3 sebbagh?,price_inquiry,painter,synth
nheb net3allem la soudure kayen formation?,out_of_scope,none,synth
علاش ما يوصلنيش الإشعار كي يجاوبني عامل؟ الله يخليك,app_question,none,synth
من فضلكم نحتاج ميكانيسيان زين في عنابة,find_worker,mechanic,synth
جاري ڨالي نسڨسي هنا على واحد يعاونني في خدمة في الدار في تلمسان,find_worker,none,synth
شحال يدير demenageur في Bordj Bou Arreridj؟,price_inquiry,mover,synth
les prix ta3 wa7ed y3aweni f khedma f dar f جيجل?,price_inquiry,none,synth
عاونوني! الكليمة تجمد وتحبس وحدها وراني حاصل,urgent_service,ac_repair,synth
chkoun 3ando numero ta3 7addad f Boumerdes?,find_worker,welder,synth
نحب بورطاي حديد للغاراج ومازال ما لقيتش لي يصلحها,find_worker,welder,synth
nbeddel les robinets ta3 cuisine 3awnouni,find_worker,plumber,synth
depuis 3 jours 3andna construire un mur fel jardin,find_worker,mason,synth
ch7al nkhels bach nsel7 el lavabo rah yfouiti?,price_inquiry,plumber,synth
win kayen a9reb sidlia f tiart?,out_of_scope,none,synth
kifech n2im l3aml b3ed el khdema?,app_question,none,synth
شحال يدير لي ينڨل الأثاث في وهران؟,price_inquiry,mover,synth
شحال نخلص باش نصلح الكناپي ولا مصفر من الاولاد ويحتاج غسيل عميق؟,price_inquiry,cleaner,synth
"kayen rtouba wte9chir fi s9af lbit, chkoun y3erf mol el sbagha zin",find_worker,painter,synth
ya kho mre7ba,greeting_chitchat,none,synth
الكوزينيار ما يشعلوش البلاكات تاعو ونحتاج لي يصلح الماشينات ديركت ضروك ياخو,urgent_service,appliance_repair,synth
win nechri machine a coudre f Tiaret?,out_of_scope,none,synth
3awnouni grille de protection lel fenetres w rani 7asel,urgent_service,welder,synth
je cherche un مول السباكة à بجاية,find_worker,plumber,synth
سلام خويا، نحتاج مول البلاكو يجي غدوة الصباح لـ بليدة,find_worker,plasterer,synth
ههههه شابة بارك الله فيكم,greeting_chitchat,none,synth
نقدر نلقى réparateur électroménager يجي اليوم لـ Skikda؟,find_worker,appliance_repair,synth
"svp couturiere f Mostaganem vite, retouche w tadyiq nta3 roba",urgent_service,tailor,synth
3andi n7affef 3and dar svp,find_worker,barber,synth
wach kayen mécanicien 9rib meni f Jijel?,find_worker,mechanic,synth
بشحال الخدمة نتاع طباخة تگريبا؟,price_inquiry,caterer,synth
شحال يكلفني soudeur لليوم كامل,price_inquiry,welder,synth
نحتاج واحد يأص الحشيش تاع الجنان,out_of_scope,none,synth
بليز بنّاء في بومرداس ضركا ضركا، نبنيو غرفة زيادة للضياف في الحوش,urgent_service,mason,synth
سلام خويا، مساء الخير,greeting_chitchat,none,synth
وين نلقى تكوين في النجاره؟,out_of_scope,none,synth
ma l9itch mikanisyan disponible f Batna,find_worker,mechanic,synth
nebghi net3allem la soudure kayen formation?,out_of_scope,none,synth
راني نحوس على خدمة نخدمها، واش كاين بلايص؟,out_of_scope,none,synth
"tnedif el moukit walkenaپi, chkoun y3erf agent de nettoyage mli7?",find_worker,cleaner,synth
شحال نخلص باش نصلح الكليمة تجري الما من الداخل؟,price_inquiry,ac_repair,synth
نحتاج نزيد بيت فوق السطح، شكون يعرف ماصون مليح؟,find_worker,mason,synth
restaurant mli7 l le diner f Ghardaia?,out_of_scope,none,synth
wach la7oual?,greeting_chitchat,none,synth
wech n9edr nset3eml lttebi9 kdif bla kount?,app_question,none,synth
نحب بورطاي حديد للغاراج شكون عندو حل,find_worker,welder,synth
وين كاين أڨرب صيدلية في عنابة؟,out_of_scope,none,synth
svp llh ybark 3likm,greeting_chitchat,none,synth
3aounouni! ltoumoubil t7ebs fi ns el tri2 wrani 7asl,urgent_service,mechanic,synth
"svp demenageur f Ghardaia vite, transporter frigo w machine",urgent_service,mover,synth
voyant moteur allumé fel tableau fissa3 svp,urgent_service,mechanic,synth
"saha, kifach rah el jaw f Batna?",out_of_scope,none,synth
"bonjour, urgence!! cache poutre en ba13 f Oran",urgent_service,plasterer,synth
"saha, n7taj mra t3aoun mama f 9dian eddar fissa3 fissa3",urgent_service,cleaner,synth
السياج الأخضر نتاع الجنان يحتاج تڨليم,out_of_scope,none,synth
je cherche un مول الحلاقة à سطيف,find_worker,barber,synth
نحتاج حلاق يجي غدوة الصباح لـ باتنة,find_worker,barber,synth
ya kho n7awes 3la ch2a llekra fi msetghanm,out_of_scope,none,synth
كيفاش نمسح الحساب تاعي؟ ياخو,app_question,none,synth
سلام خويا، نحب نديار فو بلافون بلاكو في الصالون ونحتاج بلاكيست ديركت توا,urgent_service,plasterer,synth
مستعجل: نحتاج soudeur اليوم في Mostaganem,urgent_service,welder,synth
ارجو المساعدة بسرعة، الپاركي تاع البيت تخرب,urgent_service,carpenter,synth
نحتاج نجار يجي غدوة الصباح لـ باتنة,find_worker,carpenter,synth
واش كاين شي مصلح تلاجات قريب من تلمسان؟,find_worker,appliance_repair,synth
cas urgent: brushing w couleur f dar,urgent_service,barber,synth
"slm, kifach n9im l3aml b3ed lkhdema?",app_question,none,synth
عاونوني! نبغي نديار باب حديد للحوش وراني حاصل,urgent_service,welder,synth
combien pour coiffure ta3 la mariée a domicile?,price_inquiry,barber,synth
les amis nheb net3allem la soudure kayen formation?,out_of_scope,none,synth
"y3etikm ls7a, n7awes moul clima nacht f brej bou3ririj",find_worker,ac_repair,synth
يا شيخ نحتاج بنّاء مليح في غرداية,find_worker,mason,synth
يعطيك الصحة,greeting_chitchat,none,synth
الپاركي تاع البيت تخرب فيسع فيسع وشكرا مسبڨا,urgent_service,carpenter,synth
ch7al ykelf n7eff wnedir ll7ia 3ned eddar?,price_inquiry,barber,synth
wach kayen coiffeur grib meni f Chlef?,find_worker,barber,synth
ارجو المساعدة بسرعة، كاين رطوبة وتقشير في سقف البيت,urgent_service,painter,synth
ma lgitch demenageur disponible f Alger,find_worker,mover,synth
bonsoir,greeting_chitchat,none,synth
نحوس على شقة للكراء في سطيف,out_of_scope,none,synth
شكون عندو نيميرو تاع مول الطياب في وهران؟,find_worker,caterer,synth
ارجو المساعدة بسرعة، جبس السڨف طايح شوية شوية,urgent_service,plasterer,synth
راسي شعث بزاف ونحتاج نحفف!! نحتاج واحد يجي فيسع,urgent_service,barber,synth
combien coute un mécanicien?,price_inquiry,mechanic,synth
يعيشك خويا الله يخليك,greeting_chitchat,none,synth
ارجو المساعدة بسرعة، نبغي نديار كارلاج جديد في الكوزينة,urgent_service,mason,synth
sa7bi ch7al ykalefni soudeur pour une journee?,price_inquiry,welder,synth
راهي عندي اللافابو راه يفويتي وحاصل,find_worker,plumber,synth
شحال يكلف نحتاج طياب للوليمة نهار السبت؟,price_inquiry,caterer,synth
khouya el drej el khchebi yze9ze9 chkoun yji ychoufha,find_worker,carpenter,synth
cas urgent: isolation avec ba13,urgent_service,plasterer,synth
شحال يكلف تريتور للختانة نهار الجمعة؟,price_inquiry,caterer,synth
الفور ما يسخنش ومازال ما لقيتش لي يصلحها,find_worker,appliance_repair,synth
سلام خويا، عندي طوفان الما في الكوزينة في الدار، واش نديار؟,find_worker,plumber,synth
transport ta3 piano chkoun 3ando solution,find_worker,mover,synth
شحال نخلص باش نصلح الاومبرياج يزلق؟,price_inquiry,mechanic,synth
صباغة الأبواب والفنيترات واش نديار,find_worker,painter,synth
نحتاج mol l placo يجي غدوة الصباح لـ Chlef,find_worker,plasterer,synth
نبغي نحفف قبل العيد!! نحتاج واحد يجي فيسع,urgent_service,barber,synth
بشحال الخدمة تاع فام دو ميناج تأريبا؟,price_inquiry,cleaner,synth
شحال نخلص باش نصلح نحتاج نتوايا وصيانة الكليمة ابل الصيف؟,price_inquiry,ac_repair,synth
معليش تڨولي كيفاش راه الطڨس في وهران؟,out_of_scope,none,synth
الدار فيها الكليماتيزور يدير صوت غريب من سيمانة كاملة,find_worker,ac_repair,synth
femme de menage teji kol jem3a wach ndir,find_worker,cleaner,synth
nbi3 telephone samsung presque jdid,out_of_scope,none,synth
ارجو المساعدة بسرعة، نحب نبدل لون الصالون,urgent_service,painter,synth
نحتاج نبدل الكابلاج القديم تاع الدار!! نحتاج واحد يجي فيسع,urgent_service,electrician,synth
3nedi tritour llekhtana nhar el jme3a wne7taj wa7d ysel7ehali,find_worker,caterer,synth
win nechri machine a coudre f Jijel,out_of_scope,none,synth
n7eb nkhebi lkablaj b7it blakou 3aounouni,find_worker,plasterer,synth
escalier en bois yzegzeg 3awnouni ya kho,find_worker,carpenter,synth
ch7al nkhalles bach nsale7 reparer les volets ta3 fenetres?,price_inquiry,carpenter,synth
وين نشري ماكينة خياطة جديدة في قسنطينة,out_of_scope,none,synth
cuisiniere ma tech3elch,find_worker,appliance_repair,synth
كيفاه نبعث طلب خدمة,app_question,none,synth
شكون يركب سقي أوتوماتيك في الجنينة,out_of_scope,none,synth
وين نلقى بيتزيريا مليحة في باتنة,out_of_scope,none,synth
dar fiha fou blafoun m3 adaa mkhebia mn simana kamla w chokran,find_worker,plasterer,synth
نحوس على ريسطورون غايا للعشاء في سكيكدة,out_of_scope,none,synth
ch7al ykelfeni 7addad llioum kamel?,price_inquiry,welder,synth
ارجو المساعدة بسرعة، نحب نركب تريات في السقف,urgent_service,electrician,synth
3awnouni rideaux lel salon sur mesure w rani 7asel,urgent_service,tailor,synth
compte guest kifah ykhdem?,app_question,none,synth
bonjour,greeting_chitchat,none,synth
kifah rah el jaw f Boumerdes?,out_of_scope,none,synth
depuis 3 jours 3andna reparation grille ta3 fenetre merci,find_worker,welder,synth
jari 9ali nse9si hna 3la tritour fi tiart,find_worker,caterer,synth
n7taj wa7d y3aweni f khdema fi dar yji ghodwa el sba7 l Annaba,find_worker,none,synth
بليز مول الضو في ورقلة دورك دورك، نحتاج نبدل الكابلاج القديم تاع الدار,urgent_service,electrician,synth
البيسي تاعي ولا ثقيل ياسر واش نديار؟,out_of_scope,none,synth
tableau electrique 9dim ... chkoun ysal7hali?,find_worker,electrician,synth
يا خويا واش الأحوال؟,greeting_chitchat,none,synth
3awnouni coiffure nta3 la mariée a domicile w rani 7asel,urgent_service,barber,synth
win nelga pizzeria mli7a f Jijel,out_of_scope,none,synth
راني نحوس على plombi في Bejaia والله غير حاصل,find_worker,plumber,synth
n7eb nte3lem lkhiata wech kayen tkouin grib?,out_of_scope,none,synth
clim ma tberredch,find_worker,ac_repair,synth
سلام خويا، كيفاش نبدل رأم تيليفوني في الكونت؟,app_question,none,synth
راهي عندي نحتاج مرا تعاون ماما في قضيان الدار وحاصل,find_worker,cleaner,synth
نحتاج مول الميكانيك يجي غدوة الصباح لـ تيارت,find_worker,mechanic,synth
بليز reparateur machine a laver في Chlef دوك دوك، الميكروند مات,urgent_service,appliance_repair,synth
نبغي نديار قفص حديد فوق السطح، شكون يعرف مول السودير مليح؟,find_worker,welder,synth
ميناج أسبوعي للفيلا فيسع فيسع,urgent_service,cleaner,synth
kifach rah el jaw f Chlef?,out_of_scope,none,synth
nettoyage appartement 9bel ma nekriwah men fadlkom,find_worker,cleaner,synth
الدار فيها نحب صباغة غرفة الأطفال بألوان شابة من سيمانة كاملة,find_worker,painter,synth
"bonjour, win nel9a les demandes li b3aththom?",app_question,none,synth
نحتاج مصلح تلاجات يجي غدوة الصباح لـ وهران,find_worker,appliance_repair,synth
kifech nbeddel r9em tilifouni f el kount?,app_question,none,synth
ya kho le paiement fel appli kifach ykoun?,app_question,none,synth
نحوس على شقة للكراء في Batna,out_of_scope,none,synth
شحال يكلفني bennay لليوم كامل؟,price_inquiry,mason,synth
wach hi las3ar ta3 l7am f stif,price_inquiry,welder,synth
عندي تصليح سودير في السلم الحديدي في الدار، واش نديار؟,find_worker,welder,synth
kifech nbeddel rqem tilifouni fi lkount?,app_question,none,synth
شحال يدير mol l placo في Bordj Bou Arreridj؟,price_inquiry,plasterer,synth
مستعجل: نحتاج مول السودير اليوم في مستغانم,urgent_service,welder,synth
نحوس وصفة طاجين حلو للعيد يعطيكم الصحة,out_of_scope,none,synth
3andi n7awlou l dar jdida f nefs el 7ay,find_worker,mover,synth
نحوس على ريسطورون مليح للعشاء في تلمسان,out_of_scope,none,synth
chhal tkelf khdema: lkbout t9et3 mn lktef wme7taj rtouch,price_inquiry,tailor,synth
عاونوني! نحب حماية حديد للفنيترات وراني حاصل,urgent_service,welder,synth
je cherche un plombier à Batna,find_worker,plumber,synth
n7awes 3la dentiste mli7 f Batna,out_of_scope,none,synth
"nsit klema lsr, wech ndiar?",app_question,none,synth
نصب دالة جديدة!! نحتاج واحد يجي فيسع,urgent_service,mason,synth
rani n7awes 3la wa7ed y3aweni f khedma f dar f Jijel,find_worker,none,synth
بليز menuisier في Skikda ضركا ضركا، نحب نركب باب رئيسية جديدة,urgent_service,carpenter,synth
"bonjour, douk dork parquet mkhareb",urgent_service,carpenter,synth
n7taj t9eni klimatizour mlih fi jijl,find_worker,ac_repair,synth
wach kayen wa7ed y3aweni f khedma f dar grib meni f Tiaret?,find_worker,none,synth
كي نشعل الماشينة يطيح الضو ونحتاج كهربائي ديركت دوك,urgent_service,electrician,synth
humidité fel mur w ma 3reftch win nrou7,find_worker,mason,synth
شحال يكلف الميكروند مات,price_inquiry,appliance_repair,synth
repeindre la façade ta3 dar w ma 3reftch win nrou7,find_worker,painter,synth
عندي الباب الحديدية خرجت من بلاصتها في الدار، واش نديار,find_worker,welder,synth
ch7al tkelf khdema: n7eb nrakeb triat f es sgaf?,price_inquiry,electrician,synth
شكون عندو نيميرو تاع سودور في بسكرة؟,find_worker,welder,synth
نقدر نلقى maçon يجي اليوم لـ Bejaia؟,find_worker,mason,synth
wach mn film ghaya ntefrejou lyoum?,out_of_scope,none,synth
"saha, 3lach les notifications ma yjounich?",app_question,none,synth
prof nta3 maths l les cours particuliers,out_of_scope,none,synth
fenetre ma tetsakkarch mli7 men fadlkom ya kho,find_worker,carpenter,synth
بريز محروقة!! نحتاج واحد يجي فيسع,urgent_service,electrician,synth
نقل عفش عروسة عاونوني,find_worker,mover,synth
واش نأدر نستعمل التطبيأ كضيف بلا كونت,app_question,none,synth
la clim tjamed w t7bes wa7edha 3awnouni,find_worker,ac_repair,synth
الله يخليكم الشوفو ما يسخنش الما ومقدرتش نلقى حل,urgent_service,plumber,synth
وين نشري ماكينة خياطة جديدة في Ouargla,out_of_scope,none,synth
شحال يدير مول البناء في بجاية؟,price_inquiry,mason,synth
depuis 3 jours 3andna camion sghir bach nne2lou les meubles,find_worker,mover,synth
عاونوني! نحتاج نزيد بيت فوق السطح وراني حاصل والله غير حاصل,urgent_service,mason,synth
يا جماعة نبغي وصفة كسكسي بالدجاج,out_of_scope,none,synth
سلام عليكم,greeting_chitchat,none,synth
les amis kifach nactivi la localisation fel appli?,app_question,none,synth
نحوس على ريسطورون مليح للعشاء في وهران بارك الله فيكم,out_of_scope,none,synth
ch7al rahi el sa3a?,out_of_scope,none,synth
كليمة الطوموبيل ما تبردش!!! نحتاج واحد يجي فيسع,urgent_service,mechanic,synth
nkhayet 9andoura lel 3id n7taj khayat tawa drouk,urgent_service,tailor,synth
عندي فو بلافون مع اضاءة مخبية في الدار، واش نديار؟ وشكرا مسبقا,find_worker,plasterer,synth
kifach ndir compte facebook? rabi y7afdkom,out_of_scope,none,synth
واش التطبيق مجاني ولا بالخلاص؟,app_question,none,synth
el tablou lkahrabji 9dim wikhouf mn fdelkem,find_worker,electrician,synth
"bliz masoun fi blida dork dork, n7eb ndiar siaj 7oul el jnan rabi y7afdkom",urgent_service,mason,synth
ch7al ykalefni sebbak pour une journee?,price_inquiry,plumber,synth
chkoun 3ando numero ta3 électricien f Bordj Bou Arreridj,find_worker,electrician,synth
دلوني على مول السودير شاطر ومعگول,find_worker,welder,synth
راهي عندي نحتاج تنظيف الزجاج والفنيترات تاع الفيلا وحاصل,find_worker,cleaner,synth
نحب طباخة تجي تطيب في الدار لمناسبة عاونوني,find_worker,caterer,synth
wach nqder nkoun worker w client f meme temps? svp,app_question,none,synth
bche7al el khdema ta3 moul el tiab t9eriba,price_inquiry,caterer,synth
كيفاش نبعث طلب خدمة,app_question,none,synth
نحتاج عاملة تنظيف مليح في تلمسان,find_worker,cleaner,synth
خويا الدرج الخشبي يزڨزڨ شكون يجي يشوفها,find_worker,carpenter,synth
كيفاش نديار كونت فيسبوك؟ يعطيكم الصحة,out_of_scope,none,synth
نحتاج فام دو ميناج غايا في باتنة,find_worker,cleaner,synth
coudre des rideaux occultants l chambre!! chkoun yji fissa3?,urgent_service,tailor,synth
شحال يكلف الماشينة نتاع الصابون ما تدورش؟,price_inquiry,appliance_repair,synth
واش هي الأسعار تاع بنّاء في سكيكدة؟,price_inquiry,mason,synth
les amis kifach nzid des photos l khedmti?,app_question,none,synth
الطابلة تاع الصالون محتاجة تصليح ومازال ما لڨيتش لي يصلحها,find_worker,carpenter,synth
راني نحوس على صباغ في الشلف يعطيكم الصحة,find_worker,painter,synth
ch7al ykelfeni tritour llioum kamel?,price_inquiry,caterer,synth
"saha, voyant moteur allumé fel tableau!! chkoun yji fissa3?",urgent_service,mechanic,synth
kifah nes7ab compte ta3i?,app_question,none,synth
win ncheri makina khiata jdida f 3naba,out_of_scope,none,synth
lbourtai ma 3adch ytesker mli7 wne7taj l7am dirket tawa,urgent_service,welder,synth
kifach rah el jaw f Bejaia?,out_of_scope,none,synth
وين نشري ماكينة خياطة جديدة في الجزائر العاصمة؟,out_of_scope,none,synth
"bonjour, wech el ttebig mjani wla balkhelas?",app_question,none,synth
يا جماعة واش الخلاص يكون كاش ولا بالكارطة؟,app_question,none,synth
ch7al nkhalles bach nsale7 nheb nrakeb lavabo jdid fel hammam?,price_inquiry,plumber,synth
رتوش خفيف على روبة السهرة فيسع فيسع ياخو,urgent_service,tailor,synth
mur ta3 7ouch mayel men fadlkom,find_worker,mason,synth
شحال يكلف الديجونكتور يطيح ديما,price_inquiry,electrician,synth
chkoun 3ando numero ta3 reparateur machine a laver f Chlef?,find_worker,appliance_repair,synth
chhal lsoum nta3 mnouzii?,price_inquiry,carpenter,synth
el machina ta3 lsaboun ma tdourch!!! n7taj wa7d yji fissa3,urgent_service,appliance_repair,synth
شحال نخلص باش نصلح نحب نديار افص حديد فوأ السطح؟,price_inquiry,welder,synth
ياخو واش راهي أخبار الماتش تاع البارح؟,out_of_scope,none,synth
شكون عندو نيميرو تاع بلاكيست في وهران؟,find_worker,plasterer,synth
شكون عندو نيميرو تاع عاملة تنظيف في بسكرة,find_worker,cleaner,synth
شحال يكلفني تريسيان لليوم كامل,price_inquiry,electrician,synth
nheb nte3lem el kherba wech kayen tkouin? merci,out_of_scope,none,synth
الرطوبه كلات الحيط تاع البيت عاونوني,find_worker,mason,synth
وين نقرا لانجليزية في بومرداس؟,out_of_scope,none,synth
depuis 3 jours 3andna femme de menage teji kol jem3a,find_worker,cleaner,synth
n7awes 3la ristouroun mlih lle3cha fi Alger,out_of_scope,none,synth
n7eb nte3lem lkhiata wech kayen tkouin 9rib?,out_of_scope,none,synth
mset3ejle: n7taj sebbak lyoum f tlemsan,urgent_service,plumber,synth
construire un mur fel jardin wach ndir,find_worker,mason,synth
شحال يكلف الكليمة تطلق ريحة كريهة؟,price_inquiry,ac_repair,synth
السياج الأخضر تاع الجنان يحتاج تقليم,out_of_scope,none,synth
jari 9ali nse9si hna 3la moul el jbes f wre9la,find_worker,plasterer,synth
les prix nta3 soudeur f Biskra?,price_inquiry,welder,synth
salut,greeting_chitchat,none,synth
وين كاين أقرب صيدلية في جيجل؟,out_of_scope,none,synth
جاري ڨالي نسڨسي هنا على حلاڨ في عنابة,find_worker,barber,synth
الكليمة تطلق ريحة كريهة ونحتاج لي يصلح الكليمة ديركت توا يعطيكم الصحة,urgent_service,ac_repair,synth
faux plafond avec lumiere indirecte 3awnouni,find_worker,plasterer,synth
3nedi n9el tlaja wmachina lletab9 lthalth wne7taj wa7d ysel7ehali,find_worker,mover,synth
الاومبرياج يزلڨ,find_worker,mechanic,synth
nhawes 3la chga llekra f batna,out_of_scope,none,synth
nrakeb un lustre f salon 3awnouni,find_worker,electrician,synth
les amis depuis 3 jours 3andna portail ta3 garage mkasser,find_worker,welder,synth
بليز خياط في غرداية دورك دورك، رتوش خفيف على روبة السهرة,urgent_service,tailor,synth
ترأيع الجاكيطة الأديمة عاونوني,find_worker,tailor,synth
toilette bouchée w el ma ytla3 w ma 3reftch win nrou7,find_worker,plumber,synth
kifah nchark f l3roud ta3 el khdemat?,app_question,none,synth
rani n7awes 3la مول الضو f قسنطينة,find_worker,electrician,synth
خويا التلاجة ما تبردش والمأكلة تخسر شكون يجي يشوفها وشكرا مسبقا,find_worker,appliance_repair,synth
les prix nta3 wa7ed y3aweni f khedma f dar f Annaba?,price_inquiry,none,synth
نحتاج سباك زين في برج بوعريريج,find_worker,plumber,synth
نحوس على طبيب أسنان غايا في بليدة,out_of_scope,none,synth
راني نحوس على نجار في سكيكدة,find_worker,carpenter,synth
الله يخليكم الكبوط تقطع من الكتف ومحتاج رتوش ومقدرتش نلقى حل,urgent_service,tailor,synth
win nechri gazon w les plantes f Skikda,out_of_scope,none,synth
nheb net3allem la soudure kayen formation? ya kho,out_of_scope,none,synth
شحال السوم تاع plakist؟,price_inquiry,plasterer,synth
سلام، شحال تكلف خدمة: نبغي نديار كارلاج جديد في الكوزينة؟,price_inquiry,mason,synth
الله يخليكم الرطوبة اوست البلاكو تاع البيت ومأدرتش نلأى حل,urgent_service,plasterer,synth
الفرينات يديرو صوت يخوف من فضلكم,find_worker,mechanic,synth
kifech nfe3l el mou93 bach yle9aouni l3mal?,app_question,none,synth
ya khouya kifach n3ayet l worker apres la mission?,app_question,none,synth
الدار فيها الكليمة تطلگ ريحة كريهة من سيمانة كاملة,find_worker,ac_repair,synth
ارجو المساعدة بسرعة، الكوزينيار ما يشعلوش البلاكات تاعو,urgent_service,appliance_repair,synth
reparer les volets ta3 fenetres w ma 3reftch win nrou7 rabi y7afdkom,find_worker,carpenter,synth
نقدر نلقى كوافور يجي اليوم لـ بجاية؟,find_worker,barber,synth
win kayen pharmacie 9riba f Oran?,out_of_scope,none,synth
fuite d'eau f la cuisine 3awnouni,find_worker,plumber,synth
kifach rah el jaw f Skikda?,out_of_scope,none,synth
win kayen pharmacie 9riba f Tizi Ouzou?,out_of_scope,none,synth
"bonjour, dar fiha 7la9a f eddar lchikh kbir ma y9edrech ykherj mn simana kamla",find_worker,barber,synth
ma l2itch khayat disponible f Annaba,find_worker,tailor,synth
devis approximatif: les murs mkharbchin ye7tajo enduit?,price_inquiry,painter,synth
بشحال الخدمة تاع demenageur تأريبا؟,price_inquiry,mover,synth
rani n7awes 3la barbier f Bejaia,find_worker,barber,synth
ngel machine a laver l etage chkoun 3ando solution,find_worker,mover,synth
n7eb ndiar siaj 7oul jardin wmazal ma l9itch li ysel7eha,find_worker,mason,synth
n7taj mol daw yji ghodwa el sba7 l skikda,find_worker,electrician,synth
حالة مستعجلة: نحب نديار سياج حول الجنان,urgent_service,mason,synth
نسيت كلمه السر، واش نديار؟,app_question,none,synth
chkoun 3ando numero ta3 agent de nettoyage f Jijel?,find_worker,cleaner,synth
nheb net3allem la soudure kayen formation,out_of_scope,none,synth
wech kayen chi technicien clim 9rib mn Setif?,find_worker,ac_repair,synth
n9edr nle9a moul eddaw yji lyoum l boumredas?,find_worker,electrician,synth
restaurant mli7 l le diner f الجزائر العاصمة?,out_of_scope,none,synth
3awnouni tabbakha lel 3ers w rani 7asel,urgent_service,caterer,synth
"bonjour, n7taj menage mlih f Constantine",find_worker,cleaner,synth
win nechri gazon w les plantes f الشلف?,out_of_scope,none,synth
kifach ndiar kount fisbouk,out_of_scope,none,synth
الما ضعيف ما يطلعش للطابق فيسع فيسع,urgent_service,plumber,synth
نبدلو الدار الشهر الجاي ونحتاجو نقل القش ومازال ما لقيتش لي يصلحها,find_worker,mover,synth
يا جماعة ربي يحفظكم,greeting_chitchat,none,synth
khouya el toumoubil ma t7ebch tche3l chkoun yji ychoufha,find_worker,mechanic,synth
راني نحوس على خياط في بليدة,find_worker,tailor,synth
مستعجل: نحتاج تريسيان اليوم في بجاية,urgent_service,electrician,synth
ياخو عندي مشكلة في الويفي تاع دجيزي,out_of_scope,none,synth
kifach nchouf les avis ta3 worker? ya kho,app_question,none,synth
coupe pour les enfants avant la rentrée,find_worker,barber,synth
nheb net3allem la couture kayen des cours? svp,out_of_scope,none,synth
صحا، حالة مستعجلة: نحتاج نركب سخان الما جديد,urgent_service,plumber,synth
بليز تريتور في جيجل دوك دوك، تريتور للختانة نهار الجمعة,urgent_service,caterer,synth
واش راك؟ الله يخليك,greeting_chitchat,none,synth
n7taj moul ljbes mli7 f msetghanm,find_worker,plasterer,synth
ارجو المساعدة بسرعة، الميكروند مات,urgent_service,appliance_repair,synth
البيسي تاعي ولا ثڨيل بزاف واش نديار؟,out_of_scope,none,synth
y3ichk khouya w chokran,greeting_chitchat,none,synth
شحال نخلص باش نصلح كاين ريحة مجاري في الحمام,price_inquiry,plumber,synth
معليش تقولي كيفاش راه الطقس في Setif؟ وشكرا مسبقا,out_of_scope,none,synth
سلام خويا، نبيع تيليفون سامسونج شبه جديد,out_of_scope,none,synth
نحتاج سباك يجي غدوة الصباح لـ بسكرة,find_worker,plumber,synth
win nelga les demandes li b3aththom?,app_question,none,synth
"saha, prof ta3 maths l les cours particuliers",out_of_scope,none,synth
عندي مشكلة في الويفي تاع دجيزي,out_of_scope,none,synth
ch7al lsoum ta3 électricien? ya kho,price_inquiry,electrician,synth
شحال نخلص باش نصلح التابلو الكهربائي ڨديم ويخوف؟,price_inquiry,electrician,synth
combien pour porte en fer forgé lel 7ouch?,price_inquiry,welder,synth
le paiement fel appli kifach ykoun? w chokran,app_question,none,synth
واش نأدر نلغي طلب بعثتو؟ وشكرا مسبأا,app_question,none,synth
ضو نتاع الموتور شاعل في الطابلو ومازال ما لقيتش لي يصلحها,find_worker,mechanic,synth
kifach nes7ab compte ta3i,app_question,none,synth
ديمناجمون كامل للدار عاونوني,find_worker,mover,synth
chhal ykelf el tablou el kahrabji kdim wikhouf?,price_inquiry,electrician,synth
واش التطبيق يخدم بلا انترنات؟ والله غير حاصل,app_question,none,synth
"saha, rani n7awes 3la khdema nkhedmeha, wech kayen blais?",out_of_scope,none,synth
ya cheikh el lh ykhelikm nheb nbeddel blasa clima wme9dertech nle9a 7l,urgent_service,ac_repair,synth
نحتاج طباخة لعرس مية نفر!! نحتاج واحد يجي فيسع,urgent_service,caterer,synth
عندي نحب نديار گفص حديد فوگ السطح في الدار، واش نديار؟,find_worker,welder,synth
n7awes 3la ristouroun mlih lle3cha f batna,out_of_scope,none,synth
dork dork traiteur pour f tour ramadan,urgent_service,caterer,synth
شحال نخلص باش نصلح ضو نتاع الموتور شاعل في الطابلو؟,price_inquiry,mechanic,synth
ch7al nkhels bach nsel7 clima na9seha ghaz?,price_inquiry,ac_repair,synth
خويا نحتاج أرفف للبيرو شكون يجي يشوفها وشكرا مسبقا,find_worker,carpenter,synth
devis approximatif: la chape ta3 les chambres gbel le parquet?,price_inquiry,mason,synth
"slm, bn nuit khouya",greeting_chitchat,none,synth
وين كاين أأرب صيدلية في اسنطينة؟,out_of_scope,none,synth
kifah nghayyer profession fel compte ta3i,app_question,none,synth
n7awes 3la dentiste ghaya f تيزي وزو,out_of_scope,none,synth
"arjou lmsa3da bser3a, nbedlou dar lchher el jai wne7tajou n9el el 9ch ya kho",urgent_service,mover,synth
"y3etikm ls7a, n7awes soudour nacht f tlemsan",find_worker,welder,synth
الباب تاع الكوزينة تكسر ومازال ما لڨيتش لي يصلحها,find_worker,carpenter,synth
win nechri gazon w les plantes f جيجل?,out_of_scope,none,synth
roubini rah yfuiti wallah ghir 7asel,find_worker,plumber,synth
سلام خويا، الله يخليكم نحب نبدل لون الصالون ومقدرتش نلقى حل,urgent_service,painter,synth
شحال يدير نجار في وهران؟ والله غير حاصل,price_inquiry,carpenter,synth
ma l2itch wa7ed y3aweni f khedma f dar disponible f Constantine,find_worker,none,synth
kifach n9im el 3aml b3ed lkhdema?,app_question,none,synth
"saha, win nel9a les demandes li b3aththom?",app_question,none,synth
الله يخليكم نحب صبغة ومشطة في الدار ومقدرتش نلقى حل,urgent_service,barber,synth
win nechri machine a coudre f Alger?,out_of_scope,none,synth
شحال تكلف خدمة: السروال طويل ونحب نقصرو؟ والله غير حاصل,price_inquiry,tailor,synth
sa7bi le paiement fel appli kifach ykoun?,app_question,none,synth
شحال يكلف نقل تلاجة وماشينة للطابق الثالث؟,price_inquiry,mover,synth
صحا، نسيت كلمة السر، واش نديار؟,app_question,none,synth
ma l2itch wa7ed y3aweni f khedma f dar disponible f Biskra,find_worker,none,synth
ارجو المساعدة بسرعة، شعري طويل ونحب تحفيفة ديغراديه,urgent_service,barber,synth
راهي عندي نحب نديار باب حديد للحوش وحاصل,find_worker,welder,synth
wach ne9der ncancel demande b3aththa? svp,app_question,none,synth
الله يخليكم تريتور للختانة نهار الجمعة ومقدرتش نلقى حل,urgent_service,caterer,synth
الموتور يسخن بزاف!! نحتاج واحد يجي فيسع,urgent_service,mechanic,synth
wach kayen reparateur machine a laver 9rib meni f Jijel?,find_worker,appliance_repair,synth
hhehheh chaba,greeting_chitchat,none,synth
les amis wech hi el as3ar ta3 soudour f ljzair el 3asma?,price_inquiry,welder,synth
سلام خويا، وين نلقى بيتزيريا مليحة في الجزائر العاصمة؟,out_of_scope,none,synth
ch7al nkhalles bach nsale7 rideaux lel salon sur mesure?,price_inquiry,tailor,synth
ضركا دورك نفض الغبرة ومسح البلاط تاع الفيلا,urgent_service,cleaner,synth
rahi 3nedi tbakha l7efla lnja7 w7asl,find_worker,caterer,synth
تنظيف الموكيت والكناپي شكون عندو حل,find_worker,cleaner,synth
kifach nchouf les avis nta3 worker,app_question,none,synth
ارجو المساعدة بسرعة، اللافيسال تحبس في نص البروغرام الله يخليك,urgent_service,appliance_repair,synth
عاونوني! نحتاج صباغة السقف وراني حاصل,urgent_service,painter,synth
"slm, win nechri machine a coudre f Blida?",out_of_scope,none,synth
مستعجل: نحتاج لي يصلح الكليمة اليوم في بليدة,urgent_service,ac_repair,synth
wach kayen soudor 9rib meni f Chlef?,find_worker,welder,synth
نقدر نلقى منوزيي يجي اليوم لـ سطيف؟,find_worker,carpenter,synth
voiture ma techa3lch,find_worker,mechanic,synth
كيفاش نبدل رقم تيليفوني في الكونت,app_question,none,synth
نبدلو الدار الشهر الجاي ونحتاجو نقل القش واش نديار يعطيكم الصحة,find_worker,mover,synth
شحال يكلفني سودور لليوم كامل؟,price_inquiry,welder,synth
نبيع تيليفون سامسونج شبه جديد وشكرا مسبقا,out_of_scope,none,synth
rani n7awes 3la mécanicien f Blida,find_worker,mechanic,synth
وين نلقى بيتزيريا مليحة في مستغانم؟,out_of_scope,none,synth
ya kho kifach nbeddel numero ta3i f compte?,app_question,none,synth
3awnouni menage apres travaux w rani 7asel,urgent_service,cleaner,synth
يا شيخ واش الأحوال؟,greeting_chitchat,none,synth
بشحال الخدمة تاع بلومبيي تقريبا؟,price_inquiry,plumber,synth
مستعجل: نحتاج bennay اليوم في Mostaganem,urgent_service,mason,synth
wech rahi akhbar lmatch ta3 lbar7,out_of_scope,none,synth
جاري قالي نسقسي هنا على نجار في برج بوعريريج,find_worker,carpenter,synth
واش كاين شي ميكانيكي ڨريب من الشلف؟,find_worker,mechanic,synth
سلام خويا، نحتاج طاكسي للمطار غدوة الصباح,out_of_scope,none,synth
extension ta3 dar,find_worker,mason,synth
شحال نخلص باش نصلح نحب نخيط ريدوات جداد للبيت,price_inquiry,tailor,synth
kifech nchouf t9iimat l3aml 9bel ma nkhedm m3ah?,app_question,none,synth
نسيت كلمة السر، واش نديار؟ والله غير حاصل,app_question,none,synth
ch7al taman bach ndir reparation grille nta3 fenetre?,price_inquiry,welder,synth
chakhchoukha l mounasba w ma 3reftch win nrou7,find_worker,caterer,synth
نغطيو البيام نتاع البلافون بالجبس ونحتاج مول الجبس ديركت دوك,urgent_service,plasterer,synth
صحا، راهي عندي الكليمة ما تسخنش في الشتا وحاصل,find_worker,ac_repair,synth
urgence!! la chasse d'eau khasra f Oran w chokran,urgent_service,plumber,synth
pc ta3i wela lourd bezzaf wach ndir,out_of_scope,none,synth
ربي يحفظكم وشكرا مسبقا,greeting_chitchat,none,synth
كيفاه نبدل المهنة تاعي في البروفيل؟,app_question,none,synth
نحوس على شقة للكراء في بجاية,out_of_scope,none,synth
كاين رطوبة وتقشير في سقف البيت بارك الله فيكم,find_worker,painter,synth
صاحبي كيفاش نديار كونت فيسبوك؟,out_of_scope,none,synth
شحال السوم تاع 7addad,price_inquiry,welder,synth
من فضلكم عندي ميناج أسبوعي للفيلا,find_worker,cleaner,synth
الله يخليكم نقل مكتب من وسط المدينة ومقدرتش نلقى حل,urgent_service,mover,synth
ch7al ykalefni menage pour une journee?,price_inquiry,cleaner,synth
سلام خويا، البيسي تاعي ولا ثقيل بزاف واش نديار؟,out_of_scope,none,synth
wach kayen électricien 9rib meni f Tiaret?,find_worker,electrician,synth
win n9era lanjelizia f boumredas?,out_of_scope,none,synth
بليز مول السودير في ورڨلة ضركا ضركا، نحب حماية حديد للفنيترات,urgent_service,welder,synth
عاونوني! شعري طويل ونحب تحفيفة ديغراديه وراني حاصل ياخو,urgent_service,barber,synth
3andi peinture ta3 dar kamla,find_worker,painter,synth
chkoun rbe7 lkan had l3am?,out_of_scope,none,synth
شكرا على المساعدة وشكرا مسبقا,greeting_chitchat,none,synth
ya cheikh chhal lsoum ta3 dimnajour?,price_inquiry,mover,synth
عندي ضو نتاع الموتور شاعل في الطابلو,find_worker,mechanic,synth
مساء الخير وشكرا مسبقا,greeting_chitchat,none,synth
نحتاج تنظيف الزجاج والفنيترات نتاع الفيلا من فضلكم,find_worker,cleaner,synth
les prix nta3 traiteur f Skikda?,price_inquiry,caterer,synth
dork dork n7awlou l dar jdida f nefs el 7ay,urgent_service,mover,synth
3nedi lrtouba 9oust lblakou ta3 el bit,find_worker,plasterer,synth
lave-vaisselle y7bes f nos men fadlkom,find_worker,appliance_repair,synth
مستعجل: نحتاج واحد يعاونني في خدمة في الدار اليوم في Biskra,urgent_service,none,synth
راسي شعث بزاف ونحتاج نحفف ومازال ما لقيتش لي يصلحها,find_worker,barber,synth
kifech nzid tsaour lkhedmati?,app_question,none,synth
سلام، شحال السوم تاع ميكانيكي؟,price_inquiry,mechanic,synth
بشحال الخدمة تاع ميكانيسيان تڨريبا؟ يعطيكم الصحة,price_inquiry,mechanic,synth
واش كاين شي مول الحلاقة قريب من تيارت؟,find_worker,barber,synth
واش هي الأسعار تاع عاملة تنظيف في تيارت؟,price_inquiry,cleaner,synth
slam,greeting_chitchat,none,synth
mset3ejle: n7taj kahrabaji lyoum f boumredas,urgent_service,electrician,synth
نحوس على ريسطورون غايا للعشاء في بسكرة,out_of_scope,none,synth
les amis kifach nghayyer profession fel compte ta3i?,app_question,none,synth
ya khouya kifech nchark fi l3roud ta3 lkhdemat?,app_question,none,synth
n7awes jnaini y2elm lachjar ta3 jardin,out_of_scope,none,synth
شحال يكلفني مول الكليمة لليوم كامل؟,price_inquiry,ac_repair,synth
واش هي الأسعار تاع حلاق في تلمسان؟,price_inquiry,barber,synth
وين نلقى بيتزيريا مليحة في غرداية؟,out_of_scope,none,synth
nheb بلاكيست yji lyoum l بومرداس merci,find_worker,plasterer,synth
3lach ma youslenich lich3ar ki yjaoubni 3aml?,app_question,none,synth
يا جماعة كيفاش نبدل رقم تيليفوني في الكونت؟,app_question,none,synth
صاحبي حالة مستعجلة: الدرج الخشبي يزقزق,urgent_service,carpenter,synth
kifah nbe3th tleb khdema?,app_question,none,synth
wach n9der nkoun worker w client f meme temps,app_question,none,synth
rani n7awes 3la transport meubles f Jijel,find_worker,mover,synth
سلام، بالسلامة,greeting_chitchat,none,synth
وين نلگى بيتزيريا مليحة في Jijel؟,out_of_scope,none,synth
combien pour les freins ydiro bruit?,price_inquiry,mechanic,synth
دلوني على مول السباكة شاطر ومعقول,find_worker,plumber,synth
نحتاج تنظيف الدار قبل ما نسكنو فيها فيسع فيسع بارك الله فيكم,urgent_service,cleaner,synth
chkera bezzaf,greeting_chitchat,none,synth
devis approximatif: cloison ba13 avec porte? merci,price_inquiry,plasterer,synth
ch7al nkhalles bach nsale7 installation chauffe-eau jdid?,price_inquiry,plumber,synth
راهي عندي الكشابية محتاجة ترڨيع وحاصل,find_worker,tailor,synth
les prix ta3 femme de ménage f Batna?,price_inquiry,cleaner,synth
combien coute un mecanicien?,price_inquiry,mechanic,synth
نحب نتعلم الخياطة واش كاين تكوين اريب؟ وشكرا مسبأا,out_of_scope,none,synth
ياخو يعطيكم الصحة، نحوس مول الخياطة ناشط في سكيكدة,find_worker,tailor,synth
khouya n7taj tarkib souniri ta3 el bab chkoun yji ychoufha,find_worker,electrician,synth
"tbakha l7efla lnja7, chkoun y3erf tritour mli7?",find_worker,caterer,synth
شحال يكلف الرطوبة قوست البلاكو نتاع البيت؟,price_inquiry,plasterer,synth
سلام خويا، وين نلأى بيتزيريا مليحة في تلمسان؟,out_of_scope,none,synth
صاحبي وين نلقى بيتزيريا مليحة في ورقلة؟,out_of_scope,none,synth
nheb n7eff 9bel el 3id wmazal ma l9itch li ysel7eha,find_worker,barber,synth
chhal ykelfeni khiata llioum kamel?,price_inquiry,tailor,synth
m3elich t9ouli kifech rah el t9es fi ghredaia?,out_of_scope,none,synth
win ncheri blakat blakou baljemla,out_of_scope,none,synth
نحتاج مول الميكانيك يجي غدوة الصباح لـ برج بوعريريج,find_worker,mechanic,synth
ch7al prix nta3 abonnement par mois? ya kho,app_question,none,synth
دلوني على ميكانيكي شاطر ومعقول,find_worker,mechanic,synth
rani nhawes 3la moul el soudir f brej bou3ririj,find_worker,welder,synth
les prix nta3 menuisier f Boumerdes?,price_inquiry,carpenter,synth
micro-onde mat men fadlkom,find_worker,appliance_repair,synth
les amis chkoun y9asli el gazon ta3 jardin?,out_of_scope,none,synth
صحا، نبغي صباغة غرفة الأطفال بألوان شابة من فضلكم,find_worker,painter,synth
نڨدر نلڨى لي يدير الميناج يجي اليوم لـ تيزي وزو؟,find_worker,cleaner,synth
شحال يكلفني بلاكيست لليوم كامل؟,price_inquiry,plasterer,synth
كيفاش نشوف تقييمات العامل قبل ما نخدم معاه,app_question,none,synth
"3nedi lsiaj ta3 l7did tkesr wme7taj soudir f eddar, wach ndiar? svp",find_worker,welder,synth
bn nuit khouya ya kho,greeting_chitchat,none,synth
couscous l 50 personnes lel sadaqa w ma 3reftch win nrou7,find_worker,caterer,synth
الطوموبيل تدخن دخان كحل الله يخليك,find_worker,mechanic,synth
معليش تقولي كيفاه راه الطقس في عنابة؟,out_of_scope,none,synth
kifach nchark fi l3roud ta3 el khdemat?,app_question,none,synth
بالسلامه,greeting_chitchat,none,synth
n7awes 3la appartement l kra f Boumerdes,out_of_scope,none,synth
urgence!! la clim nagesha gaz f Tiaret merci,urgent_service,ac_repair,synth
نحتاج صباغه السقف شكون عندو حل,find_worker,painter,synth
besoin d un traiteur serieux f Oran,find_worker,caterer,synth
"3andi compteur ta3 el ma yfuiti, chkoun ye3ref سباك mli7",find_worker,plumber,synth
la voiture tdakhen dokhan k7el fissa3 svp,urgent_service,mechanic,synth
نحوس على ريسطورون مليح للعشاء في ورقلة,out_of_scope,none,synth
wach ne2der ncancel demande b3aththa?,app_question,none,synth
labas? svp,greeting_chitchat,none,synth
يا جماعة نبغي نتعلم الكهرباء واش كاين تكوين؟,out_of_scope,none,synth
les amis rani n7awes 3la najjar f Batna,find_worker,carpenter,synth
البورطاي ما عادش يتسكر مليح!! نحتاج واحد يجي فيسع وشكرا مسبڨا,urgent_service,welder,synth
"bonjour, balustrade lel balcon wach ndir",find_worker,welder,synth
نبغي نكوموندي حلويات تقليدية للعرس من فضلكم,find_worker,caterer,synth
ch7al taman bach ndir canalisation msdouda?,price_inquiry,plumber,synth
يا شيخ شكون عندو نيميرو تاع maçon في Ouargla؟,find_worker,mason,synth
ch7al ykelfeni fam dou minaj llioum kamel?,price_inquiry,cleaner,synth
"bliz kahrabji f blida dork dork, riha kabl m7erou9",urgent_service,electrician,synth
win nechri machine a coudre f Chlef?,out_of_scope,none,synth
rani n7awes 3la couturier f Chlef,find_worker,tailor,synth
الله يخليكم خياطة ريدو للصالون ومقدرتش نلقى حل,urgent_service,tailor,synth
واش كاين شي مصلح الأجهزة قريب من غرداية؟,find_worker,appliance_repair,synth
الدار فيها الپاركي تاع البيت تخرب من سيمانة كاملة,find_worker,carpenter,synth
الله يخليكم نقل بيانو من الطابق الرابع ومقدرتش نلقى حل,urgent_service,mover,synth
بليز مول الكليمه في بسكره دورك دورك، الكليمه تجري الما من الداخل,urgent_service,ac_repair,synth
3aounouni! el toumoubil tdekhn dkhan k7el wrani 7asl,urgent_service,mechanic,synth
شحال تكلف خدمة: كسكسي لخمسين نفر لصدأة؟,price_inquiry,caterer,synth
شحال السوم تاع مصلح تلاجات؟,price_inquiry,appliance_repair,synth
nzid des prises fel cuisine w ma 3reftch win nrou7,find_worker,electrician,synth
واش كاين شي ميكانيكي گريب من گسنطينة؟,find_worker,mechanic,synth
عندي خياطة ريدو للصالون,find_worker,tailor,synth
"slm, salam",greeting_chitchat,none,synth
ارجو المساعدة بسرعة، نديرو مارشات قدام باب الدار الله يخليك,urgent_service,mason,synth
les prix ta3 سودور f تلمسان?,price_inquiry,welder,synth
kifech nkhedm bhad el ttebi9?,app_question,none,synth
3aounouni! n7eb nkhebi el kablaj b7it blakou wrani 7asl,urgent_service,plasterer,synth
tritour llekhtana nhar el jme3a!!! n7taj wa7d yji fissa3,urgent_service,caterer,synth
نحوس على شأة للكراء في عنابة,out_of_scope,none,synth
urgence!! vidange w les filtres f Alger,urgent_service,mechanic,synth
شحال تكلف خدمة: نحب نخبي الكابلاج بحيط بلاكو؟,price_inquiry,plasterer,synth
ارجو المساعدة بسرعة، طباخة لحفلة النجاح,urgent_service,caterer,synth
jari qali nseqsi hna 3la masoun f bjaia,find_worker,mason,synth
interrupteur khasser fissa3 svp,urgent_service,electrician,synth
شكون عندو نيميرو تاع تريسيان في تلمسان؟,find_worker,electrician,synth
balselama,greeting_chitchat,none,synth
win nechri gazon w les plantes f Bejaia?,out_of_scope,none,synth
wech n2edr nset3eml lttebi2 kdif bla kount,app_question,none,synth
السيفون نتاع التواليت خسر من فضلكم,find_worker,plumber,synth
نحتاج كوافور يجي للدار نهار العرس فيسع فيسع,urgent_service,barber,synth
التلاجة ما تبردش والمأكلة تخسر من فضلكم,find_worker,appliance_repair,synth
واش هي الأسعار تاع مول البلاكو في باتنة؟,price_inquiry,plasterer,synth
نحتاج نجار يجي غدوة الصباح لـ برج بوعريريج,find_worker,carpenter,synth
ch7al prix ta3 abonnement par mois? wallah ghir 7asel,app_question,none,synth
يا جماعة نأل مكتب من وسط المدينة واش نديار,find_worker,mover,synth
"bonjour, n7eb wsefa kseksi baldejaj",out_of_scope,none,synth
depuis 3 jours 3andna nettoyage profond,find_worker,cleaner,synth
شكون عندو نيميرو تاع mason في Tizi Ouzou؟,find_worker,mason,synth
الطوموبيل تدخن دخان كحل شكون عندو حل ياخو,find_worker,mechanic,synth
nhawes 3la ch9a llekra f tizi wzou w chokran,out_of_scope,none,synth
depuis 3 jours 3andna coiffure ta3 la mariée a domicile,find_worker,barber,synth
wach hi el as3ar nta3 traiteur fi Constantine?,price_inquiry,caterer,synth
نحب ننڨل العفش لدار جديدة فيسع فيسع,urgent_service,mover,synth
بليز مول الكليمة في الشلف ضركا ضركا، الكليمة تجري الما من الداخل,urgent_service,ac_repair,synth
وين نلقى تكوين في النجارة؟,out_of_scope,none,synth
ma l9itch couturier disponible f Batna,find_worker,tailor,synth
شحال تكلف خدمة: الكناپي ولا مصفر من الاولاد ويحتاج غسيل عميگ؟,price_inquiry,cleaner,synth
"arjou lmsa3da bser3a, nheb nbeddel blasa el klima",urgent_service,ac_repair,synth
n7taj tiab lloulima nhar lsbet fissa3 fissa3,urgent_service,caterer,synth
ya cheikh combien pour repas nta3 khetana jour el jem3a?,price_inquiry,caterer,synth
"y3etikm ls7a, nhawes moul el jbes nacht fi el jzair l3asma",find_worker,plasterer,synth
نبغي نديار كوزينة خشب على قياس، شكون يعرف menuisier مليح؟,find_worker,carpenter,synth
douk dork disjoncteur yti7 kol chwiya,urgent_service,electrician,synth
ch7al ykelf tnedif dar b3ed l3res?,price_inquiry,cleaner,synth
شحال راهي الساعه؟,out_of_scope,none,synth
خويا نقل تلاجة وماشينة للطابق الثالث شكون يجي يشوفها,find_worker,mover,synth
سلام خويا، واش نڨدر نستعمل التطبيڨ كضيف بلا كونت؟,app_question,none,synth
من فضلكم كيفاش نفعل الموأع باش يلأاوني العمال؟,app_question,none,synth
wach neqder nesta3mel l appli offline,app_question,none,synth
bche7al el khdema ta3 wa7d y3aweni fi khdema f eddar t9eriba?,price_inquiry,none,synth
menage ba3d la fete 3awnouni,find_worker,cleaner,synth
سلام، صحا خويا,greeting_chitchat,none,synth
urgence!! coiffeur yji l dar f Tiaret,urgent_service,barber,synth
نبيع تيليفون سامسونج شبه جديد وشكرا مسبڨا,out_of_scope,none,synth
نحتاج بلاكيست غايا في بليدة,find_worker,plasterer,synth
rani nhawes 3la dhan f wre9la,find_worker,painter,synth
شحال السوم تاع mason؟,price_inquiry,mason,synth
win nechri gazon w les plantes f Constantine?,out_of_scope,none,synth
مستعجل: نحتاج بنّاء اليوم في بسكرة,urgent_service,mason,synth
"rani n7awes 3la khedma nekhdemha, kayen des postes? svp",out_of_scope,none,synth
wech el a7oual?,greeting_chitchat,none,synth
"svp مول الجبس f الجزائر العاصمة vite, le placo tqawes mel humidité",urgent_service,plasterer,synth
نصب دالة جديدة,find_worker,mason,synth
وين نلڨى الطلبات لي بعثتهم؟ ياخو,app_question,none,synth
حالة مستعجلة: الحيط فيه شقوق كبار,urgent_service,mason,synth
تريتور للختانة نهار الجمعة عاونوني يعطيكم الصحة,find_worker,caterer,synth
بشحال الخدمة نتاع مول الخياطة تڨريبا؟ ياخو,price_inquiry,tailor,synth
طباخة تطيب الشخشوخة لمناسبة، شكون يعرف tabbakha مليح؟,find_worker,caterer,synth
fermeture eclair nta3 veste khasra men fadlkom,find_worker,tailor,synth
3aounouni! el s7ab nta3 el jakita khser wrani 7asl,urgent_service,tailor,synth
porte en fer forgé lel 7ouch!! chkoun yji fissa3?,urgent_service,welder,synth
شحال يكلف تصليح سودير في السلم الحديدي؟ ياخو,price_inquiry,welder,synth
repeindre la façade ta3 dar fissa3 svp,urgent_service,painter,synth
تضييڨ الڨميجة من الجناب باش تجي على الڨد فيسع فيسع بارك الله فيكم,urgent_service,tailor,synth
سلام خويا، راهي عندي الطوموبيل ما تحبش تشعل وحاصل,find_worker,mechanic,synth
الما يڨطر من سڨف الحمام ومازال ما لڨيتش لي يصلحها,find_worker,plumber,synth
ارجو المساعدة بسرعة، نحتاج مرا تعاون ماما في قضيان الدار,urgent_service,cleaner,synth
sa7bi wach ne9der ncancel demande b3aththa?,app_question,none,synth
wach lkhlas ykoun kach wla balkarta?,app_question,none,synth
نحب نتعلم الكهرباء واش كاين تكوين؟,out_of_scope,none,synth
واش كاين شي واحد يعاونني في خدمة في الدار قريب من بسكرة؟,find_worker,none,synth
شحال تكلف خدمة: الكليمة تجمد وتحبس وحدها؟ بارك الله فيكم,price_inquiry,ac_repair,synth
يا جماعة نحتاج مصلح تلاجات مليح في بومرداس,find_worker,appliance_repair,synth
جاري قالي نسقسي هنا على واحد يعاونني في خدمة في الدار في Batna,find_worker,none,synth
portail nta3 garage mkasser w ma 3reftch win nrou7,find_worker,welder,synth
machine a laver tejri el ma men ta7t chkoun 3ando solution,find_worker,appliance_repair,synth
wach kayen coiffeur 9rib meni f Blida?,find_worker,barber,synth
شكون عندو نيميرو نتاع مول السباكة في قسنطينة؟,find_worker,plumber,synth
n9edr nle9a njar yji lyoum l boumredas?,find_worker,carpenter,synth
n7taj transport meubles mli7 fi Blida,find_worker,mover,synth
نحول من وهران للعاصمة ونحتاج نگل العفش ومازال ما لگيتش لي يصلحها,find_worker,mover,synth
kifah nzid tsaour lkhedmati?,app_question,none,synth
نحتاج حلاق غايا في سطيف,find_worker,barber,synth
السيفون تاع التواليت خسر ونحتاج بلومبيي ديركت توا,urgent_service,plumber,synth
n7awes 3la appartement l kra f بجاية,out_of_scope,none,synth
نحتاج كوافور مليح في الجزائر العاصمة,find_worker,barber,synth
"bonjour, kifach nes7ab compte ta3i?",app_question,none,synth
شحال تكلف خدمة: الباب نتاع الكوزينة تكسر,price_inquiry,carpenter,synth
واش التطبيڨ يخدم بلا انترنات؟,app_question,none,synth
ch7al taman bach ndir transporter frigo w machine?,price_inquiry,mover,synth
وين نلقى بيتزيريا مليحه في Jijel؟,out_of_scope,none,synth
ya cheikh placard sur mesure fissa3 svp,urgent_service,carpenter,synth
ya cheikh nebghi peintre yji lyoum l Jijel,find_worker,painter,synth
صاحبي وين نشري الزرع والورد للجنان في تيزي وزو؟,out_of_scope,none,synth
نڨدر نلڨى لي يدير الميناج يجي اليوم لـ بليدة؟,find_worker,cleaner,synth
nbeddel les robinets ta3 cuisine wach ndir,find_worker,plumber,synth
شحال تكلف خدمة: نحب بورطاي حديد للغاراج؟,price_inquiry,welder,synth
كيفاش نخدم بهاد التطبيڨ؟,app_question,none,synth
الميكروند مات ومازال ما لڨيتش لي يصلحها,find_worker,appliance_repair,synth
"saha, cas urgent: voiture ma techa3lch",urgent_service,mechanic,synth
win n9era lanjelizia f el jzair el 3asma?,out_of_scope,none,synth
وين نلقى تكوين في النجارة؟ والله غير حاصل,out_of_scope,none,synth
نحتاج plombier يجي غدوة الصباح لـ Tizi Ouzou,find_worker,plumber,synth
نقدر نلقى couturiere يجي اليوم لـ Tizi Ouzou,find_worker,tailor,synth
جاري قالي نسقسي هنا على couturier في Constantine,find_worker,tailor,synth
بشحال الخدمة نتاع ماصون تقريبا؟,price_inquiry,mason,synth
عندي العجلة تنفّس في الدار، واش نديار؟,find_worker,mechanic,synth
ma l9itch tabbakha disponible f Constantine,find_worker,caterer,synth
3nedi el 3jela tnefs wne7taj wa7d ysel7ehali,find_worker,mechanic,synth
nettoyage profond fissa3 svp,urgent_service,cleaner,synth
combien pour rampe d escalier en fer?,price_inquiry,welder,synth
صاحبي الطابلة تاع الصالون محتاجة تصليح شكون عندو حل,find_worker,carpenter,synth
نحب نركب باب رئيسية جديدة ونحتاج نجار ديركت توا,urgent_service,carpenter,synth
win nechri machine a coudre f Annaba?,out_of_scope,none,synth
nhawes 3la ristouroun zin lle3cha f wre9la,out_of_scope,none,synth
nheb khayat yji lyoum l Chlef ya kho,find_worker,tailor,synth
وين نشري الزرع والورد للجنان في بليدة؟ يعطيكم الصحة,out_of_scope,none,synth
wech lttebi9 ykhedm bla anternat?,app_question,none,synth
el bisi ta3i wla th9il bzaf wech ndiar?,out_of_scope,none,synth
راني نحوس على لي ينقل الأثاث في تيارت,find_worker,mover,synth
kifach rah el jaw f تلمسان,out_of_scope,none,synth
lampe techmel w tetfa wa7edha n7taj trisyan tawa drouk,urgent_service,electrician,synth
شحال يكلف الميكروند مات؟,price_inquiry,appliance_repair,synth
3nedi nheb nrakeb triat fi es sqaf,find_worker,electrician,synth
ya khouya kifach nactivi la localisation fel appli?,app_question,none,synth
ch7al ykalefni maçon pour une journee?,price_inquiry,mason,synth
شحال يكلفني دهان لليوم كامل,price_inquiry,painter,synth
win nelga pizzeria mli7a f Oran,out_of_scope,none,synth
الميكروند مات، شكون يعرف لي يصلح الماشينات مليح؟,find_worker,appliance_repair,synth
نبغي بورطاي حديد للغاراج ونحتاج لحّام ديركت دوك,urgent_service,welder,synth
7ala mset3ejla: ldouch magtou3 lma,urgent_service,plumber,synth
الله يخليكم نديرو مارشات قدام باب الدار ومقدرتش نلقى حل,urgent_service,mason,synth
حيط الحوش مايل وخايفين يطيح، شكون يعرف مول البناء مليح؟,find_worker,mason,synth
ch7al ykelf lachterak f el chher?,app_question,none,synth
يا شيخ سلام,greeting_chitchat,none,synth
نحتاج طاكسي للمطار غدوة الصباح والله غير حاصل,out_of_scope,none,synth
"slm, n7awes 3la appartement l kra f Setif",out_of_scope,none,synth
صحا، السروال طويل ونحب نقصرو ومازال ما لقيتش لي يصلحها,find_worker,tailor,synth
khouya la machine nta3 lsaboun tjeri el ma mn t7et chkoun yji ychoufha wallah ghir 7asel,find_worker,appliance_repair,synth
chhal ykelf el tablou el kahrabji 9dim wikhouf?,price_inquiry,electrician,synth
le carrelage ta3 hammam t9alla3!! chkoun yji fissa3,urgent_service,mason,synth
مستعجل: نحتاج cuisiniere اليوم في Annaba,urgent_service,caterer,synth
حالة مستعجلة: السروال طويل ونحب نگصرو,urgent_service,tailor,synth
le platre ta3 plafond tcheqqeq chkoun 3ando solution,find_worker,plasterer,synth
نديرو درابزين حديد للدرج,find_worker,welder,synth
voiture ma techa3lch n7taj mikanisyan tawa dork,urgent_service,mechanic,synth
الدار محتاجة تنظيف عميق واش نديار والله غير حاصل,find_worker,cleaner,synth
3nedi mchekla fi el wifi ta3 djizi,out_of_scope,none,synth
wesh rak? w chokran,greeting_chitchat,none,synth
دلوني على kwafur شاطر ومعقول,find_worker,barber,synth
دلوني على menuisier شاطر ومعقول بارك الله فيكم,find_worker,carpenter,synth
chhal ydir mnouzii fi boumredas?,price_inquiry,carpenter,synth
نحتاج peintre يجي غدوة الصباح لـ Annaba,find_worker,painter,synth
نغطيو البيام تاع البلافون بالجبس واش نديار,find_worker,plasterer,synth
نحتاج نتوايا وصيانه الكليمه قبل الصيف فيسع فيسع,urgent_service,ac_repair,synth
بشحال الخدمة تاع مول البلاكو تقريبا؟,price_inquiry,plasterer,synth
عاونوني! العجلة تنفّس وراني حاصل,urgent_service,mechanic,synth
صحا، نحب نتعلم الخياطة واش كاين تكوين قريب؟,out_of_scope,none,synth
شحال تكلف خدمة: كسكسي لخمسين نفر لصدقة؟,price_inquiry,caterer,synth
combien pour coiffeur yji l dar?,price_inquiry,barber,synth
n7awes 3la appartement l kra f Tlemcen,out_of_scope,none,synth
n7taj mason mlih f Biskra,find_worker,mason,synth
ch7al nkhalles bach nsale7 cloison placo bach nqassmou la chambre?,price_inquiry,plasterer,synth
شحال يكلفني مول البلاكو لليوم كامل؟,price_inquiry,plasterer,synth
wesh rak,greeting_chitchat,none,synth
salut ya kho,greeting_chitchat,none,synth
شحال السوم تاع دهان؟,price_inquiry,painter,synth
"rani n7awes 3la khedma nekhdemha, kayen des postes",out_of_scope,none,synth
nheb nte3lem lkhiata wach kayen tkouin qrib?,out_of_scope,none,synth
نسيت كلمة السر، واش نديار؟ وشكرا مسبڨا,app_question,none,synth
ya cheikh coudre des rideaux occultants l chambre,find_worker,tailor,synth
depuis 3 jours 3andna disjoncteur yti7 kol chwiya,find_worker,electrician,synth
chhal nkhels bach nsel7 t7efifa wtedrij chab llould?,price_inquiry,barber,synth
وين نشري ماكينة خياطة جديدة في Tlemcen؟,out_of_scope,none,synth
شحال يكلف نحفف وندير اللحية عند الدار؟,price_inquiry,barber,synth
نگدر نلگى تگني كليماتيزور يجي اليوم لـ عنابة؟,find_worker,ac_repair,synth
بليز لحّام في باتنة دورك دورك، نحب نديار قفص حديد فوق السطح,urgent_service,welder,synth
"saha, n7awes jardinier ghaya ytayye7li les mauvaises herbes",out_of_scope,none,synth
chhal ykelf el achterak f el chher?,app_question,none,synth
الطوموبيل ما تحبش تشعل فيسع فيسع,urgent_service,mechanic,synth
شحال نخلص باش نصلح كليمة الطوموبيل ما تبردش؟,price_inquiry,mechanic,synth
ch7al nkhalles bach nsale7 coupe pour les enfants avant la rentrée?,price_inquiry,barber,synth
بليز عاملة تنظيف في تيزي وزو ضروك ضروك، الدار محتاجة تنظيف عميق,urgent_service,cleaner,synth
عاونوني! نحفف وندير اللحية عند الدار وراني حاصل,urgent_service,barber,synth
نحب ننقل العفش لدار جديدة ونحتاج لي ينقل الأثاث ديركت توا,urgent_service,mover,synth
نحب حماية حديد للفنيترات من فضلكم,find_worker,welder,synth
kayen rtouba wte9chir f s9af lbit,find_worker,painter,synth
cas urgent: nbeddel couleur ta3 salon,urgent_service,painter,synth
"bonjour, rani n7awes 3la mol lsoudir f jijl",find_worker,welder,synth
wach lttebi2 ykhedm bla anternat?,app_question,none,synth
"3andi nzid des prises fel cuisine, chkoun ye3ref kahrabji mli7?",find_worker,electrician,synth
نحتاج مول السودير مليح في غرداية,find_worker,welder,synth
ضروك دورك الكبوط تقطع من الكتف ومحتاج رتوش,urgent_service,tailor,synth
ch7al ykelfeni dhan llioum kamel?,price_inquiry,painter,synth
كليمة الطوموبيل ما تبردش عاونوني,find_worker,mechanic,synth
el antiritour khser ma yche3lech daw wne7taj kahrabaji dirket tawa,urgent_service,electrician,synth
راني نحوس على سباك في تيارت,find_worker,plumber,synth
جاري قالي نسقسي هنا على مول الخياطة في غرداية,find_worker,tailor,synth
compte guest kifach ykhdem?,app_question,none,synth
صباغة الأبواب والفنيترات فيسع فيسع,urgent_service,painter,synth
l'appli gratuite wela payante? wallah ghir 7asel,app_question,none,synth
peindre le plafond,find_worker,painter,synth
صحا، واش الأحوال؟,greeting_chitchat,none,synth
wach n9edr nset3eml el ttebi9 kdif bla kount?,app_question,none,synth
حففلي راسي ديغراديه واش نديار,find_worker,barber,synth
واش نگدر نخدم كعامل وكليان في نفس الوگت؟,app_question,none,synth
شحال السوم تاع مول البناء؟,price_inquiry,mason,synth
"y3etikm el s7a, n7awes barbier nacht f Oran wallah ghir 7asel",find_worker,barber,synth
ya khouya win kayen a9reb sidlia fi Batna?,out_of_scope,none,synth
شحال السوم تاع najjar؟,price_inquiry,carpenter,synth
الكوزينيار ما يشعلوش البلاكات تاعو ومازال ما لڨيتش لي يصلحها,find_worker,appliance_repair,synth
شحال يكلفني مول الخياطة لليوم كامل؟,price_inquiry,tailor,synth
ya kho besoin d un mecanicien serieux f Batna,find_worker,mechanic,synth
حالة مستعجلة: تحفيفة وتدريج شاب للولد,urgent_service,barber,synth
واش من فيلم مليح نتفرجو اليوم؟,out_of_scope,none,synth
دورك دورك نحب صباغة غرفة الأطفال بألوان شابة,urgent_service,painter,synth
"bonjour, jari 9ali nse9si hna 3la mol l7la9a fi tlemsan",find_worker,barber,synth
bche7al el khdema ta3 njar t9eriba?,price_inquiry,carpenter,synth
عندي نحب طباخة تجي تطيب في الدار لمناسبة,find_worker,caterer,synth
depuis 3 jours 3andna peinture nta3 chambre d'enfants,find_worker,painter,synth
nbi3 tilifoun samsounj chbeh jdid,out_of_scope,none,synth
depuis 3 jours 3andna n7affef 3and dar,find_worker,barber,synth
تصبحو على خير يعطيكم الصحة,greeting_chitchat,none,synth
wach el ttebiq ykhedm bla anternat?,app_question,none,synth
peindre le plafond ... chkoun ysal7hali?,find_worker,painter,synth
ma l9itch mikanisyan disponible f Tlemcen,find_worker,mechanic,synth
عندي الطوموبيل ما تحبش تشعل ونحتاج واحد يصلحهالي,find_worker,mechanic,synth
نحتاج ميكانيسيان غايا في سكيكدة ياخو,find_worker,mechanic,synth
يا شيخ شحال راهي الساعة؟,out_of_scope,none,synth
cas urgent: sbagha ta3 les portes,urgent_service,painter,synth
chkoun 3ando numero ta3 réparateur électroménager f Chlef?,find_worker,appliance_repair,synth
3lach les notifications ma yjounich,app_question,none,synth
3nedi n7eb nrakeb bab riisia jdida,find_worker,carpenter,synth
راهي عندي نبغي حماية حديد للفنيترات وحاصل,find_worker,welder,synth
les prix ta3 transport meubles f Oran?,price_inquiry,mover,synth
شكون ربح الكان هاد العام؟,out_of_scope,none,synth
نحب نتعلم الخياطة واش كاين تكوين اريب؟,out_of_scope,none,synth
3nedi nheb ndiar 9fes 7did fou9 lste7 wne7taj wa7d ysel7ehali,find_worker,welder,synth
شحال يدير واحد يعاونني في خدمه في الدار في Batna؟,price_inquiry,none,synth
شحال السوم تاع ميكانيكي؟,price_inquiry,mechanic,synth
jari qali nseqsi hna 3la naql l3fech fi jijl,find_worker,mover,synth
كاين ريحة مجاري في الحمام عاونوني,find_worker,plumber,synth
نحب نركب لافابو جديد في الحمام فيسع فيسع,urgent_service,plumber,synth
n7taj khiat mlih fi stif,find_worker,tailor,synth
congelateur ma yjamedch ... chkoun ysal7hali?,find_worker,appliance_repair,synth
nheb bennay yji lyoum l Tizi Ouzou,find_worker,mason,synth
نحتاج مول الجبس يجي غدوة الصباح لـ غرداية,find_worker,plasterer,synth
dork dork n7taj mra t3aoun mama fi 9dian eddar,urgent_service,cleaner,synth
kifach nchouf les avis nta3 worker?,app_question,none,synth
7la9a el l7ia walte7did mn fdelkem,find_worker,barber,synth
البيسي تاعي ولا ثگيل ياسر واش نديار؟,out_of_scope,none,synth
mre7ba,greeting_chitchat,none,synth
بليز مول الميكانيك في باتنة ضركا ضركا، الموتور يسخن ياسر,urgent_service,mechanic,synth
"saha, n7awes astad y3eti drous khsousia fi el riadiat",out_of_scope,none,synth
شكون عندو نيميرو نتاع ميكانيسيان في مستغانم؟,find_worker,mechanic,synth
sa7bi cv?,greeting_chitchat,none,synth
ya khouya wach men film zin nchoufou lyoum?,out_of_scope,none,synth
7ala mset3ejla: ltlaja tdir sout ghrib,urgent_service,appliance_repair,synth
ljbes ta3 el bit ta7 m3 lchta chkoun 3nedou 7l,find_worker,plasterer,synth
دورك دورك كسكسي لخمسين نفر لصدقه,urgent_service,caterer,synth
السياج الأخضر نتاع الجنان يحتاج تڨليم بارك الله فيكم,out_of_scope,none,synth
نديرو درابزين حديد للدرج عاونوني,find_worker,welder,synth
wach kayen coiffeur 9rib meni f Annaba?,find_worker,barber,synth
نحوس على طبيب أسنان مليح في بجاية,out_of_scope,none,synth
3nedi el lafisal t7ebs f ns el broughram wne7taj wa7d ysel7ehali,find_worker,appliance_repair,synth
chhal nkhels bach nsel7 el chofo ma ysekhnech el ma?,price_inquiry,plumber,synth
ya kho ch7al ykelf ltlaja ma tberdech walmakla tkhesr?,price_inquiry,appliance_repair,synth
دلوني على مول السودير شاطر ومعڨول,find_worker,welder,synth
"3andi les lampes yrigliw wa7edhom, chkoun ye3ref تريسيان mli7?",find_worker,electrician,synth
حفرة كبيرة في حيط الجبس فيسع فيسع,urgent_service,plasterer,synth
راهي عندي الماشينة تاع الصابون ما تدورش وحاصل,find_worker,appliance_repair,synth
sa7bi nbi3 telephone samsung presque jdid,out_of_scope,none,synth
صحا خويا بارك الله فيكم,greeting_chitchat,none,synth
"rani n7awes 3la khedma nekhdemha, kayen des postes? ya kho",out_of_scope,none,synth
صحا، نحب نزيد بريزة جديدة في البيرو شكون عندو حل,find_worker,electrician,synth
وين كاين أقرب صيدلية في Alger؟,out_of_scope,none,synth
نسيت كلمة السر، واش نديار؟,app_question,none,synth
besoin d un لي يدير الميناج serieux f بومرداس,find_worker,cleaner,synth
سلام خويا، واش راك؟,greeting_chitchat,none,synth
بليز menuisier في Tiaret دورك دورك، نحب نديار پلاكار على گياس,urgent_service,carpenter,synth
les amis win kayen aqreb sidlia fi msetghanm?,out_of_scope,none,synth
الحيط فيه شگوگ كبار,find_worker,mason,synth
eddar fiha chauffe eau ma ysekhnech el ma mn simana kamla,find_worker,plumber,synth
chhal rahi el sa3a,out_of_scope,none,synth
السروال طويل ونحب نقصرو شكون عندو حل,find_worker,tailor,synth
n7awes 3la appartement l kra f Tizi Ouzou,out_of_scope,none,synth
les prix ta3 femme de ménage f Alger?,price_inquiry,cleaner,synth
reparation grille ta3 fenetre w ma 3reftch win nrou7,find_worker,welder,synth
يا خويا لاباس عليكم؟,greeting_chitchat,none,synth
جاري االي نسأسي هنا على تأني كليماتيزور في سكيكدة,find_worker,ac_repair,synth
embrayage yzle2 men fadlkom,find_worker,mechanic,synth
نحوس جنايني يگلم الأشجار تاع الجنان الله يخليك,out_of_scope,none,synth
combien pour le carrelage ta3 hammam t9alla3? ya kho,price_inquiry,mason,synth
سلام خويا، نبغي نديار پلاكار على ڨياس ونحتاج منوزيي ديركت دوك,urgent_service,carpenter,synth
يا شيخ السياج الأخضر نتاع الجنان يحتاج تڨليم,out_of_scope,none,synth
راهي عندي تنظيف الدار بعد العرس وحاصل,find_worker,cleaner,synth
صحا، واش نقدر نخدم كعامل وكليان في نفس الوقت؟,app_question,none,synth
واش هي الأسعار تاع مول الطياب في قسنطينة؟,price_inquiry,caterer,synth
دورك دورك كاين رطوبة وتأشير في سأف البيت,urgent_service,painter,synth
nheb reparateur climatiseur yji lyoum l Mostaganem,find_worker,ac_repair,synth
win ncheri lzre3 walourd llejnan fi lchlef?,out_of_scope,none,synth
voyant moteur allumé fel tableau wach ndir,find_worker,mechanic,synth
شحال تكلف خدمة: نحتاج تنظيف الدار قبل ما نسكنو فيها؟,price_inquiry,cleaner,synth
خويا نبغي نكوموندي حلويات تگليدية للعرس شكون يجي يشوفها,find_worker,caterer,synth
wach n9edr nkhedm k3aml wkelian fi nfes el w9et?,app_question,none,synth
راهي عندي نحب نركب لافابو جديد في الحمام وحاصل,find_worker,plumber,synth
واش هي الأسعار تاع électricien في Tlemcen؟,price_inquiry,electrician,synth
واش نقدر نستعمل التطبيق كضيف بلا كونت؟,app_question,none,synth
شحال تكلف خدمه: اللافيسال تحبس في نص البروغرام؟,price_inquiry,appliance_repair,synth
dalle jdida!! chkoun yji fissa3?,urgent_service,mason,synth
نحتاج أرفف للبيرو,find_worker,carpenter,synth
تنظيف الدار بعد العرس ونحتاج لي يدير الميناج ديركت ضروك,urgent_service,cleaner,synth
ya kho douk dork extension nta3 dar,urgent_service,mason,synth
"ya cheikh arjou el msa3da bser3a, lsiaj ta3 el 7did tkesr wme7taj soudir",urgent_service,welder,synth
kifah ndiar kount fisbouk? ya kho,out_of_scope,none,synth
يعطيك الصحة والله غير حاصل,greeting_chitchat,none,synth
t7efifa llaoulad 9bel el dkhoul lmdersi,find_worker,barber,synth
chhal ykelfeni mol l placo llioum kamel,price_inquiry,plasterer,synth
نبغي نديار كارلاج جديد في الكوزينة، شكون يعرف مول البناء مليح؟,find_worker,mason,synth
بشحال الخدمة نتاع مول البناء تقريبا,price_inquiry,mason,synth
restaurant mli7 l le diner f Jijel?,out_of_scope,none,synth
شكون عندو نيميرو نتاع فام دو ميناج في بسكرة؟,find_worker,cleaner,synth
nhawes 3la tbib asnan zin f brej bou3ririj,out_of_scope,none,synth
3nedi 7la9a ll7ia walte7did wne7taj wa7d ysel7ehali,find_worker,barber,synth
kifah nchark f l3roud ta3 el khdemat,app_question,none,synth
حالة مستعجلة: نحتاج تنظيف الدار قبل ما نسكنو فيها,urgent_service,cleaner,synth
prise ma7rou9a wach ndir,find_worker,electrician,synth
نحتاج déménageur يجي غدوة الصباح لـ Oran,find_worker,mover,synth
les prix ta3 sebbagh f Tlemcen?,price_inquiry,painter,synth
les amis bounjour,greeting_chitchat,none,synth
كيفاش نخدم بهاد التطبيق؟ بارك الله فيكم,app_question,none,synth
شحال تكلف خدمة: تنظيف الفور والتلاجة والكوزينة الكل قبل رمضان؟,price_inquiry,cleaner,synth
نحتاج reparateur climatiseur يجي غدوة الصباح لـ Tiaret,find_worker,ac_repair,synth
sa7bi wach la7oual?,greeting_chitchat,none,synth
تحياتي ليكم يعطيكم الصحة,greeting_chitchat,none,synth
السياج الأخضر تاع الجنان يحتاج تگليم,out_of_scope,none,synth
"3andi repas ta3 khetana jour el jem3a, chkoun ye3ref traiteur mli7?",find_worker,caterer,synth
عاونوني! نحب نبني حيط في الجنان وراني حاصل,urgent_service,mason,synth
واش هي الأسعار تاع منوزيي في مستغانم؟,price_inquiry,carpenter,synth
نحتاج mikanisyan يجي غدوة الصباح لـ Bordj Bou Arreridj,find_worker,mechanic,synth
gateaux traditionnels lel 3ers wach ndir,find_worker,caterer,synth
nettoyer canapé w moquette!! chkoun yji fissa3?,urgent_service,cleaner,synth
chkoun 3ando numero nta3 déménageur f Setif?,find_worker,mover,synth
ya cheikh thanks,greeting_chitchat,none,synth
jari 9ali nse9si hna 3la moul lblakou f ljzair l3asma,find_worker,plasterer,synth
wach ngedr nkhedm k3aml wkelian f nfes lwget?,app_question,none,synth
el ma 7abes f dar kamla,find_worker,plumber,synth
wech rahi akhbar lmatch ta3 el bar7?,out_of_scope,none,synth
ضروك دورك تريتور للختانة نهار الجمعة,urgent_service,caterer,synth
ch7al ykelfeni soudour llioum kamel?,price_inquiry,welder,synth
"3andi refaire la dalle ta3 la terrasse, chkoun ye3ref mason mli7? svp",find_worker,mason,synth
ch7al ydir khiata f boumredas?,price_inquiry,tailor,synth
ياخو شحال يكلفني مول الكليمة لليوم كامل؟,price_inquiry,ac_repair,synth
كيفاه نديار كونت فيسبوك؟,out_of_scope,none,synth
nheb nte3lem el 7la2a bach n7el saloun,out_of_scope,none,synth
راني نحوس على مول الضو في ورقلة,find_worker,electrician,synth
التلاجة ما تبردش والمأكلة تخسر ومازال ما لقيتش لي يصلحها,find_worker,appliance_repair,synth
ch7al taman bach ndir nettoyage ta3 dar ba3d le demenagement?,price_inquiry,cleaner,synth
besoin d un mason serieux f Boumerdes,find_worker,mason,synth
demenagement men Oran l Alger 3awnouni,find_worker,mover,synth
el km ta3 el fista touil wi7taj t9esir wne7taj khiat dirket tawa,urgent_service,tailor,synth
صاحبي بونجور,greeting_chitchat,none,synth
سلام، كيفاش نزيد تصاور لخدماتي؟,app_question,none,synth
ch7al ydir demenageur f Setif,price_inquiry,mover,synth
واش هي الأسعار تاع سودور في مستغانم؟,price_inquiry,welder,synth
البلاط تاع الساحة تحرك وتكسر,find_worker,mason,synth
تريتور للختانة نهار الجمعة فيسع فيسع,urgent_service,caterer,synth
bonsoir wallah ghir 7asel,greeting_chitchat,none,synth
سلام خويا، نأدر نلأى مول الكليمة يجي اليوم لـ بجاية؟,find_worker,ac_repair,synth
wech kayen chi bna 9rib mn blida? rabi y7afdkom,find_worker,mason,synth
win ncheri lzre3 walourd llejnan f tiart?,out_of_scope,none,synth
واش كاين شي plombier قريب من Oran؟,find_worker,plumber,synth
بليز electricien في Tizi Ouzou دوك دوك، التابلو الكهربائي ڨديم ويخوف,urgent_service,electrician,synth
شحال يكلف جبس السقف طايح شوية شوية؟,price_inquiry,plasterer,synth
wech rak,greeting_chitchat,none,synth
شحال يكلف نبغي حمايه حديد للفنيترات؟,price_inquiry,welder,synth
combien coute un trisyan,price_inquiry,electrician,synth
يا جماعة صحا خويا,greeting_chitchat,none,synth
ياخو واش هي الأسعار تاع مول الطياب في غرداية؟,price_inquiry,caterer,synth
devis approximatif: meuble tv en placo fel mur?,price_inquiry,plasterer,synth
نحتاج cuisiniere زين في Mostaganem,find_worker,caterer,synth
besoin d un soudor serieux f Chlef,find_worker,welder,synth
depuis 3 jours 3andna nbeddel les robinets nta3 cuisine,find_worker,plumber,synth
wach kayen لي يصلح الماشينات 9rib meni f بومرداس?,find_worker,appliance_repair,synth
ya cheikh ch7al ydir mol lsoudir f wreqla?,price_inquiry,welder,synth
ya cheikh porte en fer forgé lel 7ouch!! chkoun yji fissa3?,urgent_service,welder,synth
les prix ta3 plaquiste f Setif?,price_inquiry,plasterer,synth
retouche pantalon twil n7taj couturier tawa douk ya kho,urgent_service,tailor,synth
les prix ta3 reparateur machine a laver f Biskra,price_inquiry,appliance_repair,synth
peinture ta3 dar kamla ... chkoun ysal7hali?,find_worker,painter,synth
"ltablou el kahrabji 9dim wikhouf, chkoun y3erf mol eddaw mli7?",find_worker,electrician,synth
je cherche un femme de ménage à Batna,find_worker,cleaner,synth
ch7al ykalefni تقني كليماتيزور pour une journee?,price_inquiry,ac_repair,synth
وين نلأى بيتزيريا مليحة في غرداية؟,out_of_scope,none,synth
نحتاج لي يدير الميناج يجي غدوة الصباح لـ باتنة,find_worker,cleaner,synth
nettoyage profond w ma 3reftch win nrou7,find_worker,cleaner,synth
سلام، عندي حفرة كبيرة في حيط الجبس,find_worker,plasterer,synth
dork dork tnedif lmoukit walkenaپi,urgent_service,cleaner,synth
حالة مستعجلة: تركيب بلاكو بلاتر مع السبوتات,urgent_service,plasterer,synth
n7awes jnaini y9elm lachjar nta3 el jnan,out_of_scope,none,synth
نأدر نلأى ميكانيكي يجي اليوم لـ برج بوعريريج؟,find_worker,mechanic,synth
وين نقرا لانجليزية في بجاية؟,out_of_scope,none,synth
شحال تكلف خدمة: راسي شعث بزاف ونحتاج نحفف؟,price_inquiry,barber,synth
pc ta3i wela lourd bezzaf wach ndir?,out_of_scope,none,synth
بليز نجار في جيجل ضروك ضروك، نبغي نديار پلاكار على گياس,urgent_service,carpenter,synth
vidange w les filtres n7taj مول الميكانيك tawa drouk,urgent_service,mechanic,synth
chkoun 3ando numero nta3 sebbagh f Batna?,find_worker,painter,synth
نحتاج واحد يعاونني في خدمة في الدار يجي غدوة الصباح لـ الجزائر العاصمة,find_worker,none,synth
sba7 el khir ya kho,greeting_chitchat,none,synth
شحال نخلص باش نصلح الفنيترة ما تسكرش مليح,price_inquiry,carpenter,synth
urgence!! portail ta3 garage mkasser f Boumerdes,urgent_service,welder,synth
je cherche un مول الميكانيك à الشلف,find_worker,mechanic,synth
الدار فيها طوفان الما في الكوزينة من سيمانة كاملة,find_worker,plumber,synth
نحب نخبي الكابلاج بحيط بلاكو فيسع فيسع,urgent_service,plasterer,synth
ya3ychek,greeting_chitchat,none,synth
rahi 3nedi nheb nkhebi lkablaj b7it blakou w7asl,find_worker,plasterer,synth
الله يخليكم نبغي نبدل لون الصالون ومگدرتش نلگى حل,urgent_service,painter,synth
"svp agent de nettoyage f Alger vite, nettoyer canapé w moquette",urgent_service,cleaner,synth
svp saha khouya,greeting_chitchat,none,synth
n7taj mol daw mlih f blida,find_worker,electrician,synth
وين نشري بلاكات بلاكو بالجملة,out_of_scope,none,synth
عندي حففلي راسي ديغراديه في الدار، واش نديار؟,find_worker,barber,synth
بشحال الخدمة تاع مول الضو تڨريبا؟,price_inquiry,electrician,synth
نحتاج مول الجبس مليح في برج بوعريريج,find_worker,plasterer,synth
شحال نخلص باش نصلح نغطيو البيام تاع البلافون بالجبس,price_inquiry,plasterer,synth
يا جماعة نحوس على شقة للكراء في تلمسان,out_of_scope,none,synth
ya khouya chkoun 3ando numero ta3 تقني كليماتيزور f الجزائر العاصمة?,find_worker,ac_repair,synth
demenagement men Oran l Alger,find_worker,mover,synth
دوك دورك نحتاج أرفف للبيرو,urgent_service,carpenter,synth
chhal tkelf khdema: ri7a kabl m7erou9,price_inquiry,electrician,synth
peinture ta3 dar kamla wach ndir,find_worker,painter,synth
"3andi construire un mur fel jardin, chkoun ye3ref bennay mli7?",find_worker,mason,synth
peinture ta3 chambre d'enfants fissa3 svp,urgent_service,painter,synth
واش كاين شي خياط اريب من تيارت؟,find_worker,tailor,synth
clim ta3 tonobil ma tberredch ... chkoun ysal7hali?,find_worker,mechanic,synth
n7eb bourtai 7did llegharaj 3aounouni,find_worker,welder,synth
عندي جبس السڨف طايح شوية شوية ونحتاج واحد يصلحهالي,find_worker,plasterer,synth
راني نحوس على خدمة نخدمها، واش كاين بلايص؟ يعطيكم الصحة,out_of_scope,none,synth
nqedr nleqa 3amla tnedif yji lyoum l jijl?,find_worker,cleaner,synth
حالة مستعجلة: نحب نخيط ريدوات جداد للبيت,urgent_service,tailor,synth
ياخو كيفاش نزيد تصاور لخدماتي؟,app_question,none,synth
les prix ta3 peintre f Annaba?,price_inquiry,painter,synth
ch7al tkelf khdema: tesli7 soudir f el slem el 7didi?,price_inquiry,welder,synth
placo avec spots led,find_worker,plasterer,synth
راهي عندي الضو يشعل ويطفي وحدو وحاصل,find_worker,electrician,synth
راني نحوس على واحد يعاونني في خدمة في الدار في الشلف,find_worker,none,synth
سلام، وين نلقى تكوين في النجارة؟,out_of_scope,none,synth
ltilifoun ta3i thers laikran win nsel7ou? rabi y7afdkom,out_of_scope,none,synth
devis approximatif: peinture nta3 dar kamla?,price_inquiry,painter,synth
mset3ejle: n7taj mol el blakou lyoum f blida w chokran,urgent_service,plasterer,synth
ch7al rahi el sa3a,out_of_scope,none,synth
hhehheh chaba w chokran,greeting_chitchat,none,synth
حالة مستعجلة: اللافابو راه يفويتي,urgent_service,plumber,synth
rani n7awes 3la عاملة تنظيف f الجزائر العاصمة,find_worker,cleaner,synth
"ya khouya j'ai oublié mon mot de passe, wach ndir?",app_question,none,synth
wach kayen reparateur climatiseur 2rib meni f Skikda?,find_worker,ac_repair,synth
"svp plakist f Bordj Bou Arreridj vite, cloison placo bach n9assmou la chambre",urgent_service,plasterer,synth
llh ykhelikm ndirou marchat 2dam bab eddar wme2dertech nle2a 7l,urgent_service,mason,synth
devis approximatif: cuisiniere ma tech3elch? ya kho,price_inquiry,appliance_repair,synth
combien coute un barbier? rabi y7afdkom,price_inquiry,barber,synth
"rani nhawes 3la khdema nkhedmeha, wach kayen blais? wallah ghir 7asel",out_of_scope,none,synth
"y3etikm ls7a, n7awes moul eddaw nacht fi tiart",find_worker,electrician,synth
الحيوط مخبشين ونحتاجو تصليح وصباغة!! نحتاج واحد يجي فيسع,urgent_service,painter,synth
شحال يدير تريسيان في برج بوعريريج؟,price_inquiry,electrician,synth
n7taj li yne2l el athath yji ghedwa lsba7 l ghredaia,find_worker,mover,synth
bslema w chokran,greeting_chitchat,none,synth
ياخو ههههه شابة,greeting_chitchat,none,synth
شحال نخلص باش نصلح العجلة تنفّس؟,price_inquiry,mechanic,synth
سلام خويا، شحال راهي الساعة؟,out_of_scope,none,synth
مستعجل: نحتاج مول الميكانيك اليوم في گسنطينة,urgent_service,mechanic,synth
nheb ncheri machina saboun jdida chhal el soum?,out_of_scope,none,synth
3aounouni! n7taj nbeddel lkablaj lkdim nta3 eddar wrani 7asl,urgent_service,electrician,synth
معليش تقولي كيفاش راه الطقس في برج بوعريريج؟,out_of_scope,none,synth
ma l9itch agent de nettoyage disponible f Annaba,find_worker,cleaner,synth
wach kayen تريسيان 9rib meni f تيارت?,find_worker,electrician,synth
يا شيخ حالة مستعجلة: الدرج الخشبي يزقزق,urgent_service,carpenter,synth
3andi lave-vaisselle y7bes f nos svp,find_worker,appliance_repair,synth
"slm, ch7al taman bach ndir menage ba3d la fete?",price_inquiry,cleaner,synth
n7awes 3la chga llekra fi 3naba w chokran,out_of_scope,none,synth
نحتاج صباغ يجي غدوة الصباح لـ ورقلة,find_worker,painter,synth
ديمناجمون كامل للدار,find_worker,mover,synth
serwal twil nheb n9assrou,find_worker,tailor,synth
n7eb nte3lem lkherba wech kayen tkouin?,out_of_scope,none,synth
التيليفون تاعي تهرس الايكران وين نصلحو؟ يعطيكم الصحة,out_of_scope,none,synth
chhal ykelfeni moul el 7la9a llioum kamel?,price_inquiry,barber,synth
مستعجل: نحتاج مصلح الأجهزة اليوم في قسنطينة,urgent_service,appliance_repair,synth
3andi recharge gaz ta3 la clim,find_worker,ac_repair,synth
تريتور للختانة نهار الجمعة واش نديار,find_worker,caterer,synth
عندي نبغي نديار مكتبة في الحيط بالبلاكو ونحتاج واحد يصلحهالي,find_worker,plasterer,synth
win nle9a el tlebat li b3ethtehm?,app_question,none,synth
بليز سودور في الشلف دورك دورك، السياج تاع الحديد تكسر ومحتاج سودير ياخو,urgent_service,welder,synth
كيفاش نشوف تقييمات العامل قبل ما نخدم معاه؟ والله غير حاصل,app_question,none,synth
دوك دورك الماشينة نتاع الصابون ما تدورش,urgent_service,appliance_repair,synth
depuis 3 jours 3andna frigo ma ybaredch,find_worker,appliance_repair,synth
تڨصير الكم تاع الڨميجة عاونوني,find_worker,tailor,synth
وين نقرا لانجليزية في غرداية؟,out_of_scope,none,synth
واش معنى الاشتراك برو للعامل,app_question,none,synth
نحوس على ريسطورون مليح للعشاء في Tiaret,out_of_scope,none,synth
n7taj kamiou sghir nne9l bih lathath fissa3 fissa3,urgent_service,mover,synth
عندي التابلو الكهربائي اديم ويخوف,find_worker,electrician,synth
التلاجة ما تبردش والمأكلة تخسر!! نحتاج واحد يجي فيسع وشكرا مسبقا,urgent_service,appliance_repair,synth
3nedi n7eb sbagha ghrefa latfal balouan chaba,find_worker,painter,synth
نحتاج ناقل العفش يجي غدوة الصباح لـ بسكرة,find_worker,mover,synth
تحفيفة وتدريج شاب للولد واش نديار,find_worker,barber,synth
يعطيكم الصحة، نحوس تريسيان ناشط في بليدة,find_worker,electrician,synth
الجنان محتاج تنڨية وڨازون جديد وشكرا مسبڨا,out_of_scope,none,synth
rampe d escalier en fer fissa3 svp,urgent_service,welder,synth
شحال يدير مول البلاكو في مستغانم؟,price_inquiry,plasterer,synth
نقدر نلقى عاملة تنظيف يجي اليوم لـ وهران؟,find_worker,cleaner,synth
ch7al taman bach ndir degradé lel weld,price_inquiry,barber,synth
بليز طباخة في الشلف ضروك ضروك، كسكسي لخمسين نفر لصدقة,urgent_service,caterer,synth
ch7al taman bach ndir menage ba3d la fete?,price_inquiry,cleaner,synth
شحال السوم تاع trisyan؟,price_inquiry,electrician,synth
3awnouni compteur yti7 ki nch3el la clim w le four ensemble w rani 7asel,urgent_service,electrician,synth
يا شيخ ارجو المساعدة بسرعة، الكارلاج نتاع الحمام تقلع وولى يجمع الما,urgent_service,mason,synth
combien coute un mikanisyan?,price_inquiry,mechanic,synth
مستعجل: نحتاج مول الكليمة اليوم في سطيف بارك الله فيكم,urgent_service,ac_repair,synth
ya cheikh combien pour buffet pour fete de fiançailles?,price_inquiry,caterer,synth
شحال نخلص باش نصلح نديرو درابزين حديد للدرج؟,price_inquiry,welder,synth
dork dork la clim na9esha gaz,urgent_service,ac_repair,synth
الماشينة نتاع الصابون تجري الما من تحت من فضلكم,find_worker,appliance_repair,synth
نحب صباغة غرفة الأطفال بألوان شابة فيسع فيسع,urgent_service,painter,synth
rahi 3nedi ltoumoubil ma t7ebch tche3l w7asl,find_worker,mechanic,synth
nheb ndiar kouzina khcheb 3la 2ias wne7taj mnouzii dirket tawa,urgent_service,carpenter,synth
kifah rah el jaw f Jijel?,out_of_scope,none,synth
ارجو المساعدة بسرعة، نحتاج نزيد بيت فوق السطح,urgent_service,mason,synth
السيفون تاع التواليت خسر من فضلكم,find_worker,plumber,synth
الله يخليكم نحب نديار كوزينة خشب على قياس ومقدرتش نلقى حل,urgent_service,carpenter,synth
dorka dork la clim na9esha gaz,urgent_service,ac_repair,synth
wach kayen cuisiniere 2rib meni f Oran?,find_worker,caterer,synth
win nelga pizzeria mli7a f مستغانم?,out_of_scope,none,synth
واش معنى الاشتراك برو للعامل؟ والله غير حاصل,app_question,none,synth
الله يخليكم الكونجيلاتور ما يجمدش ومقدرتش نلقى حل,urgent_service,appliance_repair,synth
"saha, n7taj taxi l aeroport ghedwa",out_of_scope,none,synth
مستعجل: نحتاج مول السودير اليوم في سكيكدة,urgent_service,welder,synth
من فضلكم وين نقرا لانجليزية في Constantine؟,out_of_scope,none,synth
n7eb ncheri machina saboun jdida ch7al lsoum?,out_of_scope,none,synth
عاونوني! تريتور للختانة نهار الجمعة وراني حاصل,urgent_service,caterer,synth
واش نگدر نلغي طلب بعثتو؟,app_question,none,synth
salam ya kho,greeting_chitchat,none,synth
سلام، يعطيكم الصحة، نحوس كوافور ناشط في برج بوعريريج,find_worker,barber,synth
نگدر نلگى نجار يجي اليوم لـ غرداية؟,find_worker,carpenter,synth
mset3ejle: n7taj t2eni klimatizour lyoum fi 3naba,urgent_service,ac_repair,synth
ch7al nkhels bach nsel7 el siaj ta3 l7did tkesr wme7taj soudir,price_inquiry,welder,synth
chkoun 3ando numero nta3 electricien f Skikda?,find_worker,electrician,synth
جاري قالي نسقسي هنا على ماصون في قسنطينة,find_worker,mason,synth
machine a laver tejri el ma men ta7t w ma 3reftch win nrou7,find_worker,appliance_repair,synth
la clim naqesha gaz!!! chkoun yji fissa3?,urgent_service,ac_repair,synth
win nechri des plaques ba13 en gros,out_of_scope,none,synth
déménagement complet!! chkoun yji fissa3?,urgent_service,mover,synth
جاري قالي نسقسي هنا على خياط في سطيف,find_worker,tailor,synth
win ncheri el zre3 walourd llejnan f bjaia?,out_of_scope,none,synth
من فضلكم راني نحوس على mason في Bejaia,find_worker,mason,synth
وين نلقى بيتزيريا مليحة في بليدة؟ والله غير حاصل,out_of_scope,none,synth
nettoyage des vitres ta3 villa w ma 3reftch win nrou7,find_worker,cleaner,synth
ch7al nkhalles bach nsale7 gateaux traditionnels lel 3ers?,price_inquiry,caterer,synth
cas urgent: coudre des rideaux occultants l chambre,urgent_service,tailor,synth
وين نشري ماكينة خياطة جديدة في بليدة؟,out_of_scope,none,synth
les amis saha khouya,greeting_chitchat,none,synth
kifach nbeddel el mhena ta3i f lbroufil?,app_question,none,synth
ميناج أسبوعي للفيلا ومازال ما لقيتش لي يصلحها,find_worker,cleaner,synth
"saha, chkoun rbe7 el match lbare7?",out_of_scope,none,synth
n9edr nle9a kahrabaji yji lyoum l 3naba?,find_worker,electrician,synth
nheb net3allem la couture kayen des cours,out_of_scope,none,synth
femme de menage teji kol jem3a men fadlkom,find_worker,cleaner,synth
الله يخليكم الباب نتاع الكوزينة تكسر ومقدرتش نلقى حل,urgent_service,carpenter,synth
ya khouya faux plafond ba13 f salon ... chkoun ysal7hali?,find_worker,plasterer,synth
"y3etikm el s7a, n7awes reparateur machine a laver nacht f Oran",find_worker,appliance_repair,synth
chkoun 3nedou nimirou ta3 mol l7la9a fi bjaia?,find_worker,barber,synth
وين كاين أقرب صيدلية في ورقلة؟,out_of_scope,none,synth
راهي عندي صباغة الأبواب والفنيترات وحاصل,find_worker,painter,synth
شحال يكلفني ميكانيسيان لليوم كامل؟,price_inquiry,mechanic,synth
"slm, wech n9edr nset3eml el ttebi9 kdif bla kount?",app_question,none,synth
عندي الاومبرياج يزلق,find_worker,mechanic,synth
sa7bi 3awnouni coiffure nta3 la mariée a domicile w rani 7asel,urgent_service,barber,synth
طباخة تطيب الشخشوخة لمناسبة عاونوني الله يخليك,find_worker,caterer,synth
السياج الأخضر تاع الجنان يحتاج تڨليم,out_of_scope,none,synth
واش نڨدر نلغي طلب بعثتو؟,app_question,none,synth
3nedi mchekla f el wifi ta3 djizi merci,out_of_scope,none,synth
الباب تاع الكوزينة تكسر عاونوني,find_worker,carpenter,synth
سلام خويا، نقدر نلقى حلاق يجي اليوم لـ جيجل؟,find_worker,barber,synth
راهي عندي نحب نديار كوزينة خشب على قياس وحاصل,find_worker,carpenter,synth
menage ba3d la fete n7taj menage tawa drouk,urgent_service,cleaner,synth
3nedi n7taj ntouaia wsiana el klima 9bel lsif wallah ghir 7asel,find_worker,ac_repair,synth
ياخو الدار فيها الطواليت محبوسة والما يطلع من سيمانة كاملة,find_worker,plumber,synth
دلوني على حلاگ شاطر ومعگول,find_worker,barber,synth
buffet pour fete de fiançailles ... chkoun ysal7hali? rabi y7afdkom,find_worker,caterer,synth
التابلو الكهربائي اديم ويخوف,find_worker,electrician,synth
عاونوني! كسكسي لخمسين نفر لصدقة وراني حاصل,urgent_service,caterer,synth
خويا الكليماتيزور يدير صوت غريب شكون يجي يشوفها,find_worker,ac_repair,synth
"bonjour, svp peintre f Bejaia vite, repeindre la façade ta3 dar",urgent_service,painter,synth
راهي عندي فو بلافون مع اضاءة مخبية وحاصل,find_worker,plasterer,synth
kifech nchark f el 3roud ta3 el khdemat?,app_question,none,synth
نحب حماية حديد للفنيترات ونحتاج سودور ديركت توا,urgent_service,welder,synth
restaurant zin l le diner f Constantine?,out_of_scope,none,synth
wach kayen لي يدير الميناج 9rib meni f بسكرة?,find_worker,cleaner,synth
وين نشري الزرع والورد للجنان في بليدة؟,out_of_scope,none,synth
rani n7awes 3la مصلح تلاجات f جيجل,find_worker,appliance_repair,synth
من فضلكم نحوس وصفة طاجين حلو للعيد,out_of_scope,none,synth
besoin d un traiteur serieux f Skikda,find_worker,caterer,synth
نحول من وهران للعاصمة ونحتاج نأل العفش من فضلكم,find_worker,mover,synth
ma l9itch agent de nettoyage disponible f Biskra,find_worker,cleaner,synth
حالة مستعجلة: نحب نبدل لون الصالون,urgent_service,painter,synth
combien pour la clim tjamed w t7bes wa7edha?,price_inquiry,ac_repair,synth
je cherche un wa7ed y3aweni f khedma f dar à Batna,find_worker,none,synth
ma lgitch مول الكليمة disponible f بسكرة,find_worker,ac_repair,synth
نحتاج نزيد بيت فوأ السطح فيسع فيسع والله غير حاصل,urgent_service,mason,synth
نحوس على طبيب أسنان مليح في بسكرة,out_of_scope,none,synth
شحال يكلف نحب صباغة غرفة الأطفال بألوان شابة؟,price_inquiry,painter,synth
السطح يقطر ونحتاج ايتونشيتي عاونوني,find_worker,mason,synth
نحب نشري ماشينه صابون جديده شحال السوم؟,out_of_scope,none,synth
طباخة تطيب الشخشوخة لمناسبة فيسع فيسع,urgent_service,caterer,synth
win kayen a9reb sidlia fi msetghanm?,out_of_scope,none,synth
chhal tkelf khdema: es sgaf ta3 el blakou ta7 mnou tref?,price_inquiry,plasterer,synth
عندي الفرينات يديرو صوت يخوف ونحتاج واحد يصلحهالي,find_worker,mechanic,synth
شحال السوم تاع فام دو ميناج,price_inquiry,cleaner,synth
شحال يكلف الدار محتاجة تنظيف عميأ؟,price_inquiry,cleaner,synth
3andi ta7fifa w l7ya,find_worker,barber,synth
البورطاي ما عادش يتسكر مليح والله غير حاصل,find_worker,welder,synth
نحتاج أرفف للبيرو فيسع فيسع,urgent_service,carpenter,synth
"tbakha l7efla el nja7, chkoun y3erf moul el tiab mlih?",find_worker,caterer,synth
win kayen pharmacie 2riba f Boumerdes?,out_of_scope,none,synth
مستعجل: نحتاج mecanicien اليوم في Blida,urgent_service,mechanic,synth
"ya cheikh rani n7awes 3la khedma nekhdemha, kayen des postes?",out_of_scope,none,synth
sba7 lkhir,greeting_chitchat,none,synth
ma l9itch دهان disponible f جيجل,find_worker,painter,synth
عاونوني! نحتاج مرا تعاون ماما في قضيان الدار وراني حاصل يعطيكم الصحة,urgent_service,cleaner,synth
سلام خويا، كيفاش نشارك في العروض نتاع الخدمات؟,app_question,none,synth
شحال يدير خياطة في بليدة؟,price_inquiry,tailor,synth
win nel9a pizzeria mli7a f برج بوعريريج?,out_of_scope,none,synth
ya khouya kifach rah el jaw f وهران?,out_of_scope,none,synth
les prix ta3 trisyan f Mostaganem?,price_inquiry,electrician,synth
شحال نخلص باش نصلح الكليمة ما تسخنش في الشتا,price_inquiry,ac_repair,synth
win nechri gazon w les plantes f عنابة?,out_of_scope,none,synth
rani n7awes 3la électricien f Alger,find_worker,electrician,synth
bche7al el khdema ta3 mecanicien t9eriba?,price_inquiry,mechanic,synth
lbab l7didia khrejt mn blasteha wach ndiar,find_worker,welder,synth
wach men film zin nchoufou lyoum?,out_of_scope,none,synth
دورك دورك نحتاج صباغة السقف,urgent_service,painter,synth
نبغي نديار باب حديد للحوش,find_worker,welder,synth
sa7bi merci bcp,greeting_chitchat,none,synth
"saha, chokran",greeting_chitchat,none,synth
وين نلأى تكوين في النجارة؟,out_of_scope,none,synth
chkoun rbe7 lkan had el 3am,out_of_scope,none,synth
وين نلگى بيتزيريا مليحة في سكيكدة؟,out_of_scope,none,synth
l'appli gratuite wela payante? ya kho,app_question,none,synth
عاونوني! نحب نخيط قندورة للعيد وراني حاصل,urgent_service,tailor,synth
eddar fiha ri7a kabl m7erou9 mn simana kamla,find_worker,electrician,synth
بشحال الخدمة تاع خياط تگريبا,price_inquiry,tailor,synth
"3andi rampe d escalier en fer, chkoun ye3ref soudeur mli7?",find_worker,welder,synth
changer la fermeture ta3 pantalon n7taj couturier tawa drouk,urgent_service,tailor,synth
خويا خياطة ريدو للصالون شكون يجي يشوفها,find_worker,tailor,synth
y3ichk khouya,greeting_chitchat,none,synth
chkoun 3ando numero nta3 mason f Constantine?,find_worker,mason,synth
وين نشري ماكينة خياطة جديدة في ورقلة؟,out_of_scope,none,synth
يعطيكم الصحة، نحوس خياطة ناشط في تيارت,find_worker,tailor,synth
khouya n7eb nzid prise jdida fi el birou chkoun yji ychoufha,find_worker,electrician,synth
transport nta3 les affaires l dar jdida w ma 3reftch win nrou7,find_worker,mover,synth
besoin d un menuisier serieux f Ghardaia,find_worker,carpenter,synth
wach kayen wa7ed y3aweni f khedma f dar 9rib meni f Oran,find_worker,none,synth
عندي نحتاج تنظيف الدار قبل ما نسكنو فيها,find_worker,cleaner,synth
chkoun 3nedou nimirou ta3 mol lbna f batna?,find_worker,mason,synth
واش هي الأسعار تاع خياط في باتنة؟,price_inquiry,tailor,synth
نقدر نلقى دهان يجي اليوم لـ باتنة؟,find_worker,painter,synth
تنظيف الموكيت والكناپي واش نديار,find_worker,cleaner,synth
صاحبي عندي مشكلة في الويفي تاع دجيزي,out_of_scope,none,synth
واش هي الأسعار تاع طباخة في باتنة؟ الله يخليك,price_inquiry,caterer,synth
n7taj mol ltiab mli7 fi tiart,find_worker,caterer,synth
"ya khouya svp réparateur électroménager f Skikda vite, cuisiniere ma tech3elch",urgent_service,appliance_repair,synth
3nedi lbourtai ma 3adch ytesker mli7,find_worker,welder,synth
نحب نتعلم الحلاقة باش نحل صالون,out_of_scope,none,synth
7ala mset3ejla: el tfel y7etaj y7eff gbel lmdersa,urgent_service,barber,synth
واش هي الأسعار تاع لي يدير الميناج في باتنة؟,price_inquiry,cleaner,synth
شحال يكلف تنظيف الموكيت والكناپي؟ وشكرا مسبقا,price_inquiry,cleaner,synth
نحتاج مرا تعاون ماما في قضيان الدار من فضلكم,find_worker,cleaner,synth
devis approximatif: faux plafond avec lumiere indirecte?,price_inquiry,plasterer,synth
dar fiha n7eb nkoumoundi 7louiat tgelidia lle3res mn simana kamla,find_worker,caterer,synth
3andi menage hebdomadaire,find_worker,cleaner,synth
n7taj nzid bit fou9 el ste7 wmazal ma l9itch li ysel7eha w chokran,find_worker,mason,synth
معليش تگولي كيفاه راه الطگس في عنابة؟ يعطيكم الصحة,out_of_scope,none,synth
كيفاش نبدل رڨم تيليفوني في الكونت؟,app_question,none,synth
دلوني على خياطة شاطر ومعقول,find_worker,tailor,synth
صحا، جاري قالي نسقسي هنا على لحّام في سكيكدة,find_worker,welder,synth
grand menage nta3 printemps ... chkoun ysal7hali?,find_worker,cleaner,synth
wach kayen لحّام 9rib meni f تيزي وزو?,find_worker,welder,synth
شحال يكلف الكوزينيار ما يشعلوش البلاكات تاعو؟,price_inquiry,appliance_repair,synth
"3andi tableau electrique 2dim, chkoun ye3ref kahrabji mli7?",find_worker,electrician,synth
واش كاين شي سباك گريب من بسكرة؟,find_worker,plumber,synth
urgence!! cuisiniere ma tech3elch f الجزائر العاصمة,urgent_service,appliance_repair,synth
البيسي تاعي ولا ثگيل ياسر واش نديار؟ ياخو,out_of_scope,none,synth
wech lttebi9 mjani wla balkhelas?,app_question,none,synth
win nle9a ltlebat li b3ethtehm? rabi y7afdkom,app_question,none,synth
win n9era lanjelizia fi bsekra?,out_of_scope,none,synth
les prix ta3 kwafur f Biskra?,price_inquiry,barber,synth
win nel9a pizzeria mli7a f Boumerdes?,out_of_scope,none,synth
راني نحوس على خدمة نخدمها، واش كاين بلايص؟ والله غير حاصل,out_of_scope,none,synth
كيفاش نفعل الموگع باش يلگاوني العمال؟,app_question,none,synth
السطح يقطر ونحتاج ايتونشيتي، شكون يعرف بنّاء مليح؟,find_worker,mason,synth
شحال يكلف البلاط تاع الساحة تحرك وتكسر؟,price_inquiry,mason,synth
واش الأحوال؟ يعطيكم الصحة,greeting_chitchat,none,synth
humidité fel mur wach ndir,find_worker,mason,synth
واش هي الأسعار تاع لي ينقل الأثاث في باتنة؟,price_inquiry,mover,synth
يا جماعة وين نأرا لانجليزية في الشلف؟,out_of_scope,none,synth
sa7bi n7taj wa7d y9es l7chich ta3 jardin,out_of_scope,none,synth
chkoun rbe7 lkan had l3am? rabi y7afdkom,out_of_scope,none,synth
سلام، التابلو الكهربائي قديم ويخوف,find_worker,electrician,synth
khouya nebghi nkhit jba 9sentinia lle3res chkoun yji ychoufha,find_worker,tailor,synth
combien coute un couturier? ya kho,price_inquiry,tailor,synth
شحال نخلص باش نصلح الكونتور يدڨ كي نشعلو زوج ماشينات؟,price_inquiry,electrician,synth
win nel9a les demandes li b3aththom?,app_question,none,synth
n9edr nle9a sbagh yji lyoum l ljzair l3asma? ya kho,find_worker,painter,synth
el balou3a msdouda wmazal ma l2itch li ysel7eha,find_worker,plumber,synth
يا جماعة بريز محروڨة ومازال ما لڨيتش لي يصلحها,find_worker,electrician,synth
الله يبارك عليكم,greeting_chitchat,none,synth
يا خويا نحوس أستاذ يعطي دروس خصوصية في الرياضيات,out_of_scope,none,synth
الله يخليكم نحب نديار مكتبة في الحيط بالبلاكو ومقدرتش نلقى حل,urgent_service,plasterer,synth
khouya ngel bianou mn el tabg el rab3 chkoun yji ychoufha,find_worker,mover,synth
سلام، نحتاج أرفف للبيرو شكون عندو حل,find_worker,carpenter,synth
راهي عندي تريتور للختانة نهار الجمعة وحاصل,find_worker,caterer,synth
وين نشري الزرع والورد للجنان في سطيف؟,out_of_scope,none,synth
je cherche un plombi à Annaba,find_worker,plumber,synth
يعطيك الصحة وشكرا مسبقا,greeting_chitchat,none,synth
من فضلكم واش نقدر نستعمل التطبيق كضيف بلا كونت؟,app_question,none,synth
n7eb nne9l l3fech ldar jdida fissa3 fissa3,urgent_service,mover,synth
les amis ma l9itch menage disponible f Bejaia,find_worker,cleaner,synth
win nle9a tkouin fi el njara,out_of_scope,none,synth
ch7al ydir reparateur climatiseur f Annaba?,price_inquiry,ac_repair,synth
ya khouya bonsoir,greeting_chitchat,none,synth
البيسي تاعي ولا ثڨيل بزااااف واش نديار؟,out_of_scope,none,synth
3aounouni! nseb dala jdida wrani 7asl,urgent_service,mason,synth
وين كاين أگرب صيدلية في الجزائر العاصمة؟,out_of_scope,none,synth
la clim ma tsekhnech f lchta,find_worker,ac_repair,synth
نبغي نخبي الكابلاج بحيط بلاكو شكون عندو حل,find_worker,plasterer,synth
عاونوني! نحب نضيق الروبة من الجناب وراني حاصل,urgent_service,tailor,synth
كليمة الطوموبيل ما تبردش فيسع فيسع,urgent_service,mechanic,synth
عندي قنوات الما تاع الدار قدام يسقطو ونحتاج واحد يصلحهالي,find_worker,plumber,synth
nhedmou 7it wne7lou bab fissa3 fissa3 w chokran,urgent_service,mason,synth
ياخو كيفاش نمسح الحساب تاعي؟,app_question,none,synth
nheb nte3lem lkhiata wach kayen tkouin 9rib? wallah ghir 7asel,out_of_scope,none,synth
win nechri gazon w les plantes f Skikda?,out_of_scope,none,synth
نحوس على طبيب أسنان غايا في عنابة,out_of_scope,none,synth
kifach nkhedm bhad el ttebiq?,app_question,none,synth
dork dork robe soirée sur mesure,urgent_service,tailor,synth
نبغي نركب لافابو جديد في الحمام، شكون يعرف بلومبيي مليح؟,find_worker,plumber,synth
prise ma7rou9a w ma 3reftch win nrou7 merci,find_worker,electrician,synth
نقدر نلقى سودور يجي اليوم لـ مستغانم؟,find_worker,welder,synth
"svp مول البناء f بليدة vite, humidité fel mur",urgent_service,mason,synth
مستعجل: نحتاج reparateur climatiseur اليوم في Ghardaia,urgent_service,ac_repair,synth
wach n9edr nkhedm k3aml wkelian f nfes lw9et?,app_question,none,synth
"arjou el msa3da bser3a, labatri rahi mita merci",urgent_service,mechanic,synth
"saha, nrakeb un lustre f salon n7taj مول الضو tawa dork",urgent_service,electrician,synth
tabbakha lel 3ers fissa3 svp,urgent_service,caterer,synth
cas urgent: nheb ndir porte blindée,urgent_service,welder,synth
"saha, win ncheri blakat blakou baljemla?",out_of_scope,none,synth
دورك دورك نحب نديار پلاكار على قياس,urgent_service,carpenter,synth
سلام خويا، واش التطبيأ يخدم بلا انترنات؟,app_question,none,synth
ya3ychek wallah ghir 7asel,greeting_chitchat,none,synth
نحب نتعلم الخياطة واش كاين تكوين گريب,out_of_scope,none,synth
khouya lma d3if ma ytel3ech lletab9 chkoun yji ychoufha,find_worker,plumber,synth
جاري قالي نسقسي هنا على فام دو ميناج في برج بوعريريج,find_worker,cleaner,synth
شحال السوم تاع مول الجبس؟,price_inquiry,plasterer,synth
تنظيف الموكيت والكناپي,find_worker,cleaner,synth
نحب نشري طوموبيل مستعملة، واش تنصحوني؟ والله غير حاصل,out_of_scope,none,synth
الكليمة ما تسخنش في الشتا من فضلكم,find_worker,ac_repair,synth
3nedi el toumoubil t7ebs f ns ltriq wne7taj wa7d ysel7ehali,find_worker,mechanic,synth
les prix ta3 mécanicien f Tlemcen?,price_inquiry,mechanic,synth
el lh ykhelikm n7eb 7maia 7did llefnitrat wmeqdertech nleqa 7l,urgent_service,welder,synth
من فضلكم شحال يكلفني électricien لليوم كامل؟,price_inquiry,electrician,synth
الله يخليكم نبغي نديار پلاكار على قياس ومقدرتش نلقى حل,urgent_service,carpenter,synth
n7awes 3la dentiste mli7 f Bejaia,out_of_scope,none,synth
عندي نحب ننقل العفش لدار جديدة ونحتاج واحد يصلحهالي,find_worker,mover,synth
شحال يدير كهربائي في مستغانم؟,price_inquiry,electrician,synth
واش نقدر نستعمل التطبيق كضيف بلا كونت؟ وشكرا مسبقا,app_question,none,synth
واش هي الأسعار تاع مول الصباغة في تيارت؟,price_inquiry,painter,synth
nheb لي يدير الميناج yji lyoum l بجاية,find_worker,cleaner,synth
clim tetlok ri7a khayba w ma 3reftch win nrou7,find_worker,ac_repair,synth
وين نلقى بيتزيريا مليحة في Tizi Ouzou,out_of_scope,none,synth
"bonjour, wach kayen soudor 9rib meni f Blida?",find_worker,welder,synth
حففلي راسي ديغراديه ياخو,find_worker,barber,synth
كيفاه نبدل رقم تيليفوني في الكونت؟,app_question,none,synth
يا شيخ يعطيك الصحة,greeting_chitchat,none,synth
نحوس أستاذ يعطي دروس خصوصية في الرياضيات يعطيكم الصحة,out_of_scope,none,synth
n7taj kouafour yji ghedwa el sba7 l wheran,find_worker,barber,synth
راهي عندي الباب تاع الكوزينة تكسر وحاصل,find_worker,carpenter,synth
يعطيكم الصحة، نحوس لي يدير الميناج ناشط في مستغانم,find_worker,cleaner,synth
n7taj moul el mikanik mlih f ghredaia w chokran,find_worker,mechanic,synth
الصباغة تقشرت في البيت شكون عندو حل,find_worker,painter,synth
نحوس على طبيب أسنان زين في تلمسان,out_of_scope,none,synth
devis approximatif: grille de protection lel fenetres?,price_inquiry,welder,synth
depuis 3 jours 3andna seche-linge khasser,find_worker,appliance_repair,synth
nhawes 3la ch2a llekra f lchlef,out_of_scope,none,synth
ارجو المساعدة بسرعة، كي نشعل الماشينة يطيح الضو,urgent_service,electrician,synth
الماشينة تاع الصابون تجري الما من تحت عاونوني,find_worker,appliance_repair,synth
يا خويا تصبحو على خير,greeting_chitchat,none,synth
sa7bi ch7al ydir mol eddaw f skikda?,price_inquiry,electrician,synth
depuis 3 jours 3andna extension nta3 dar w chokran,find_worker,mason,synth
khouya n7taj 3mal ynezlouli l3fech mn el tabq el khams chkoun yji ychoufha,find_worker,mover,synth
couscous l 50 personnes lel sadaga w ma 3reftch win nrou7,find_worker,caterer,synth
نحوس جنايني يقلم الأشجار تاع الجنان وشكرا مسبقا,out_of_scope,none,synth
dorka dork traiteur pour f tour ramadan,urgent_service,caterer,synth
نصب دالة جديدة من فضلكم,find_worker,mason,synth
clima tgatter el ma fissa3 svp,urgent_service,ac_repair,synth
nhawes 3la ristouroun mli7 lle3cha fi Ghardaia,out_of_scope,none,synth
"saha, mset3ejle: n7taj barbier lyoum f Tiaret",urgent_service,barber,synth
ya khouya chhal rahi el sa3a?,out_of_scope,none,synth
win kayen pharmacie 9riba f Annaba,out_of_scope,none,synth
الله يخليكم نديرو حيط بلاكو نأسمو بيه البيت ومأدرتش نلأى حل,urgent_service,plasterer,synth
ch7al ydir bennay f Bordj Bou Arreridj?,price_inquiry,mason,synth
الدار فيها نحتاج كوافور يجي للدار نهار العرس من سيمانة كاملة,find_worker,barber,synth
يا جماعة نحب نتعلم الكهرباء واش كاين تكوين؟,out_of_scope,none,synth
بليز بلاكيست في عنابة دورك دورك، نحب نديار مكتبة في الحيط بالبلاكو,urgent_service,plasterer,synth
واش راهي أخبار الماتش تاع البارح,out_of_scope,none,synth
صحا، شكرا بزاف,greeting_chitchat,none,synth
rani n7awes 3la femme de ménage f Tiaret,find_worker,cleaner,synth
urgence!! porte en fer forgé lel 7ouch f Setif svp,urgent_service,welder,synth
repas nta3 khetana jour el jem3a fissa3 svp,urgent_service,caterer,synth
نحتاج مصلح تلاجات مليح في تيزي وزو,find_worker,appliance_repair,synth
"slm, 3lach les notifications ma yjounich?",app_question,none,synth
نحب ديكور جبس في السگف ونحتاج بلاكيست ديركت توا بارك الله فيكم,urgent_service,plasterer,synth
kifach rah el jaw f Bordj Bou Arreridj?,out_of_scope,none,synth
مستعجل: نحتاج نجار اليوم في سكيكدة,urgent_service,carpenter,synth
من فضلكم نحب نحفف گبل العيد ومازال ما لگيتش لي يصلحها,find_worker,barber,synth
شحال راهي الساعة,out_of_scope,none,synth
les freins ydiro bruit n7taj mécanicien tawa drouk,urgent_service,mechanic,synth
ياخو بليز مول الحلاأة في تلمسان دورك دورك، نحتاج كوافور يجي للدار نهار العرس,urgent_service,barber,synth
chkoun 3ando numero nta3 electricien f Ouargla?,find_worker,electrician,synth
واش كاين شي دهان قريب من بجاية؟,find_worker,painter,synth
نحب نركب لامبات ليد في الدار كامل!! نحتاج واحد يجي فيسع,urgent_service,electrician,synth
kifech nchark fi el 3roud ta3 lkhdemat?,app_question,none,synth
نحتاج صباغة السقف ومازال ما لقيتش لي يصلحها,find_worker,painter,synth
حالة مستعجلة: ريحة كابل محروق,urgent_service,electrician,synth
besoin d un ميكانيكي serieux f اسنطينة,find_worker,mechanic,synth
ya khouya kifech nchouf t2iimat l3aml 2bel ma nkhedm m3ah?,app_question,none,synth
شحال يدير مول الضو في سطيف؟,price_inquiry,electrician,synth
n7taj tritour lfetour rmedan l3aila kbira 3aounouni,find_worker,caterer,synth
يا خويا نبغي حماية حديد للفنيترات واش نديار,find_worker,welder,synth
يعطيكم الصحة، نحوس لي يدير الميناج ناشط في بجاية,find_worker,cleaner,synth
واش التطبيگ يخدم بلا انترنات؟,app_question,none,synth
راهي عندي الكليماتيزور يدير صوت غريب وحاصل,find_worker,ac_repair,synth
cas urgent: nettoyage appartement 9bel ma nekriwah,urgent_service,cleaner,synth
وين نقرا لانجليزية في تيزي وزو؟,out_of_scope,none,synth
wach kayen transport meubles 9rib meni f Setif,find_worker,mover,synth
ياخو نبغي حماية حديد للفنيترات واش نديار,find_worker,welder,synth
ch7al ydir peintre f Annaba?,price_inquiry,painter,synth
نحتاج عاملة تنظيف مليح في بسكرة,find_worker,cleaner,synth
"rani n7awes 3la khdema nkhedmeha, wach kayen blais?",out_of_scope,none,synth
dar fiha lkchabia m7etaja tre9i3 mn simana kamla,find_worker,tailor,synth
"slm, parquet mkhareb wach ndir",find_worker,carpenter,synth
urgence!! la voiture t7bes f nos tri9 f Annaba,urgent_service,mechanic,synth
نحوس على طبيب أسنان مليح في Blida,out_of_scope,none,synth
نبغي نتعلم الحلاقة باش نحل صالون,out_of_scope,none,synth
"3nedi el kounjilatour ma yjemdech fi dar, wech ndiar?",find_worker,appliance_repair,synth
معليش تقولي كيفاش راه الطقس في تلمسان,out_of_scope,none,synth
الله يخليكم البورطاي ما عادش يتسكر زين ومقدرتش نلقى حل,urgent_service,welder,synth
عاونوني! نبدلو الدار الشهر الجاي ونحتاجو نقل القش وراني حاصل,urgent_service,mover,synth
"el machina nta3 lsaboun ma tdourch, chkoun y3erf reparateur machine a laver mlih? w chokran",find_worker,appliance_repair,synth
wech la7oual? w chokran,greeting_chitchat,none,synth
compteur yti7 ki nch3el la clim w le four ensemble,find_worker,electrician,synth
مستعجل: نحتاج صباغ اليوم في تلمسان,urgent_service,painter,synth
شحال نخلص باش نصلح راسي شعث بزااااف ونحتاج نحفف؟,price_inquiry,barber,synth
نحتاج مرا تعاون ماما في قضيان الدار ومازال ما لقيتش لي يصلحها,find_worker,cleaner,synth
nettoyage appartement 9bel ma nekriwah,find_worker,cleaner,synth
chhal tkelf khdema: sbagha labouab walfenitrat?,price_inquiry,painter,synth
يا شيخ يعطيكم الصحة، نحوس peintre ناشط في Chlef,find_worker,painter,synth
les prix ta3 mecanicien f Alger?,price_inquiry,mechanic,synth
"3andi machine a laver ma tkhdemch, chkoun ye3ref réparateur électroménager mli7?",find_worker,appliance_repair,synth
nb7ath 3la babysitter l wladi,out_of_scope,none,synth
نڨدر نلڨى بلومبيي يجي اليوم لـ الشلف,find_worker,plumber,synth
wech n9edr nkhedm k3aml wkelian f nfes el w9et?,app_question,none,synth
kifach ndiar kount fisbouk? svp,out_of_scope,none,synth
كيفاش نأيّم العامل بعد الخدمة,app_question,none,synth
restaurant zin l le diner f Alger?,out_of_scope,none,synth
كيفاش نخدم بهاد التطبيق,app_question,none,synth
3awnouni nebghi ndir porte blindée w rani 7asel,urgent_service,welder,synth
ch7al ykelf el siaj ta3 l7did tkesr wme7taj soudir?,price_inquiry,welder,synth
واش كاين شي مول البناء قريب من مستغانم؟,find_worker,mason,synth
win nechri machine a coudre f Jijel?,out_of_scope,none,synth
شحال يدير لي يصلح الماشينات في سطيف,price_inquiry,appliance_repair,synth
n7taj wa7d yges l7chich ta3 el jnan,out_of_scope,none,synth
عندي كي نشعل الماشينة يطيح الضو,find_worker,electrician,synth
ya khouya recette nta3 tajine 7lou lel 3id,out_of_scope,none,synth
3andi mochkla f wifi ta3 djezzy,out_of_scope,none,synth
الكم تاع الفيستة طويل ويحتاج تقصير من فضلكم,find_worker,tailor,synth
تنظيف الدار بعد العرس، شكون يعرف agent de nettoyage مليح؟,find_worker,cleaner,synth
kifach nbeddel numero ta3i f compte?,app_question,none,synth
صحا، واش التطبيق يخدم بلا انترنات؟,app_question,none,synth
n9edr nle9a moul lblakou yji lyoum l tizi wzou?,find_worker,plasterer,synth
واش من فيلم زين نتفرجو اليوم؟ يعطيكم الصحة,out_of_scope,none,synth
يا خويا كاين رطوبة وتقشير في سقف البيت عاونوني,find_worker,painter,synth
ارجو المساعدة بسرعة، الضو مقطوع في الدار كامل,urgent_service,electrician,synth
casser un mur w n7elou bab men fadlkom,find_worker,mason,synth
dar fiha tregi3 el jakita lgdima mn simana kamla,find_worker,tailor,synth
ch7al nkhalles bach nsale7 micro-onde mat?,price_inquiry,appliance_repair,synth
وين نلأى بيتزيريا مليحة في باتنة؟,out_of_scope,none,synth
sa7bi ch7al nkhalles bach nsale7 nheb nfassel karakou lel 3ers?,price_inquiry,tailor,synth
ya khouya n7eb nbeddel blasa clima wach ndiar,find_worker,ac_repair,synth
ياخو كيفاش نديار كونت فيسبوك؟,out_of_scope,none,synth
n7taj taxi l aeroport ghedwa merci,out_of_scope,none,synth
كيفاه نقيّم العامل بعد الخدمة؟,app_question,none,synth
n7awes 3la tbib asnan zin f wre9la,out_of_scope,none,synth
سلام، شكون ربح الكان هاد العام؟,out_of_scope,none,synth
"bonjour, micro-onde mat fissa3 svp",urgent_service,appliance_repair,synth
نحب نفصل كوستيم على قياسي فيسع فيسع,urgent_service,tailor,synth
nhawes 3la tbib asnan mli7 f el chlef,out_of_scope,none,synth
يا خويا شحال يكلف الاشتراك في الشهر؟,app_question,none,synth
شحال نخلص باش نصلح نحفف وندير اللحية عند الدار؟,price_inquiry,barber,synth
معليش تگولي كيفاش راه الطگس في سطيف,out_of_scope,none,synth
بليز sebbak في Tlemcen ضركا ضركا، الدوش مقطوع الما,urgent_service,plumber,synth
حالة مستعجلة: تريتور للختانة نهار الجمعة,urgent_service,caterer,synth
نحوس على شگه للكراء في گسنطينه,out_of_scope,none,synth
شحال نخلص باش نصلح طباخة لحفلة النجاح,price_inquiry,caterer,synth
الديجونكتور يطيح ديما من فضلكم,find_worker,electrician,synth
wach kayen soudeur 9rib meni f Boumerdes?,find_worker,welder,synth
llh ykhelikm lfnitra ma tsekrech mli7 wme9dertech nle9a 7l,urgent_service,carpenter,synth
"slm, repas ta3 khetana jour el jem3a w ma 3reftch win nrou7",find_worker,caterer,synth
ارجو المساعدة بسرعة، نحتاج صباغة السأف,urgent_service,painter,synth
نحب نركب لافابو جديد في الحمام شكون عندو حل والله غير حاصل,find_worker,plumber,synth
شحال راهي الساعة؟,out_of_scope,none,synth
يعيشك خويا بارك الله فيكم,greeting_chitchat,none,synth
شحال يكلفني طباخة لليوم كامل؟,price_inquiry,caterer,synth
شحال السوم تاع صباغ؟,price_inquiry,painter,synth
الطوموبيل ما تحبش تشعل!! نحتاج واحد يجي فيسع,urgent_service,mechanic,synth
نغطيو البيام تاع البلافون بالجبس!! نحتاج واحد يجي فيسع,urgent_service,plasterer,synth
chkoun 3ando numero ta3 kwafur f Ghardaia?,find_worker,barber,synth
l'appli gratuite wela payante,app_question,none,synth
"saha, 3andi la voiture tdakhen dokhan k7el",find_worker,mechanic,synth
الطوموبيل ما تحبش تشعل واش نديار,find_worker,mechanic,synth
كيفاش نبدل المهنة تاعي في البروفيل؟,app_question,none,synth
restaurant mli7 l le diner f Bejaia? wallah ghir 7asel,out_of_scope,none,synth
dou ta3 el moutour cha3l f ltablou fissa3 fissa3,urgent_service,mechanic,synth
compteur ta3 el ma yfuiti!! chkoun yji fissa3?,urgent_service,plumber,synth
من فضلكم نبنيو غرفة زيادة للضياف في الحوش شكون عندو حل,find_worker,mason,synth
دلوني على sebbak شاطر ومعقول,find_worker,plumber,synth
"bonjour, dork dork ndirou marchat 9dam bab eddar",urgent_service,mason,synth
كيفاه نمسح الحساب تاعي؟ والله غير حاصل,app_question,none,synth
"bonjour, chkera 3la lmsa3da",greeting_chitchat,none,synth
كيفاش نگيّم العامل بعد الخدمة,app_question,none,synth
ya kho rahi 3nedi tregi3 el sroual li tget3 mn lrkeba w7asl,find_worker,tailor,synth
3andi mochkla f wifi nta3 djezzy,out_of_scope,none,synth
prise ma7rou9a n7taj kahrabji tawa dork,urgent_service,electrician,synth
وين نشري ماكينة خياطة جديدة في Bejaia؟,out_of_scope,none,synth
win nel9a pizzeria mli7a f Chlef?,out_of_scope,none,synth
combien pour fenetre ma tetsakkarch mli7?,price_inquiry,carpenter,synth
merci khouya wallah ghir 7asel,greeting_chitchat,none,synth
يا شيخ الله يبارك عليكم,greeting_chitchat,none,synth
وين كاين أڨرب صيدلية في وهران؟,out_of_scope,none,synth
dork dork sbagha el abouab walfenitrat,urgent_service,painter,synth
el lh ykhelikm el lafisal t7ebs fi ns lbroughram wme9dertech nle9a 7l,urgent_service,appliance_repair,synth
ch7al ykelf nheb ndiar fou blafoun blakou f lsaloun?,price_inquiry,plasterer,synth
7ala mset3ejla: tbakha l7efla el nja7,urgent_service,caterer,synth
سلام، ضركا دورك طوفان الما في الكوزينة,urgent_service,plumber,synth
3aounouni! robini y9ater wrani 7asl,urgent_service,plumber,synth
شحال يكلف الفور ما يسخنش؟,price_inquiry,appliance_repair,synth
el tilifoun ta3i thers laikran win nsel7ou?,out_of_scope,none,synth
rani n7awes 3la soudeur f Alger,find_worker,welder,synth
la voiture t7bes f nos trig n7taj mikanisyan tawa douk,urgent_service,mechanic,synth
nkhayet 9andoura lel 3id,find_worker,tailor,synth
3nedi el lafisal t7ebs fi ns el broughram,find_worker,appliance_repair,synth
devis approximatif: repeindre la façade ta3 dar?,price_inquiry,painter,synth
عندي نحب نديار قفص حديد فوق السطح,find_worker,welder,synth
الدار فيها الكم تاع الفيسته طويل ويحتاج تگصير من سيمانه كامله,find_worker,tailor,synth
les freins ydiro bruit chkoun 3ando solution,find_worker,mechanic,synth
rani nhawes 3la khiata fi blida,find_worker,tailor,synth
صحا، ربي يحفظكم,greeting_chitchat,none,synth
wach kayen mikanisyan 9rib meni f Bordj Bou Arreridj?,find_worker,mechanic,synth
ch7al nkhalles bach nsale7 lave-vaisselle y7bes f nos?,price_inquiry,appliance_repair,synth
chkoun 3ando numero ta3 couturiere f Chlef?,find_worker,tailor,synth
"slm, ch7al nkhalles bach nsale7 nettoyage appartement 9bel ma nekriwah?",price_inquiry,cleaner,synth
chhal ykelf n7eb n3eli 7it l7ouch mter ziada?,price_inquiry,mason,synth
rani nhawes 3la mol l7la9a f jijl,find_worker,barber,synth
coiffure a domicile pour le mariage ... chkoun ysal7hali,find_worker,barber,synth
من فضلكم شحال تكلف خدمة: نبغي نديار فو بلافون بلاكو في الصالون؟,price_inquiry,plasterer,synth
n7awes jardinier ghaya ytayye7li les mauvaises herbes svp,out_of_scope,none,synth
rahi 3nedi n7eb nsebgh dar 2bel l3id w7asl,find_worker,painter,synth
nettoyage appartement 9bel ma nekriwah 3awnouni,find_worker,cleaner,synth
الروبة تحتاج تضييأ من الجناب,find_worker,tailor,synth
شحال السوم تاع khayat؟,price_inquiry,tailor,synth
شحال يكلف نحب صبغة ومشطة في الدار؟ ياخو,price_inquiry,barber,synth
dar fiha el lafisal t7ebs fi ns lbroughram mn simana kamla,find_worker,appliance_repair,synth
شحال يدير مول الكليمة في الجزائر العاصمة؟,price_inquiry,ac_repair,synth
شكون يركب سقي أوتوماتيك في الجنينة؟ والله غير حاصل,out_of_scope,none,synth
شحال يدير مول الخياطة في سكيكدة؟,price_inquiry,tailor,synth
وين نشري ماكينة خياطة جديدة في بومرداس؟,out_of_scope,none,synth
devis approximatif: repas ta3 khetana jour el jem3a?,price_inquiry,caterer,synth
"3andi cuisiniere ma tech3elch, chkoun ye3ref réparateur électroménager mli7?",find_worker,appliance_repair,synth
n7awlou l dar jdida f nefs el 7ay men fadlkom,find_worker,mover,synth
ya khouya 3lach ma youslenich lich3ar ki yjaoubni 3aml?,app_question,none,synth
chkoun 3ando numero ta3 najjar f Skikda?,find_worker,carpenter,synth
الدار فيها تقصير الكم تاع القميجة من سيمانة كاملة,find_worker,tailor,synth
مستعجل: نحتاج couturiere اليوم في Bordj Bou Arreridj,urgent_service,tailor,synth
"3andi tabbakha tji ttayeb f dar, chkoun ye3ref tabbakha mli7?",find_worker,caterer,synth
ecran nta3 telephone therres win nsal7ou?,out_of_scope,none,synth
الجنان محتاج تنڨية وڨازون جديد,out_of_scope,none,synth
cas urgent: retouche w tadyiq ta3 roba,urgent_service,tailor,synth
الله يخليكم الفور ما يسخنش ومقدرتش نلقى حل,urgent_service,appliance_repair,synth
3aounouni! 7fefli rasi dighradih wrani 7asl,urgent_service,barber,synth
شحال يكلفني صباغ لليوم كامل,price_inquiry,painter,synth
"svp plaquiste f Constantine vite, cache poutre en ba13 svp",urgent_service,plasterer,synth
3aounouni! lmoutour ysekhn yasser wrani 7asl svp,urgent_service,mechanic,synth
سلام خويا، نحب نكوموندي حلويات تقليدية للعرس,find_worker,caterer,synth
الدار فيها نقل تلاجة وماشينة للطابق الثالث من سيمانة كاملة,find_worker,mover,synth
kifach nkhedm bhad lttebi9?,app_question,none,synth
نحتاج ناقل العفش مليح في مستغانم,find_worker,mover,synth
يعطيكم الصحة، نحوس ماصون ناشط في بسكرة,find_worker,mason,synth
معليش تقولي كيفاش راه الطقس في بجاية؟,out_of_scope,none,synth
lantiritour khser ma yche3lech eddaw!! n7taj wa7d yji fissa3,urgent_service,electrician,synth
ch7al taman bach ndir meuble ye7taj tsli7? ya kho,price_inquiry,carpenter,synth
وين نأرا لانجليزية في جيجل؟ يعطيكم الصحة,out_of_scope,none,synth
صحا، شحال يكلف الاشتراك في الشهر؟,app_question,none,synth
n7taj arfef llebirou wmazal ma l9itch li ysel7eha ya kho,find_worker,carpenter,synth
"sbagha el abouab walfenitrat, chkoun y3erf sbagh mlih?",find_worker,painter,synth
ma l9itch kahrabji disponible f Batna,find_worker,electrician,synth
n7taj sbagha es sqaf fissa3 fissa3,urgent_service,painter,synth
"saha, lmoutour ysekhn bzaf wech ndiar",find_worker,mechanic,synth
wach kayen couturier 2rib meni f Tiaret? wallah ghir 7asel,find_worker,tailor,synth
خويا نديرو درابزين حديد للدرج شكون يجي يشوفها,find_worker,welder,synth
مستعجل: نحتاج بنّاء اليوم في ورقلة,urgent_service,mason,synth
واش هي الأسعار تاع خياطة في عنابة,price_inquiry,tailor,synth
"svp sebbak f Alger vite, la chasse d'eau khasra",urgent_service,plumber,synth
"rani n7awes 3la khdema nkhedmeha, wach kayen blais",out_of_scope,none,synth
خويا نحب صبغة ومشطة في الدار شكون يجي يشوفها,find_worker,barber,synth
"bonjour, rampe d escalier en fer chkoun 3ando solution",find_worker,welder,synth
le paiement fel appli kifach ykoun?,app_question,none,synth
يا شيخ راني نحوس على خدمة نخدمها، واش كاين بلايص؟,out_of_scope,none,synth
n7eb nte3lem el khiata wech kayen tkouin grib?,out_of_scope,none,synth
"svp mol l placo f Biskra vite, jebs ta3 plafond tah chwiya",urgent_service,plasterer,synth
يا خويا نحب نحفف قبل العيد ونحتاج كوافور ديركت توا,urgent_service,barber,synth
bche7al el khdema nta3 na9l el 3fech t9eriba?,price_inquiry,mover,synth
besoin d un صباغ serieux f سطيف,find_worker,painter,synth
cloison ba13 avec porte w ma 3reftch win nrou7,find_worker,plasterer,synth
sa7bi kifach nbeddel rqem tilifouni fi lkount?,app_question,none,synth
شحال يكلف الاشتراك في الشهر,app_question,none,synth
الروبيني يڨطر!! نحتاج واحد يجي فيسع,urgent_service,plumber,synth
الماشينة نتاع الصابون ما تدورش!! نحتاج واحد يجي فيسع,urgent_service,appliance_repair,synth
nhawes astad y3eti drous khsousia fi lriadiat,out_of_scope,none,synth
نقل بيانو من الطابق الرابع واش نديار,find_worker,mover,synth
نحب نشري ماشينة صابون جديدة شحال السوم؟,out_of_scope,none,synth
win nel9a pizzeria mli7a f Alger? wallah ghir 7asel,out_of_scope,none,synth
مستعجل: نحتاج فام دو ميناج اليوم في سكيكدة,urgent_service,cleaner,synth
combien coute un menuisier?,price_inquiry,carpenter,synth
porte mkessra w ma 3reftch win nrou7,find_worker,carpenter,synth
جاري قالي نسقسي هنا على mikanisyan في Batna,find_worker,mechanic,synth
واش كاين شي mol clima قريب من Ghardaia,find_worker,ac_repair,synth
meuble tv en placo fel mur n7taj plaquiste tawa dorka,urgent_service,plasterer,synth
"saha, four ma yeskhonch chkoun 3ando solution",find_worker,appliance_repair,synth
chkoun 3ando numero ta3 مول الحلاقة f تيارت?,find_worker,barber,synth
dou ta3 el moutour cha3l fi ltablou wne7taj mecanicien dirket tawa,urgent_service,mechanic,synth
ch7al ykelf el achterak f el chher?,app_question,none,synth
rani n7awes 3la خياط f بجاية,find_worker,tailor,synth
n7awes 3la ch9a llekra f Constantine,out_of_scope,none,synth
شكون عندو نيميرو نتاع خياط في مستغانم؟,find_worker,tailor,synth
chkoun 3ando numero ta3 sebbagh f Bejaia?,find_worker,painter,synth
el klima naqseha ghaz 3aounouni,find_worker,ac_repair,synth
نحب نكوموندي حلويات تأليدية للعرس من فضلكم,find_worker,caterer,synth
menage apres travaux men fadlkom,find_worker,cleaner,synth
صاحبي يعطيك الصحة,greeting_chitchat,none,synth
dar fiha n7taj tiab lloulima nhar lsbet mn simana kamla,find_worker,caterer,synth
عندي الطابلة تاع الصالون محتاجة تصليح,find_worker,carpenter,synth
3nedi el tlaja tdir sout ghrib wne7taj wa7d ysel7ehali,find_worker,appliance_repair,synth
wech n9edr nkhedm k3aml wkelian fi nfes el w9et?,app_question,none,synth
porte mkessra 3awnouni,find_worker,carpenter,synth
kifech ndiar kount fisbouk?,out_of_scope,none,synth
urgence!! ta7fifa w l7ya f Skikda,urgent_service,barber,synth
besoin d un agent de nettoyage serieux f Chlef wallah ghir 7asel,find_worker,cleaner,synth
win ncheri el zre3 walourd llejnan f batna?,out_of_scope,none,synth
نحتاج حلاڨ للعريس صباح العرس عاونوني,find_worker,barber,synth
نحتاج كاميو صغير ننقل بيه الأثاث، شكون يعرف لي ينقل الأثاث مليح؟,find_worker,mover,synth
لاباس عليكم؟ وشكرا مسبقا,greeting_chitchat,none,synth
lampe techmel w tetfa wa7edha fissa3 svp,urgent_service,electrician,synth
ch7al taman bach ndir repas ta3 khetana jour el jem3a?,price_inquiry,caterer,synth
"arjou el msa3da bser3a, nqel mketb mn wset el mdina",urgent_service,mover,synth
n7taj li ysala7 clima mlih f boumredas,find_worker,ac_repair,synth
السياج الأخضر تاع الجنان يحتاج تقليم يعطيكم الصحة,out_of_scope,none,synth
nebghi réparateur électroménager yji lyoum l Skikda,find_worker,appliance_repair,synth
نحتاج نجار مليح في بجاية,find_worker,carpenter,synth
مستعجل: نحتاج لي يدير الميناج اليوم في وهران,urgent_service,cleaner,synth
معليش تقولي كيفاش راه الطقس في سطيف؟,out_of_scope,none,synth
7it el 7ouch mail wkhaifin yti7 fissa3 fissa3,urgent_service,mason,synth
نحتاج حلاق يجي غدوة الصباح لـ برج بوعريريج,find_worker,barber,synth
n7taj wa7d yges l7chich nta3 el jnan,out_of_scope,none,synth
besoin d un plombier serieux f Tizi Ouzou,find_worker,plumber,synth
labas?,greeting_chitchat,none,synth
"3andi disjoncteur yti7 kol chwiya, chkoun ye3ref électricien mli7?",find_worker,electrician,synth
ياخو وين نلگى الطلبات لي بعثتهم؟,app_question,none,synth
3awnouni repeindre la façade ta3 dar w rani 7asel rabi y7afdkom,urgent_service,painter,synth
mset3ejle: n7taj t9eni klimatizour lyoum f msetghanm,urgent_service,ac_repair,synth
sa7bi ya3tik saha,greeting_chitchat,none,synth
الدار فيها ميناج أسبوعي للفيلا من سيمانة كاملة,find_worker,cleaner,synth
شكون عندو نيميرو نتاع تريسيان في ورقلة؟,find_worker,electrician,synth
سلام خويا، نحتاج صباغة السقف,find_worker,painter,synth
urgence!! toute la maison sans courant f Batna,urgent_service,electrician,synth
دلوني على plaquiste شاطر ومعقول,find_worker,plasterer,synth
ch7al rahi lsa3a? svp,out_of_scope,none,synth
راني نحوس على مول الطياب في بومرداس وشكرا مسبقا,find_worker,caterer,synth
شكون عندو نيميرو تاع مول السودير في تلمسان؟,find_worker,welder,synth
n7taj taksi llemtar ghodwa el sba7,out_of_scope,none,synth
شحال يكلفني ميكانيكي لليوم كامل؟,price_inquiry,mechanic,synth
يا شيخ خويا الكليمة تجمد وتحبس وحدها شكون يجي يشوفها,find_worker,ac_repair,synth
ch7al nkhels bach nsel7 ri7a kabl m7erou9?,price_inquiry,electrician,synth
svp cas urgent: cloison ba13 avec porte,urgent_service,plasterer,synth
واش هي الأسعار تاع كوافور في مستغانم؟,price_inquiry,barber,synth
ارجو المساعدة بسرعة، الكناپي ولا مصفر من الاولاد ويحتاج غسيل عميگ,urgent_service,cleaner,synth
n7eb nte3lem el khiata wech kayen tkouin 9rib? svp,out_of_scope,none,synth
mset3ejle: n7taj mikanisian lyoum fi tlemsan,urgent_service,mechanic,synth
وين كاين أقرب صيدلية في Setif؟,out_of_scope,none,synth
raccourcir un jean jdid chkoun 3ando solution,find_worker,tailor,synth
نحتاج مول الجبس مليح في ورڨلة,find_worker,plasterer,synth
chkoun 3nedou nimirou ta3 fam dou minaj f tizi wzou?,find_worker,cleaner,synth
نحتاج واحد يعاونني في خدمة في الدار مليح في Ouargla,find_worker,none,synth
depuis 3 jours 3andna des etageres l biro,find_worker,carpenter,synth
"svp couturiere f Biskra vite, raccourcir un jean jdid",urgent_service,tailor,synth
"slm, win nel9a pizzeria mli7a f Blida?",out_of_scope,none,synth
نحب نخيط اندورة للعيد، شكون يعرف مول الخياطة مليح؟,find_worker,tailor,synth
بشحال الخدمة تاع نجار تأريبا؟,price_inquiry,carpenter,synth
je cherche un najjar à Ouargla w chokran,find_worker,carpenter,synth
femme de menage l villa kol khemis w ma 3reftch win nrou7,find_worker,cleaner,synth
ch7al ydir sebbak fi wre9la?,price_inquiry,plumber,synth
ياخو وين نشري بلاكات بلاكو بالجملة؟,out_of_scope,none,synth
bche7al lkhdema ta3 wa7d y3aweni f khdema fi dar tqeriba?,price_inquiry,none,synth
arrosage automatique lel jnina chkoun yrakbou?,out_of_scope,none,synth
وين كاين أقرب صيدلية في باتنة؟,out_of_scope,none,synth
ya khouya rani n7awes 3la li ysalah el machinat f wreqla,find_worker,appliance_repair,synth
وين نلڨى تكوين في النجارة؟,out_of_scope,none,synth
خويا الطوموبيل ما تحبش تشعل شكون يجي يشوفها,find_worker,mechanic,synth
faux plafond ba13 f salon,find_worker,plasterer,synth
نحوس على طبيب أسنان مليح في تلمسان,out_of_scope,none,synth
"saha, slam",greeting_chitchat,none,synth
ارجو المساعدة بسرعة، نحب نديار فو بلافون بلاكو في الصالون,urgent_service,plasterer,synth
شحال يدير واحد يعاونني في خدمة في الدار في عنابة؟ يعطيكم الصحة,price_inquiry,none,synth
rahi 3nedi ltoumoubil t7ebs f ns ltrig w7asl w chokran,find_worker,mechanic,synth
wech kayen chi moul lblakou 9rib mn el chlef,find_worker,plasterer,synth
la peinture t9echret chkoun 3ando solution,find_worker,painter,synth
dar fiha nebghi 7maia 7did llefnitrat mn simana kamla,find_worker,welder,synth
واش كاين شي حلاق قريب من سطيف؟,find_worker,barber,synth
kifech nchark fi el 3roud ta3 el khdemat,app_question,none,synth
refaire le carrelage ta3 cuisine ... chkoun ysal7hali?,find_worker,mason,synth
les prix ta3 femme de ménage f Skikda,price_inquiry,cleaner,synth
السياج تاع الحديد تكسر ومحتاج سودير، شكون يعرف لحّام مليح؟,find_worker,welder,synth
les prix ta3 soudeur f Bordj Bou Arreridj?,price_inquiry,welder,synth
شحال نخلص باش نصلح نحب نبني حيط في الجنان,price_inquiry,mason,synth
ya cheikh cuisine en bois sur mesure w ma 3reftch win nrou7,find_worker,carpenter,synth
wach kayen chi wa7d y3aweni f khdema fi dar 2rib mn ghredaia?,find_worker,none,synth
حالة مستعجلة: نحتاج كوافور يجي للدار نهار العرس,urgent_service,barber,synth
ma l2itch reparateur climatiseur disponible f Tiaret,find_worker,ac_repair,synth
شحال السوم نتاع لي يصلح الكليمة,price_inquiry,ac_repair,synth
"nsit klema lsr, wach ndiar",app_question,none,synth
ch7al ykelf ltfel y7etaj y7eff 9bel el mdersa?,price_inquiry,barber,synth
معليش تڨولي كيفاش راه الطڨس في Biskra؟,out_of_scope,none,synth
ch7al ydir mason f Annaba,price_inquiry,mason,synth
الله يخليكم نحتاج نتوايا وصيانة الكليمة قبل الصيف ومقدرتش نلقى حل,urgent_service,ac_repair,synth
chhal ykelf el klima tjemd wte7bes w7edha?,price_inquiry,ac_repair,synth
"slm, cas urgent: nkhayet 9andoura lel 3id",urgent_service,tailor,synth
سلام خويا، الله يخليكم الكونتور يدق كي نشعلو زوج ماشينات ومقدرتش نلقى حل,urgent_service,electrician,synth
صحا، راني نحوس على مصلح الأجهزة في تلمسان,find_worker,appliance_repair,synth
rani n7awes 3la moul lbna fi wheran,find_worker,mason,synth
ارجو المساعدة بسرعة، الماشينة تاع الصابون تجري الما من تحت,urgent_service,appliance_repair,synth
سلام خويا، نحتاج لي ينقل الأثاث يجي غدوة الصباح لـ وهران,find_worker,mover,synth
ch7al ydir reparateur climatiseur f Jijel?,price_inquiry,ac_repair,synth
rani n7awes 3la reparateur machine a laver fi Constantine,find_worker,appliance_repair,synth
nhawes 3la chga llekra fi skikda,out_of_scope,none,synth
mur nta3 7ouch mayel,find_worker,mason,synth
سلام خويا، شكرا على المساعدة,greeting_chitchat,none,synth
نحب نبني حيط في الجنان فيسع فيسع,urgent_service,mason,synth
ch7al ykalefni menage pour une journee,price_inquiry,cleaner,synth
واش كاين شي لي يصلح الكليمة قريب من ورقلة؟,find_worker,ac_repair,synth
بشحال الخدمة تاع نجار تقريبا؟,price_inquiry,carpenter,synth
mset3ejle: n7taj fam dou minaj lyoum f tiart,urgent_service,cleaner,synth
تنظيف الدار بعد العرس، شكون يعرف فام دو ميناج مليح؟,find_worker,cleaner,synth
شحال السوم تاع سودور؟,price_inquiry,welder,synth
نحتاج طياب للوليمة نهار السبت، شكون يعرف مول الطياب مليح,find_worker,caterer,synth
nheb nte3lem lkhiata wech kayen tkouin 9rib?,out_of_scope,none,synth
les freins ydiro bruit fissa3 svp,urgent_service,mechanic,synth
الجنان محتاج تنأية وأازون جديد,out_of_scope,none,synth
نحتاج واحد يعاونني في خدمة في الدار غايا في وهران,find_worker,none,synth
علاش ما يوصلنيش الإشعار كي يجاوبني عامل؟ وشكرا مسبقا,app_question,none,synth
depuis 3 jours 3andna cloison ba13 avec porte,find_worker,plasterer,synth
"slm, riha kabl m7eroug",find_worker,electrician,synth
labatri rahi mita 3aounouni,find_worker,mechanic,synth
الرطوبة كلات الحيط تاع البيت، شكون يعرف بنّاء مليح؟,find_worker,mason,synth
depuis 3 jours 3andna toilette bouchée w el ma ytla3,find_worker,plumber,synth
"3andi retouche w tadyiq ta3 roba, chkoun ye3ref مول الخياطة mli7?",find_worker,tailor,synth
les amis thanks,greeting_chitchat,none,synth
سلام خويا، واش نأدر نلغي طلب بعثتو؟,app_question,none,synth
الپاركي تاع البيت تخرب فيسع فيسع,urgent_service,carpenter,synth
besoin d un couturiere serieux f Setif,find_worker,tailor,synth
واش نقدر نلغي طلب بعثتو؟ يعطيكم الصحة,app_question,none,synth
نحتاج طباخة لعرس مية نفر ومازال ما لقيتش لي يصلحها,find_worker,caterer,synth
خويا السأف تاع البلاكو طاح منو طرف شكون يجي يشوفها,find_worker,plasterer,synth
نحفف وندير اللحية عند الدار فيسع فيسع,urgent_service,barber,synth
خويا الپاركي نتاع البيت تخرب شكون يجي يشوفها,find_worker,carpenter,synth
traiteur pour f tour ramadan fissa3 svp,urgent_service,caterer,synth
douk dork traiteur pour f tour ramadan,urgent_service,caterer,synth
chkoun 3ando numero ta3 wa7ed y3aweni f khedma f dar f Chlef? w chokran,find_worker,none,synth
وين نلقى بيتزيريا مليحة في وهران؟,out_of_scope,none,synth
kifach nfe3l el moug3 bach ylegaouni l3mal?,app_question,none,synth
سقف الغاراج طايح منو الاسمنت وباين الحديد!!! نحتاج واحد يجي فيسع,urgent_service,mason,synth
urgence!! ta7fifa w l7ya f بجاية,urgent_service,barber,synth
win nqera lanjelizia f skikda?,out_of_scope,none,synth
حالة مستعجلة: السيفون تاع التواليت خسر,urgent_service,plumber,synth
فو بلافون مع اضاءة مخبية واش نديار,find_worker,plasterer,synth
"bonjour, merci khouya",greeting_chitchat,none,synth
يا شيخ كسكسي لخمسين نفر لصدگة عاونوني,find_worker,caterer,synth
"nsit klema el sr, wech ndiar?",app_question,none,synth
jari 9ali nse9si hna 3la na9l el 3fech fi tizi wzou,find_worker,mover,synth
3andi les murs mkharbchin ye7tajo enduit,find_worker,painter,synth
نحب وصفة كسكسي بالدجاج بارك الله فيكم,out_of_scope,none,synth
الكليمة تجمد وتحبس وحدها واش نديار,find_worker,ac_repair,synth
شحال نخلص باش نصلح الكناپي ولا مصفر من الاولاد ويحتاج غسيل عميگ,price_inquiry,cleaner,synth
يا شيخ شكون عندو نيميرو نتاع ديمناجور في الشلف؟,find_worker,mover,synth
"slm, depuis 3 jours 3andna escalier en bois yzegzeg",find_worker,carpenter,synth
eddar fiha ndirou drabzin 7did lledrej mn simana kamla,find_worker,welder,synth
chhal ykelf lachterak fi lchher?,app_question,none,synth
نحتاج ديمناجور زين في جيجل,find_worker,mover,synth
عندي نديرو درابزين حديد للدرج في الدار، واش نديار؟,find_worker,welder,synth
وين كاين أقرب صيدلية في Skikda؟,out_of_scope,none,synth
شحال يكلف الكارلاج تاع الحمام تقلع وولى يجمع الما؟,price_inquiry,mason,synth
lave-vaisselle y7bes f nos 3awnouni,find_worker,appliance_repair,synth
نقدر نلقى خياطة يجي اليوم لـ بسكرة؟,find_worker,tailor,synth
ma l9itch demenageur disponible f Bejaia,find_worker,mover,synth
wach lttebi9 mjani wla balkhelas? w chokran,app_question,none,synth
بشحال الخدمة تاع حلاق تقريبا؟,price_inquiry,barber,synth
سلام خويا، شحال يكلف الكناپي ولا مصفر من الاولاد ويحتاج غسيل عميق؟,price_inquiry,cleaner,synth
wach negder ncancel demande b3aththa? rabi y7afdkom,app_question,none,synth
restaurant zin l le diner f Batna?,out_of_scope,none,synth
nheb trisyan yji lyoum l Biskra,find_worker,electrician,synth
بالسلامة وشكرا مسبقا,greeting_chitchat,none,synth
urgence!! le carrelage ta3 hammam t9alla3 f Bejaia,urgent_service,mason,synth
الفنيترة ما تسكرش مليح، شكون يعرف منوزيي مليح؟,find_worker,carpenter,synth
wach ngedr nkhedm k3aml wkelian fi nfes lwget?,app_question,none,synth
سلام، نسيت كلمة السر، واش نديار؟,app_question,none,synth
besoin d un reparateur machine a laver serieux f Ouargla,find_worker,appliance_repair,synth
3aounouni! el sbagha t9echret f el bit wrani 7asl,urgent_service,painter,synth
raccourcir un jean jdid!! chkoun yji fissa3?,urgent_service,tailor,synth
besoin d un najjar serieux f Tizi Ouzou,find_worker,carpenter,synth
يا جماعة واش كاين شي دهان قريب من بومرداس؟,find_worker,painter,synth
les prix ta3 wa7ed y3aweni f khedma f dar f Tiaret?,price_inquiry,none,synth
حالة مستعجلة: نبغي نزيد بريزة جديدة في البيرو,urgent_service,electrician,synth
cas urgent: couscous l 50 personnes lel sada9a,urgent_service,caterer,synth
wach kayen khayat grib meni f Batna?,find_worker,tailor,synth
nebghi nte3lem lkherba wech kayen tkouin?,out_of_scope,none,synth
les prix ta3 sebbak f Boumerdes?,price_inquiry,plumber,synth
"el 7it fih chgoug kbar, chkoun y3erf moul el bna mlih?",find_worker,mason,synth
ya khouya n2el el 7ouaij mn dar el 2dima llejdida 3aounouni,find_worker,mover,synth
واش هي الأسعار تاع ناقل العفش في سطيف؟,price_inquiry,mover,synth
وين نشري الزرع والورد للجنان في تيزي وزو؟ يعطيكم الصحة,out_of_scope,none,synth
ch7al nkhels bach nsel7 n7taj tarkib souniri ta3 lbab?,price_inquiry,electrician,synth
ch7al nkhalles bach nsale7 ta7fifa lel 3id?,price_inquiry,barber,synth
"svp cuisiniere f Batna vite, buffet pour fete de fiançailles",urgent_service,caterer,synth
شحال يدير بنّاء في وهران؟,price_inquiry,mason,synth
saha khouya,greeting_chitchat,none,synth
عندي الماشينة تاع الصابون ما تدورش,find_worker,appliance_repair,synth
repas ta3 khetana jour el jem3a men fadlkom,find_worker,caterer,synth
wach kayen mol clima grib meni f Jijel?,find_worker,ac_repair,synth
construire un mur fel jardin n7taj maçon tawa dork,urgent_service,mason,synth
شحال نخلص باش نصلح نحتاج نبدل الكابلاج القديم نتاع الدار؟,price_inquiry,electrician,synth
ch7al nkhalles bach nsale7 installation clim jdida?,price_inquiry,ac_repair,synth
راهي عندي الحيوط مخبشين ونحتاجو تصليح وصباغة وحاصل,find_worker,painter,synth
"slm, chkera bzaf",greeting_chitchat,none,synth
من فضلكم نحتاج لحّام يجي غدوة الصباح لـ تلمسان,find_worker,welder,synth
نبغي ديكور جبس في السقف ونحتاج بلاكيست ديركت ضروك,urgent_service,plasterer,synth
ياخو كيفاش نقيّم العامل بعد الخدمة؟,app_question,none,synth
besoin d un reparateur climatiseur serieux f Jijel merci,find_worker,ac_repair,synth
urgence!! fenetre ma tetsakkarch ghaya f Tizi Ouzou,urgent_service,carpenter,synth
nebghi mol clima yji lyoum l Bordj Bou Arreridj,find_worker,ac_repair,synth
ch7al taman bach ndir nettoyage appartement 9bel ma nekriwah?,price_inquiry,cleaner,synth
n7awes jardinier mli7 ytayye7li les mauvaises herbes,out_of_scope,none,synth
"3andi traiteur pour mariage 100 personnes, chkoun ye3ref tabbakha mli7? merci",find_worker,caterer,synth
كيفاش نشارك في العروض نتاع الخدمات؟,app_question,none,synth
شحال نخلص باش نصلح نحب بورطاي حديد للغاراج؟,price_inquiry,welder,synth
جاري قالي نسقسي هنا على واحد يعاونني في خدمة في الدار في الجزائر العاصمة,find_worker,none,synth
nebghi couturiere yji lyoum l Mostaganem,find_worker,tailor,synth
نديرو درابزين حديد للدرج فيسع فيسع,urgent_service,welder,synth
salut wallah ghir 7asel,greeting_chitchat,none,synth
عندي السحاب تاع الجاكيطة خسر ونحتاج واحد يصلحهالي,find_worker,tailor,synth
kifach rah el jaw f Alger?,out_of_scope,none,synth
شكون يركب سقي أوتوماتيك في الجنينة؟ يعطيكم الصحة,out_of_scope,none,synth
شحال يكلفني كوافور لليوم كامل؟,price_inquiry,barber,synth
"svp reparateur machine a laver f Mostaganem vite, frigo ydir bruit bizarre",urgent_service,appliance_repair,synth
ya khouya win ncheri blakat blakou baljemla?,out_of_scope,none,synth
win kayen pharmacie 9riba f Batna?,out_of_scope,none,synth
نحتاج أرفف للبيرو من فضلكم,find_worker,carpenter,synth
الدار فيها نحب نحفف قبل العيد من سيمانة كاملة,find_worker,barber,synth
وين نشري الزرع والورد للجنان في غرداية؟ بارك الله فيكم,out_of_scope,none,synth
صاحبي ديمناجمون كامل للدار ونحتاج لي ينأل الأثاث ديركت توا,urgent_service,mover,synth
"nebghi ncheri toumoubil mset3emla, wach tnes7ouni?",out_of_scope,none,synth
حالة مستعجلة: طباخة تطيب الشخشوخة لمناسبة,urgent_service,caterer,synth
ارجو المساعدة بسرعة، نحتاج تركيب كليمة جديدة,urgent_service,ac_repair,synth
n7taj kahrabji mli7 fi tizi wzou,find_worker,electrician,synth
يا شيخ وين نشري الزرع والورد للجنان في غرداية؟,out_of_scope,none,synth
ch7al ykalefni menuisier pour une journee?,price_inquiry,carpenter,synth
chkoun 3nedou nimirou ta3 mol el bna fi ljzair el 3asma?,find_worker,mason,synth
sa7bi repeindre la façade ta3 dar ... chkoun ysal7hali?,find_worker,painter,synth
مستعجل: نحتاج مول السودير اليوم في باتنة بارك الله فيكم,urgent_service,welder,synth
خويا الطوموبيل تدخن دخان كحل شكون يجي يشوفها,find_worker,mechanic,synth
كيفاش نمسح الحساب تاعي؟,app_question,none,synth
sa7bi je cherche un reparateur machine a laver à Bejaia,find_worker,appliance_repair,synth
وين نشري ماكينة خياطة جديدة في Bordj Bou Arreridj؟,out_of_scope,none,synth
نقل تلاجة وماشينة للطابق الثالث واش نديار,find_worker,mover,synth
سلام خويا، تصبحو على خير,greeting_chitchat,none,synth
"saha, compte guest kifach ykhdem?",app_question,none,synth
lsiaj lakhder ta3 el jnan y7etaj t9elim,out_of_scope,none,synth
نحوس جنايني يڨلم الأشجار نتاع الجنان,out_of_scope,none,synth
"3nedi el antiritour khser ma yche3lech daw f dar, wach ndiar? ya kho",find_worker,electrician,synth
chhal nkhels bach nsel7 lrtouba 9oust lblakou ta3 el bit?,price_inquiry,plasterer,synth
عاونوني! فو بلافون مع اضاءة مخبية وراني حاصل,urgent_service,plasterer,synth
c'est quoi l'abonnement pro,app_question,none,synth
chkoun 3ando numero ta3 plakist f Tlemcen? w chokran,find_worker,plasterer,synth
khouya el kounjilatour ma yjemdech chkoun yji ychoufha ya kho,find_worker,appliance_repair,synth
n7eb ncheri machina saboun jdida chhal el soum?,out_of_scope,none,synth
urgence!!! traiteur pour mariage 100 personnes f Tizi Ouzou,urgent_service,caterer,synth
يا شيخ واش من فيلم مليح نتفرجو اليوم؟,out_of_scope,none,synth
كيفاش نقيّم العامل بعد الخدمة؟ وشكرا مسبقا,app_question,none,synth
ياخو نسيت كلمة السر، واش نديار؟,app_question,none,synth
نحتاج تنظيف الدار گبل ما نسكنو فيها!!! نحتاج واحد يجي فيسع,urgent_service,cleaner,synth
depuis 3 jours 3andna sbagha ta3 les portes,find_worker,painter,synth
يا شيخ شكون عندو نيميرو تاع ديمناجور في بليدة؟,find_worker,mover,synth
اللافابو راه يفويتي فيسع فيسع,urgent_service,plumber,synth
ma l9itch réparateur électroménager disponible f Blida,find_worker,appliance_repair,synth
brushing w couleur f dar ... chkoun ysal7hali?,find_worker,barber,synth
يعطيكم الصحة، نحوس مول الصباغة ناشط في بسكرة,find_worker,painter,synth
n7awes 3la tbib asnan mlih f 9sentina,out_of_scope,none,synth
عندي نقل عفش عروسة,find_worker,mover,synth
ميناج أسبوعي للفيلا من فضلكم,find_worker,cleaner,synth
demenagement nta3 bureau fissa3 svp,urgent_service,mover,synth
ltlaja ma tberdech walmakla tkhesr wmazal ma l9itch li ysel7eha,find_worker,appliance_repair,synth
واش هي الأسعار نتاع مول الضو في غرداية,price_inquiry,electrician,synth
البلاط نتاع الساحة تحرك وتكسر عاونوني,find_worker,mason,synth
عاونوني! الما حابس في الدار كامل وراني حاصل,urgent_service,plumber,synth
"bonjour, ecran ta3 telephone therres win nsal7ou?",out_of_scope,none,synth
la clim na9esha gaz men fadlkom,find_worker,ac_repair,synth
svp sbagha ta3 les portes wach ndir,find_worker,painter,synth
قنوات الما تاع الدار قدام يسقطو شكون عندو حل,find_worker,plumber,synth
نحب بورطاي حديد للغاراج!! نحتاج واحد يجي فيسع,urgent_service,welder,synth
repas ta3 khetana jour el jem3a chkoun 3ando solution,find_worker,caterer,synth
حالة مستعجلة: نحتاج نركب سخان الما جديد,urgent_service,plumber,synth
شحال نخلص باش نصلح الكليمة ما تبردش,price_inquiry,ac_repair,synth
wach kayen agent de nettoyage 9rib meni f Bordj Bou Arreridj?,find_worker,cleaner,synth
نحتاج فام دو ميناج يجي غدوة الصباح لـ تلمسان,find_worker,cleaner,synth
sa7bi wach hi el as3ar ta3 bna f brej bou3ririj?,price_inquiry,mason,synth
من فضلكم شحال نخلص باش نصلح الموتور يسخن بزاف؟,price_inquiry,mechanic,synth
عاونوني! طباخة تطيب الشخشوخة لمناسبة وراني حاصل,urgent_service,caterer,synth
"saha, lfour ma ysekhnech",find_worker,appliance_repair,synth
نحتاج ماصون يجي غدوة الصباح لـ الشلف,find_worker,mason,synth
واش هي الأسعار تاع واحد يعاونني في خدمة في الدار في باتنة؟,price_inquiry,none,synth
wesh rak?,greeting_chitchat,none,synth
معليش تقولي كيفاش راه الطقس في بومرداس؟,out_of_scope,none,synth
3awnouni nkhayet 9andoura lel 3id w rani 7asel,urgent_service,tailor,synth
شحال يكلف كاين رطوبة وتقشير في سقف البيت,price_inquiry,painter,synth
reparation grille ta3 fenetre ... chkoun ysal7hali?,find_worker,welder,synth
rani n7awes 3la electricien f Batna,find_worker,electrician,synth
بشحال الخدمة تاع مول الجبس تقريبا؟,price_inquiry,plasterer,synth
ch7al ykelf el bourtai ma 3adch ytesker mlih?,price_inquiry,welder,synth
حلاڨه اللحيه والتحديد من فضلكم,find_worker,barber,synth
"arjou el msa3da bser3a, disjoncteur yti7 dima",urgent_service,electrician,synth
rahi 3nedi kseksi lkhemsin nfer lsedqa w7asl,find_worker,caterer,synth
win kayen pharmacie 9riba f Mostaganem,out_of_scope,none,synth
صاحبي عندي الباب الحديدية خرجت من بلاصتها,find_worker,welder,synth
svp chkoun 3ando numero ta3 réparateur électroménager f Annaba?,find_worker,appliance_repair,synth
kifach nchouf les avis ta3 worker? svp,app_question,none,synth
3andi nrakeb un lustre f salon,find_worker,electrician,synth
شكون عندو نيميرو تاع تريتور في بجاية؟,find_worker,caterer,synth
dlouni 3la trisyan chatr wme39oul,find_worker,electrician,synth
شحال يكلف الضو مڨطوع في الدار كامل؟,price_inquiry,electrician,synth
نحتاج تريتور لفطور رمضان لعائلة كبيرة فيسع فيسع,urgent_service,caterer,synth
نحتاج reparateur machine a laver يجي غدوة الصباح لـ Jijel,find_worker,appliance_repair,synth
bn nuit khouya,greeting_chitchat,none,synth
"slm, kayen rtouba wte9chir fi plafond el bit wmazal ma l9itch li ysel7eha",find_worker,painter,synth
n7awes 3la ristouroun mlih lle3cha fi brej bou3ririj,out_of_scope,none,synth
les amis nb7ath 3la babysitter l wladi,out_of_scope,none,synth
cv,greeting_chitchat,none,synth
ياخو عاونوني! نحب نخيط ريدوات جداد للبيت وراني حاصل,urgent_service,tailor,synth
"3andi etancheite ta3 stah, chkoun ye3ref ماصون mli7?",find_worker,mason,synth
بشحال الخدمة تاع بنّاء تقريبا؟,price_inquiry,mason,synth
kifech nfe3l lmou93 bach yle9aouni l3mal,app_question,none,synth
wech rahi akhbar el match ta3 lbar7?,out_of_scope,none,synth
سلام خويا، وين نشري ماكينة خياطة جديدة في عنابة؟,out_of_scope,none,synth
الدار فيها البورطاي ما عادش يتسكر غايا من سيمانة كاملة,find_worker,welder,synth
wach men film mli7 nchoufou lyoum?,out_of_scope,none,synth
بشحال الخدمة تاع مول الكليمة تأريبا؟ والله غير حاصل,price_inquiry,ac_repair,synth
n7taj tarkib klima jdida mn fdelkem,find_worker,ac_repair,synth
ch7al ydir njar f blida?,price_inquiry,carpenter,synth
déménagement complet n7taj transport meubles tawa dorka,urgent_service,mover,synth
robinet y9atter n7taj sebbak tawa dork,urgent_service,plumber,synth
راهي عندي الطوموبيل تدخن دخان كحل وحاصل,find_worker,mechanic,synth
win kayen a9reb sidlia fi tlemsan,out_of_scope,none,synth
الدار فيها حفرة كبيرة في حيط الجبس من سيمانة كاملة,find_worker,plasterer,synth
win nle9a bitziria mli7a f tizi wzou?,out_of_scope,none,synth
بشحال الخدمة تاع سباك تقريبا؟,price_inquiry,plumber,synth
نبغي وصفة كسكسي بالدجاج وشكرا مسبقا,out_of_scope,none,synth
راني نحوس على مول السباكة في تيزي وزو,find_worker,plumber,synth
chkoun 3ando numero ta3 mecanicien f Jijel?,find_worker,mechanic,synth
نحب نتعلم الحلاڨة باش نحل صالون,out_of_scope,none,synth
البيسي تاعي ولا ثقيل بزاف واش نديار؟,out_of_scope,none,synth
بشحال الخدمة تاع دهان تقريبا؟,price_inquiry,painter,synth
يا جماعة شحال راهي الساعة؟,out_of_scope,none,synth
شحال يدير مول الصباغة في بومرداس؟,price_inquiry,painter,synth
جاري گالي نسگسي هنا على واحد يعاونني في خدمة في الدار في بسكرة,find_worker,none,synth
نحوس على شقة للكراء في غرداية,out_of_scope,none,synth
n7awes jnaini y2elm lachjar ta3 el jnan,out_of_scope,none,synth
les amis win nel9a les demandes li b3aththom?,app_question,none,synth
الطابلة تاع الصالون محتاجة تصليح فيسع فيسع,urgent_service,carpenter,synth
chhal el soum nta3 7lag,price_inquiry,barber,synth
نحتاج 7addad مليح في Mostaganem,find_worker,welder,synth
n7eb nte3lem el khiata wach kayen tkouin qrib?,out_of_scope,none,synth
wech nqedr nleghi tleb b3ethtou,app_question,none,synth
robini y9ater wech ndiar,find_worker,plumber,synth
نبغي نبدل الروبينات نتاع الكوزينة عاونوني,find_worker,plumber,synth
كيفاه نخدم بهاد التطبيق؟,app_question,none,synth
3awnouni femme de menage teji kol jem3a w rani 7asel,urgent_service,cleaner,synth
نبغي نبني حيط في الجنان!! نحتاج واحد يجي فيسع,urgent_service,mason,synth
nebghi femme de ménage yji lyoum l Annaba,find_worker,cleaner,synth
cas urgent: machine a laver tejri el ma men ta7t,urgent_service,appliance_repair,synth
3andi cloison placo bach n9assmou la chambre,find_worker,plasterer,synth
تڨصير الكم تاع الڨميجة من فضلكم,find_worker,tailor,synth
chkoun rbe7 el kan had el 3am? w chokran,out_of_scope,none,synth
شحال يدير واحد يعاونني في خدمة في الدار في وهران؟,price_inquiry,none,synth
ضركا دورك نحب نخبي الكابلاج بحيط بلاكو,urgent_service,plasterer,synth
كيفاش نديار كونت فيسبوك؟ والله غير حاصل,out_of_scope,none,synth
كيفاه نفعل الموقع باش يلقاوني العمال؟,app_question,none,synth
واش راك؟,greeting_chitchat,none,synth
الله يخليكم ريحة كابل محروق ومقدرتش نلقى حل,urgent_service,electrician,synth
n7awes 3la appartement l kra f Ouargla,out_of_scope,none,synth
3awnouni tar2i3 ta3 serwal met2atta3 men rokba w rani 7asel,urgent_service,tailor,synth
السياج الأخضر تاع الجنان يحتاج تأليم,out_of_scope,none,synth
كيفاش نخدم بهاد التطبيأ؟ وشكرا مسبأا,app_question,none,synth
sa7bi tadyi9 nta3 9amidja men jnab men fadlkom,find_worker,tailor,synth
prof ta3 maths l les cours particuliers merci,out_of_scope,none,synth
ch7al tkelf khdema: ltoumoubil ma t7ebch tche3l?,price_inquiry,mechanic,synth
واش التطبيگ مجاني ولا بالخلاص,app_question,none,synth
شحال نخلص باش نصلح نحتاج حلاق للعريس صباح العرس؟,price_inquiry,barber,synth
الماشينة تاع الصابون تجري الما من تحت من فضلكم,find_worker,appliance_repair,synth
بشحال الخدمة تاع عاملة تنظيف تقريبا؟ ياخو,price_inquiry,cleaner,synth
n7taj taksi llemtar ghodwa lsba7,out_of_scope,none,synth
نحتاج طياب للوليمة نهار السبت من فضلكم,find_worker,caterer,synth
n7awes 3la dentiste ghaya f Setif,out_of_scope,none,synth
batterie morte fissa3 svp,urgent_service,mechanic,synth
عندي السحاب نتاع الجاكيطة خسر في الدار، واش نديار؟ يعطيكم الصحة,find_worker,tailor,synth
wach nqder nkoun worker w client f meme temps?,app_question,none,synth
ch7al nkhels bach nsel7 tnedif dar b3ed l3res?,price_inquiry,cleaner,synth
"slm, kifach nghayyer profession fel compte ta3i?",app_question,none,synth
شكون عندو نيميرو نتاع مول الطياب في بليدة؟,find_worker,caterer,synth
win nechri machine a coudre f وهران,out_of_scope,none,synth
يا شيخ نحوس على ريسطورون زين للعشاء في تلمسان,out_of_scope,none,synth
recette ta3 couscous svp wallah ghir 7asel,out_of_scope,none,synth
depuis 3 jours 3andna ta7fifa lel 3id,find_worker,barber,synth
معليش تقولي كيفاش راه الطقس في ورقلة؟,out_of_scope,none,synth
rani n7awes 3la electricien f Biskra,find_worker,electrician,synth
kifach rah el jaw f Constantine?,out_of_scope,none,synth
نڨدر نلڨى مول الضو يجي اليوم لـ تيارت؟,find_worker,electrician,synth
"slm, wach rahi akhbar el match ta3 el bar7?",out_of_scope,none,synth
parquet mkhareb men fadlkom,find_worker,carpenter,synth
جاري قالي نسقسي هنا على كهربائي في الشلف,find_worker,electrician,synth
restaurant mli7 l le diner f Boumerdes?,out_of_scope,none,synth
شحال نخلص باش نصلح التلاجة ما تبردش والمأكلة تخسر؟,price_inquiry,appliance_repair,synth
وين نشري الزرع والورد للجنان في Tlemcen؟,out_of_scope,none,synth
ههههه شابة,greeting_chitchat,none,synth
les lampes yrigliw wa7edhom ... chkoun ysal7hali,find_worker,electrician,synth
سلام، بونجور,greeting_chitchat,none,synth
kifech nmes7 l7sab ta3i?,app_question,none,synth
escalier en bois yzegzeg!! chkoun yji fissa3,urgent_service,carpenter,synth
عندي الماشينة تاع الصابون ما تدورش في الدار، واش نديار؟,find_worker,appliance_repair,synth
شحال يدير لي يدير الميناج في بسكرة,price_inquiry,cleaner,synth
les amis ch7al ykelfeni 3amla tnedif llioum kamel?,price_inquiry,cleaner,synth
wach kayen wa7ed y3aweni f khedma f dar qrib meni f Mostaganem?,find_worker,none,synth
من فضلكم وين نشري الزرع والورد للجنان في برج بوعريريج؟,out_of_scope,none,synth
transport ta3 piano 3awnouni,find_worker,mover,synth
الله يخليكم الفنيترة ما تسكرش مليح ومقدرتش نلقى حل,urgent_service,carpenter,synth
depuis 3 jours 3andna coupe degradé m3a trait,find_worker,barber,synth
je cherche un tabbakha à Chlef rabi y7afdkom,find_worker,caterer,synth
dlouni 3la bna chatr wme3qoul,find_worker,mason,synth
combien coute un plakist?,price_inquiry,plasterer,synth
ya cheikh wach ne9der ncancel demande b3aththa?,app_question,none,synth
win kayen pharmacie 2riba f Bejaia,out_of_scope,none,synth
rani n7awes 3la menage f Tizi Ouzou,find_worker,cleaner,synth
sa7bi hhhh chaba,greeting_chitchat,none,synth
نحوس جنايني يگلم الأشجار تاع الجنان,out_of_scope,none,synth
نبغي نشري طوموبيل مستعملة، واش تنصحوني؟,out_of_scope,none,synth
svp four ma yeskhonch men fadlkom,find_worker,appliance_repair,synth
عندي الفنيترة ما تسكرش مليح في الدار، واش نديار؟,find_worker,carpenter,synth
soudure ta3 porte metallique w ma 3reftch win nrou7,find_worker,welder,synth
شحال السوم تاع واحد يعاونني في خدمة في الدار,price_inquiry,none,synth
"3andi douche ma fihach el ma, chkoun ye3ref plombi mli7?",find_worker,plumber,synth
يا جماعة واش التطبيق مجاني ولا بالخلاص؟,app_question,none,synth
chhal nkhels bach nsel7 kayen riha mjari f el hammam?,price_inquiry,plumber,synth
وين نشري بلاكات بلاكو بالجملة؟,out_of_scope,none,synth
دورك دورك نبنيو غرفة زيادة للضياف في الحوش,urgent_service,mason,synth
depuis 3 jours 3andna voiture ma techa3lch,find_worker,mechanic,synth
مستعجل: نحتاج بلومبيي اليوم في تلمسان,urgent_service,plumber,synth
les prix ta3 couturier f Mostaganem?,price_inquiry,tailor,synth
واش كاين شي مول الصباغة قريب من بومرداس؟,find_worker,painter,synth
صاحبي واش راهي أخبار الماتش تاع البارح؟,out_of_scope,none,synth
kifech ndiar kount fisbouk,out_of_scope,none,synth
ya3tik saha,greeting_chitchat,none,synth
fuite d'eau f la cuisine,find_worker,plumber,synth
ya cheikh n7awes jardinier ghaya ytayye7li les mauvaises herbes,out_of_scope,none,synth
bche7al lkhdema ta3 li yne9l lathath t9eriba?,price_inquiry,mover,synth
el پarki ta3 el bit tkherb fissa3 fissa3,urgent_service,carpenter,synth
wach men film ghaya nchoufou lyoum?,out_of_scope,none,synth
راهي عندي فويت دو تحت اللافابو وحاصل,find_worker,plumber,synth
نحتاج واحد يقص الحشيش نتاع الجنان,out_of_scope,none,synth
win ncheri makina khiata jdida fi skikda?,out_of_scope,none,synth
دورك دورك نحب نكوموندي حلويات تگليدية للعرس,urgent_service,caterer,synth
les prix ta3 electricien f Batna?,price_inquiry,electrician,synth
ياخو الله يخليكم نبدلو الدار الشهر الجاي ونحتاجو نڨل الڨش ومڨدرتش نلڨى حل,urgent_service,mover,synth
les amis comment ca marche l'application?,app_question,none,synth
ch7al taman bach ndir tarqi3 ta3 kachabiya?,price_inquiry,tailor,synth
ya khouya installation clim jdida,find_worker,ac_repair,synth
ch7al ydir reparateur machine a laver f Boumerdes? merci,price_inquiry,appliance_repair,synth
سلام خويا، نبغي نتعلم الحلاقة باش نحل صالون,out_of_scope,none,synth
شحال يدير نجار في تيزي وزو؟,price_inquiry,carpenter,synth
y3etik ls7a,greeting_chitchat,none,synth
rani n7awes 3la wa7ed y3aweni f khedma f dar f باتنة,find_worker,none,synth
drouk dork nbeddel les robinets ta3 cuisine,urgent_service,plumber,synth
شحال يدير مول السباكة في بومرداس؟,price_inquiry,plumber,synth
شحال يكلف الدوش مأطوع الما؟,price_inquiry,plumber,synth
chkoun 3ando numero ta3 maçon f Jijel?,find_worker,mason,synth
صحا، نحوس على شگة للكراء في تيزي وزو,out_of_scope,none,synth
شكون عندو نيميرو تاع مول الخياطة في باتنة؟,find_worker,tailor,synth
يا شيخ كيفاش نخدم بهاد التطبيق؟,app_question,none,synth
combien coute un menuisier? w chokran,price_inquiry,carpenter,synth
wach ngder nkoun worker w client f meme temps?,app_question,none,synth
نحب نتعلم الكهرباء واش كاين تكوين,out_of_scope,none,synth
وين نأرا لانجليزية في تلمسان؟,out_of_scope,none,synth
ch7al nkhalles bach nsale7 déplacer la clim l chambre okhra,price_inquiry,ac_repair,synth
n7taj l7am yji ghedwa lsba7 l blida wallah ghir 7asel,find_worker,welder,synth
"slm, urgence!! chakhchoukha l mounasba f Ghardaia",urgent_service,caterer,synth
couscous l 50 personnes lel sada9a ... chkoun ysal7hali? w chokran,find_worker,caterer,synth
نقدر نلقى طباخة يجي اليوم لـ باتنة؟,find_worker,caterer,synth
نحب نكوموندي حلويات تأليدية للعرس، شكون يعرف تريتور مليح؟,find_worker,caterer,synth
sa7bi ch7al ykalefni couturier pour une journee?,price_inquiry,tailor,synth
نقدر نلقى مول الميكانيك يجي اليوم لـ تيارت؟,find_worker,mechanic,synth
الكليمة ما تبردش عاونوني,find_worker,ac_repair,synth
wech nqedr nset3eml el ttebiq kdif bla kount,app_question,none,synth
بالسلامة,greeting_chitchat,none,synth
"y3etikm ls7a, nhawes msel7 tlajat nacht f jijl",find_worker,appliance_repair,synth
عندي تنظيف بعد خدمة البناء,find_worker,cleaner,synth
pc ta3i wela lourd bezzaf wach ndir? merci,out_of_scope,none,synth
ch7al ykalefni فام دو ميناج pour une journee?,price_inquiry,cleaner,synth
lampe techmel w tetfa wa7edha,find_worker,electrician,synth
نحب نضيق الروبة من الجناب ونحتاج خياطة ديركت توا,urgent_service,tailor,synth
نحتاج réparateur électroménager يجي غدوة الصباح لـ Biskra,find_worker,appliance_repair,synth
نبغي نتعلم الحلاقة باش نحل صالون الله يخليك,out_of_scope,none,synth
نحب نزيد بريزة جديدة في البيرو!! نحتاج واحد يجي فيسع,urgent_service,electrician,synth
واش التطبيگ مجاني ولا بالخلاص؟,app_question,none,synth
نحوس على ريسطورون مليح للعشاء في غرداية,out_of_scope,none,synth
حالة مستعجلة: التلاجة تدير صوت غريب,urgent_service,appliance_repair,synth
عندي تنظيف الدار بعد العرس,find_worker,cleaner,synth
السيفون تاع التواليت خسر عاونوني الله يخليك,find_worker,plumber,synth
نڨدر نلڨى واحد يعاونني في خدمة في الدار يجي اليوم لـ برج بوعريريج؟,find_worker,none,synth
plafond placo tah mennou tarf w ma 3reftch win nrou7 svp,find_worker,plasterer,synth
جاري قالي نسقسي هنا على menuisier في Oran,find_worker,carpenter,synth
الفرينات يديرو صوت يخوف ونحتاج mécanicien ديركت توا,urgent_service,mechanic,synth
دلوني على reparateur climatiseur شاطر ومعقول ياخو,find_worker,ac_repair,synth
مستعجل: نحتاج مصلح الأجهزة اليوم في بومرداس,urgent_service,appliance_repair,synth
ch7al nkhalles bach nsale7 disjoncteur yti7 kol chwiya?,price_inquiry,electrician,synth
je cherche un wa7ed y3aweni f khedma f dar à Annaba,find_worker,none,synth
ya khouya 3andi mochkla f wifi nta3 djezzy,out_of_scope,none,synth
"rani nhawes 3la khdema nkhedmeha, wech kayen blais",out_of_scope,none,synth
واش هي الأسعار نتاع منوزيي في جيجل؟,price_inquiry,carpenter,synth
"saha, ch7al tkelf khdema: nheb nnegl l3fech ldar jdida?",price_inquiry,mover,synth
سلام، دلوني على mason شاطر ومعقول,find_worker,mason,synth
douk dork la voiture tdakhen dokhan k7el,urgent_service,mechanic,synth
ياخو شكرا على المساعدة,greeting_chitchat,none,synth
"bonjour, combien pour des etageres l biro?",price_inquiry,carpenter,synth
الكليمه ناقصها غاز ومازال ما لقيتش لي يصلحها,find_worker,ac_repair,synth
"arjou lmsa3da bser3a, n7eb ndiar 9fes 7did fou9 lste7",urgent_service,welder,synth
الرطوبة قوست البلاكو تاع البيت من فضلكم,find_worker,plasterer,synth
راني نحوس على مول الحلاقة في عنابة,find_worker,barber,synth
الكليمة تطلگ ريحة كريهة واش نديار,find_worker,ac_repair,synth
wach ne9der nesta3mel l appli offline?,app_question,none,synth
لاباتري راهي ميتة ومازال ما لقيتش لي يصلحها,find_worker,mechanic,synth
يا جماعة لاباس عليكم؟,greeting_chitchat,none,synth
kifech nchark fi l3roud ta3 lkhdemat?,app_question,none,synth
nheb 7addad yji lyoum l Ghardaia,find_worker,welder,synth
t2esir lkm ta3 l2mija fissa3 fissa3,urgent_service,tailor,synth
الطوموبيل تحبس في نص الطريق ومازال ما لقيتش لي يصلحها,find_worker,mechanic,synth
واش معنى الاشتراك برو للعامل؟ يعطيكم الصحة,app_question,none,synth
تنظيف بعد خدمة البناء واش نديار,find_worker,cleaner,synth
n7taj taksi llemtar ghedwa el sba7 w chokran,out_of_scope,none,synth
شحال يكلفني واحد يعاونني في خدمة في الدار لليوم كامل؟,price_inquiry,none,synth
واش التطبيق يخدم بلا انترنات؟,app_question,none,synth
نقدر نلقى واحد يعاونني في خدمة في الدار يجي اليوم لـ قسنطينة؟,find_worker,none,synth
n7eb ncheri machina saboun jdida chhal lsoum?,out_of_scope,none,synth
كاين رطوبه وتقشير في سقف البيت من فضلكم,find_worker,painter,synth
كيفاه نبدل رگم تيليفوني في الكونت؟,app_question,none,synth
نحتاج مول الطياب مليح في تيزي وزو,find_worker,caterer,synth
ضروك دورك الرطوبة ڨوست البلاكو تاع البيت,urgent_service,plasterer,synth
ch7al nkhalles bach nsale7 la chasse d'eau khasra?,price_inquiry,plumber,synth
ya kho prise ma7rou9a n7taj kahrabji tawa dork,urgent_service,electrician,synth
عندي نحتاج تنظيف الزجاج والفنيترات تاع الفيلا في الدار، واش نديار؟,find_worker,cleaner,synth
dar fiha lrouba t7etaj tdii2 mn el jnab mn simana kamla merci,find_worker,tailor,synth
installer des spots fel plafond n7taj trisyan tawa douk,urgent_service,electrician,synth
cas urgent: porte en fer forgé lel 7ouch,urgent_service,welder,synth
svp cc,greeting_chitchat,none,synth
"bonjour, recette ta3 couscous svp",out_of_scope,none,synth
الدوش مقطوع الما واش نديار,find_worker,plumber,synth
الكليماتيزور يدير صوت غريب ومازال ما لأيتش لي يصلحها,find_worker,ac_repair,synth
el lh ykhelikm nheb dikour jbes f es s9af wme9dertech nle9a 7l,urgent_service,plasterer,synth
cas urgent: installation sonnette ta3 el bab,urgent_service,electrician,synth
يا خويا راني نحوس على واحد يعاونني في خدمة في الدار في سكيكدة,find_worker,none,synth
وين نلقى بيتزيريا مليحة في برج بوعريريج؟,out_of_scope,none,synth
grille de protection lel fenetres,find_worker,welder,synth
نحوس أستاذ يعطي دروس خصوصية في الرياضيات,out_of_scope,none,synth
nheb tabbakha yji lyoum l Biskra,find_worker,caterer,synth
camion sghir bach nneglou les meubles fissa3 svp,urgent_service,mover,synth
سلام، شحال يدير مصلح تلاجات في برج بوعريريج؟,price_inquiry,appliance_repair,synth
يا شيخ وين نشري الزرع والورد للجنان في ورقلة؟,out_of_scope,none,synth
كيفاش نفعل الموڨع باش يلڨاوني العمال؟,app_question,none,synth
جاري قالي نسقسي هنا على واحد يعاونني في خدمة في الدار في الشلف,find_worker,none,synth
je cherche un مول الطياب à قسنطينة,find_worker,caterer,synth
شحال يكلفني بلومبيي لليوم كامل؟,price_inquiry,plumber,synth
3aounouni! lkounjilatour ma yjemdech wrani 7asl,urgent_service,appliance_repair,synth
نحوس على ريسطورون غايا للعشاء في وهران,out_of_scope,none,synth
نحب نتعلم الحلاگة باش نحل صالون,out_of_scope,none,synth
les murs mkharbchin ye7tajo enduit wach ndir,find_worker,painter,synth
راهي عندي التلاجة ما تبردش والمأكلة تخسر وحاصل,find_worker,appliance_repair,synth
واش من فيلم غايا نتفرجو اليوم؟,out_of_scope,none,synth
شحال نخلص باش نصلح الرطوبة كلات الحيط تاع البيت,price_inquiry,mason,synth
وين نشري الزرع والورد للجنان في الشلف,out_of_scope,none,synth
عندي نحتاج مرا تعاون ماما في گضيان الدار ونحتاج واحد يصلحهالي,find_worker,cleaner,synth
tbakha l7efla el nja7 fissa3 fissa3,urgent_service,caterer,synth
dorka dork la machine ta3 el saboun tjeri el ma mn t7et,urgent_service,appliance_repair,synth
صحا، شحال يكلف الموتور يسخن بزاف؟,price_inquiry,mechanic,synth
reparation grille nta3 fenetre wach ndir,find_worker,welder,synth
kifach nbeddel numero ta3i f compte,app_question,none,synth
وين نلڨى بيتزيريا مليحة في Chlef؟,out_of_scope,none,synth
n7eb nte3lem el kherba wech kayen tkouin,out_of_scope,none,synth
t7iati likm,greeting_chitchat,none,synth
3aounouni! el klimatizor ydir sout ghrib wrani 7asl,urgent_service,ac_repair,synth
3awnouni construire un garage f jardin w rani 7asel,urgent_service,mason,synth
الكبوط تگطع من الكتف ومحتاج رتوش,find_worker,tailor,synth
ch7al nkhalles bach nsale7 coiffeur yji l dar?,price_inquiry,barber,synth
"saha, depuis 3 jours 3andna nzid des prises fel cuisine",find_worker,electrician,synth
kifah n3ayet l worker apres la mission?,app_question,none,synth
مستعجل: نحتاج مصلح الأجهزة اليوم في برج بوعريريج,urgent_service,appliance_repair,synth
"3nedi n7taj tbakha l3ers mia nfer f eddar, wech ndiar",find_worker,caterer,synth
ch7al lsoum ta3 li ysalah lmachinat?,price_inquiry,appliance_repair,synth
dar fiha nheb n3eli 7it l7ouch mter ziada mn simana kamla,find_worker,mason,synth
urgence!! le platre nta3 plafond tcheqqeq f Blida ya kho,urgent_service,plasterer,synth
ma l9itch trisyan disponible f Chlef,find_worker,electrician,synth
svp bslema,greeting_chitchat,none,synth
"saha, win kayen pharmacie 9riba f Boumerdes?",out_of_scope,none,synth
kifach nbeddel el mhena ta3i fi el broufil?,app_question,none,synth
chhal nkhels bach nsel7 n7eff wnedir ll7ia 3ned eddar?,price_inquiry,barber,synth
n7taj ntouaia wsiana clima 9bel lsif wech ndiar,find_worker,ac_repair,synth
نحتاج مول البناء غايا في سكيكدة,find_worker,mason,synth
شحال السوم نتاع sebbak؟,price_inquiry,plumber,synth
بشحال الخدمة تاع لحّام تگريبا,price_inquiry,welder,synth
ارجو المساعدة بسرعة، طوفان الما في الكوزينة,urgent_service,plumber,synth
rani nhawes 3la khiat fi boumredas,find_worker,tailor,synth
بليز نجار في سطيف ضركا ضركا، الپاركي تاع البيت تخرب,urgent_service,carpenter,synth
"bonjour, nheb nfassel karakou lel 3ers ... chkoun ysal7hali?",find_worker,tailor,synth
chkoun yrekb s9i aoutoumatik f el jnina?,out_of_scope,none,synth
شحال تكلف خدمة: التابلو الكهربائي قديم ويخوف,price_inquiry,electrician,synth
الباب الحديدية خرجت من بلاصتها فيسع فيسع,urgent_service,welder,synth
نحتاج بلومبيي مليح في تيارت,find_worker,plumber,synth
ch7al ydir wa7d y3aweni f khdema fi eddar f Ghardaia?,price_inquiry,none,synth
نحتاج صباغة السقف شكون عندو حل,find_worker,painter,synth
نحتاج نركب سخان الما جديد!! نحتاج واحد يجي فيسع,urgent_service,plumber,synth
شحال يكلفني منوزيي لليوم كامل,price_inquiry,carpenter,synth
nhawes jnaini y9elm el achjar ta3 el jnan,out_of_scope,none,synth
صاحبي واش نقدر نلغي طلب بعثتو؟,app_question,none,synth
نحب نخبي الكابلاج بحيط بلاكو ونحتاج plakist ديركت توا,urgent_service,plasterer,synth
من فضلكم نحب نشري طوموبيل مستعملة، واش تنصحوني؟,out_of_scope,none,synth
sa7bi combien coute un 7addad?,price_inquiry,welder,synth
ltilifoun ta3i thers el aikran win nsel7ou?,out_of_scope,none,synth
chauffe-eau ma yeskhonch n7taj sebbak tawa dork,urgent_service,plumber,synth
نحتاج طاكسي للمطار غدوة الصباح ياخو,out_of_scope,none,synth
chkoun 3ando numero ta3 kwafur f Biskra?,find_worker,barber,synth
يعطيكم الصحة، نحوس ميكانيكي ناشط في عنابة,find_worker,mechanic,synth
نبغي نتعلم الحلاڨة باش نحل صالون,out_of_scope,none,synth
cas urgent: frigo ma ybaredch svp,urgent_service,appliance_repair,synth
ضركا دورك ترگيع السروال لي تگطع من الركبة,urgent_service,tailor,synth
wach kayen plaquiste 2rib meni f Mostaganem?,find_worker,plasterer,synth
ma l9itch cuisiniere disponible f Batna,find_worker,caterer,synth
toute la maison sans courant ... chkoun ysal7hali?,find_worker,electrician,synth
الكليماتيزور يدير صوت غريب فيسع فيسع,urgent_service,ac_repair,synth
راني نحوس على مصلح تلاجات في بسكرة,find_worker,appliance_repair,synth
c'est quoi l'abonnement pro? w chokran,app_question,none,synth
"saha, ecran ta3 telephone therres win nsal7ou?",out_of_scope,none,synth
عندي السياج تاع الحديد تكسر ومحتاج سودير,find_worker,welder,synth
بشحال الخدمة تاع كهربائي تقريبا,price_inquiry,electrician,synth
dork dork ltoumoubil ma t7ebch tche3l,urgent_service,mechanic,synth
ارجو المساعدة بسرعة، نحب نديار پلاكار على قياس,urgent_service,carpenter,synth
دلوني على منوزيي شاطر ومعقول,find_worker,carpenter,synth
ma l9itch wa7ed y3aweni f khedma f dar disponible f Tizi Ouzou,find_worker,none,synth
شحال يدير سودور في وهران؟,price_inquiry,welder,synth
win nel9a pizzeria mli7a f Bordj Bou Arreridj? ya kho,out_of_scope,none,synth
3andi nettoyage nta3 dar kamla,find_worker,cleaner,synth
عندي حفرة كبيرة في حيط الجبس ونحتاج واحد يصلحهالي,find_worker,plasterer,synth
صاحبي واش هي الأسعار تاع لي يدير الميناج في جيجل؟,price_inquiry,cleaner,synth
الدار فيها ريحه كابل محروگ من سيمانه كامله,find_worker,electrician,synth
صباح الخير,greeting_chitchat,none,synth
wach kayen bennay grib meni f Setif?,find_worker,mason,synth
جاري قالي نسقسي هنا على سودور في سطيف,find_worker,welder,synth
m3elich t9ouli kifech rah lt9es f Batna?,out_of_scope,none,synth
cas urgent: nettoyage appartement qbel ma nekriwah,urgent_service,cleaner,synth
يا خويا نحوس على ريسطورون مليح للعشاء في بليدة,out_of_scope,none,synth
دلوني على دهان شاطر ومعگول والله غير حاصل,find_worker,painter,synth
سلام خويا، الموتور يسخن بزاف من فضلكم,find_worker,mechanic,synth
نحفف وندير اللحية عند الدار من فضلكم,find_worker,barber,synth
حفرة كبيرة في حيط الجبس ياخو,find_worker,plasterer,synth
عاونوني! طباخة لحفلة النجاح وراني حاصل,urgent_service,caterer,synth
عندي الفور ما يسخنش ونحتاج واحد يصلحهالي,find_worker,appliance_repair,synth
نفض الغبرة ومسح البلاط تاع الفيلا ومازال ما لقيتش لي يصلحها,find_worker,cleaner,synth
les amis tarqi3 ta3 kachabiya chkoun 3ando solution,find_worker,tailor,synth
نحوس على شقة للكراء في ورقلة,out_of_scope,none,synth
svp la clim ma tsakhanch f chta wach ndir,find_worker,ac_repair,synth
rani n7awes 3la bennay f Tizi Ouzou,find_worker,mason,synth
نحوس على ريسطورون مليح للعشاء في بجاية بارك الله فيكم,out_of_scope,none,synth
wach neqder ncancel demande b3aththa?,app_question,none,synth
نحب نكوموندي حلويات تڨليدية للعرس ومازال ما لڨيتش لي يصلحها,find_worker,caterer,synth
n7taj njar yji ghedwa el sba7 l blida,find_worker,carpenter,synth
وين نگرا لانجليزية في تلمسان؟,out_of_scope,none,synth
jari 9ali nse9si hna 3la moul daw f wheran,find_worker,electrician,synth
n7taj li yne9l lathath mli7 fi tizi wzou,find_worker,mover,synth
"bonjour, plafond el gharaj tai7 mnou el asment wbain l7did wach ndiar",find_worker,mason,synth
ya kho cas urgent: nbeddel couleur ta3 salon,urgent_service,painter,synth
nheb nechri machine a laver jdida ch7al?,out_of_scope,none,synth
من فضلكم شحال يكلف الدرج الخشبي يزقزق؟,price_inquiry,carpenter,synth
n7awes 3la dentiste ghaya f Alger,out_of_scope,none,synth
جاري قالي نسقسي هنا على مول الحلاقة في الشلف,find_worker,barber,synth
nebghi nrakeb triat fi plafond 3aounouni,find_worker,electrician,synth
sa7bi 3nedi mchekla f lwifi ta3 djizi,out_of_scope,none,synth
llh ybark 3likm,greeting_chitchat,none,synth
ch7al ykalefni mikanisyan pour une journee? svp,price_inquiry,mechanic,synth
بونجور,greeting_chitchat,none,synth
يا شيخ كيفاه نخدم بهاد التطبيگ؟,app_question,none,synth
ياخو الطواليت محبوسة والما يطلع ومازال ما لقيتش لي يصلحها,find_worker,plumber,synth
نحوس على شگة للكراء في تيزي وزو,out_of_scope,none,synth
wach nqedr nleghi tleb b3ethtou?,app_question,none,synth
وين نلقى تكوين في النجارة؟ يعطيكم الصحة,out_of_scope,none,synth
besoin d un réparateur électroménager serieux f Batna,find_worker,appliance_repair,synth
win kayen pharmacie qriba f Batna?,out_of_scope,none,synth
مساء الخير,greeting_chitchat,none,synth
نسيت كلمة السر، واش نديار,app_question,none,synth
كيفاش نقيّم العامل بعد الخدمة؟ والله غير حاصل,app_question,none,synth
يعطيكم الصحة، نحوس ماصون ناشط في جيجل,find_worker,mason,synth
les amis khouya n7taj tiab lloulima nhar lsbet chkoun yji ychoufha,find_worker,caterer,synth
الكليمة تجري الما من الداخل واش نديار,find_worker,ac_repair,synth
وين نلگى الطلبات لي بعثتهم؟,app_question,none,synth
عاونوني! نحب نفصل كوستيم على قياسي وراني حاصل,urgent_service,tailor,synth
ya kho nheb net3allem la couture kayen des cours?,out_of_scope,none,synth
dork dork frigo ydir bruit bizarre,urgent_service,appliance_repair,synth
يا خويا بليز كهربائي في وهران دورك دورك، نحب نزيد بريزة جديدة في البيرو,urgent_service,electrician,synth
شكون عندو نيميرو نتاع kwafur في Tizi Ouzou؟,find_worker,barber,synth
شحال السوم نتاع مول البناء؟,price_inquiry,mason,synth
"arjou el msa3da bser3a, tre9i3 ljakita l9dima",urgent_service,tailor,synth
عندي تريتور للختانة نهار الجمعة,find_worker,caterer,synth
la peinture t9echret men fadlkom,find_worker,painter,synth
la machine ta3 lsaboun tjeri lma mn t7et 3aounouni,find_worker,appliance_repair,synth
nkhayet 9andoura lel 3id!! chkoun yji fissa3?,urgent_service,tailor,synth
عندي نفض الغبرة ومسح البلاط تاع الفيلا في الدار، واش نديار؟,find_worker,cleaner,synth
traiteur pour mariage 100 personnes n7taj cuisiniere tawa dork rabi y7afdkom,urgent_service,caterer,synth
يا خويا واش التطبيق مجاني ولا بالخلاص؟,app_question,none,synth
الكليمة ما تسخنش في الشتا، شكون يعرف تگني كليماتيزور مليح؟ ياخو,find_worker,ac_repair,synth
svp wach kayen khayat 9rib meni f Tlemcen?,find_worker,tailor,synth
ch7al ykalefni mol clima pour une journee,price_inquiry,ac_repair,synth
وين كاين أگرب صيدلية في الشلف؟,out_of_scope,none,synth
الكناپي ولا مصفر من الاولاد ويحتاج غسيل عميق، شكون يعرف لي يدير الميناج مليح؟,find_worker,cleaner,synth
الكوزينيار ما يشعلوش البلاكات تاعو عاونوني,find_worker,appliance_repair,synth
chhal el soum ta3 t9eni klimatizour?,price_inquiry,ac_repair,synth
يا جماعة جاري قالي نسقسي هنا على تقني كليماتيزور في بجاية,find_worker,ac_repair,synth
الطوموبيل تدخن دخان كحل ومازال ما لقيتش لي يصلحها,find_worker,mechanic,synth
واش التطبيق يخدم بلا انترنات؟ يعطيكم الصحة,app_question,none,synth
"saha, el rouba t7etaj tdiig mn ljnab 3aounouni",find_worker,tailor,synth
ya cheikh ch7al taman bach ndir nettoyer canapé w moquette?,price_inquiry,cleaner,synth
combien coute un sebbagh?,price_inquiry,painter,synth
kseksi lkhemsin nfer lsed9a fissa3 fissa3 w chokran,urgent_service,caterer,synth
راني نحوس على تقني كليماتيزور في بسكرة,find_worker,ac_repair,synth
sa7bi bche7al el khdema ta3 traiteur t9eriba?,price_inquiry,caterer,synth
reparer les volets ta3 fenetres!! chkoun yji fissa3?,urgent_service,carpenter,synth
صاحبي وين نشري بلاكات بلاكو بالجملة؟,out_of_scope,none,synth
kifach nbeddel lmhena ta3i fi lbroufil?,app_question,none,synth
3awnouni brushing w couleur f dar w rani 7asel,urgent_service,barber,synth
combien coute un menage?,price_inquiry,cleaner,synth
"y3etikm el s7a, nhawes l7am nacht fi ghredaia",find_worker,welder,synth
الدار فيها الماشينة تاع الصابون ما تدورش من سيمانة كاملة,find_worker,appliance_repair,synth
الدار فيها الفنيترة ما تسكرش زين من سيمانة كاملة,find_worker,carpenter,synth
شحال يكلفني مصلح تلاجات لليوم كامل؟,price_inquiry,appliance_repair,synth
نحتاج لحّام يجي غدوة الصباح لـ مستغانم,find_worker,welder,synth
chkoun 3ando numero ta3 خياط f تيزي وزو?,find_worker,tailor,synth
"ndirou marchat 9dam bab eddar, chkoun y3erf masoun mlih?",find_worker,mason,synth
machine a laver ma tkhdemch chkoun 3ando solution,find_worker,appliance_repair,synth
n7taj tiab lloulima nhar el sbet,find_worker,caterer,synth
"3andi ta7fifa w l7ya, chkoun ye3ref coiffeur mli7?",find_worker,barber,synth
وين نڨرا لانجليزية في بجاية؟,out_of_scope,none,synth
les lampes yrigliw wa7edhom fissa3 svp,urgent_service,electrician,synth
دلوني على mason شاطر ومعقول,find_worker,mason,synth
نحب نعلي حيط الحوش متر زيادة، شكون يعرف مول البناء مليح؟,find_worker,mason,synth
ya cheikh 3lach ma youslenich el ich3ar ki yjaoubni 3aml?,app_question,none,synth
عندي السقف تاع البلاكو طاح منو طرف ونحتاج واحد يصلحهالي,find_worker,plasterer,synth
kifah neb3et demande de service?,app_question,none,synth
cc rabi y7afdkom,greeting_chitchat,none,synth
واش كاين شي بلومبيي قريب من بجايه؟,find_worker,plumber,synth
كي نشعل الماشينة يطيح الضو عاونوني بارك الله فيكم,find_worker,electrician,synth
كيفاش نشوف تقييمات العامل قبل ما نخدم معاه؟ بارك الله فيكم,app_question,none,synth
من فضلكم جاري قالي نسقسي هنا على منوزيي في عنابة,find_worker,carpenter,synth
chhal nkhels bach nsel7 n9el 3fech 3rousa?,price_inquiry,mover,synth
نحوس على طبيب أسنان غايا في سطيف,out_of_scope,none,synth
tqesir lkm ta3 lqmija wach ndiar,find_worker,tailor,synth
je cherche un wa7ed y3aweni f khedma f dar à Biskra merci,find_worker,none,synth
خويا نحب نخيط كسوة تقليدية للعرس شكون يجي يشوفها,find_worker,tailor,synth
restaurant ghaya l le diner f بليدة?,out_of_scope,none,synth
ecran ta3 telephone therres win nsal7ou? svp,out_of_scope,none,synth
"bonjour, chkoun y9asli el gazon nta3 jardin?",out_of_scope,none,synth
الديجونكتور يطيح ديما,find_worker,electrician,synth
شكرا على المساعدة ياخو,greeting_chitchat,none,synth
كيفاش نخدم بهاد التطبيق؟ ياخو,app_question,none,synth
شكرا ياسر,greeting_chitchat,none,synth
el kouziniar ma yche3louch el blakat ta3ou,find_worker,appliance_repair,synth
ضروك دورك الاومبرياج يزلق,urgent_service,mechanic,synth
معليش تقولي كيفاش راه الطقس في وهران؟,out_of_scope,none,synth
3andi traiteur pour mariage 100 personnes,find_worker,caterer,synth
"saha, wech el a7oual?",greeting_chitchat,none,synth
mset3ejle: n7taj mikanisian lyoum f tlemsan,urgent_service,mechanic,synth
خويا نبدلو الدار الشهر الجاي ونحتاجو نقل القش شكون يجي يشوفها,find_worker,mover,synth
sa7bi nzid des prises fel cuisine!! chkoun yji fissa3?,urgent_service,electrician,synth
واش نگدر نستعمل التطبيگ كضيف بلا كونت؟,app_question,none,synth
win nleqa bitziria mli7a fi bjaia?,out_of_scope,none,synth
نحوس على شقة للكراء في مستغانم,out_of_scope,none,synth
معليش تقولي كيفاش راه الطقس في بليده؟,out_of_scope,none,synth
bche7al lkhdema ta3 kouafour t2eriba?,price_inquiry,barber,synth
عندي السطح يقطر ونحتاج ايتونشيتي في الدار، واش نديار؟,find_worker,mason,synth
wech hi las3ar ta3 mnouzii f blida?,price_inquiry,carpenter,synth
besoin d un مول البلاكو serieux f مستغانم,find_worker,plasterer,synth
راهي عندي السروال طويل ونحب نقصرو وحاصل,find_worker,tailor,synth
شحال تكلف خدمة: نحب نحفف گبل العيد,price_inquiry,barber,synth
combien pour etancheite ta3 stah?,price_inquiry,mason,synth
شحال يكلف نحب نديار باب حديد للحوش؟ الله يخليك,price_inquiry,welder,synth
dork dork gateaux traditionnels lel 3ers,urgent_service,caterer,synth
chkoun 3ando numero ta3 déménageur f Constantine?,find_worker,mover,synth
الدار فيها السيفون تاع التواليت خسر من سيمانة كاملة,find_worker,plumber,synth
ch7al ykalefni électricien pour une journee?,price_inquiry,electrician,synth
سلام، كيفاش نبدل المهنة تاعي في البروفيل؟,app_question,none,synth
restaurant ghaya l le diner f Blida? ya kho,out_of_scope,none,synth
rahi 3nedi n7eb nkhit jba 2sentinia lle3res w7asl,find_worker,tailor,synth
chhal lsoum ta3 tbakha?,price_inquiry,caterer,synth
وين نشري الزرع والورد للجنان في وهران؟,out_of_scope,none,synth
عاونوني! تنظيف بعد خدمة البناء وراني حاصل,urgent_service,cleaner,synth
نحوس على شقة للكراء في بليدة,out_of_scope,none,synth
نبغي نديار قفص حديد فوق السطح ومازال ما لقيتش لي يصلحها,find_worker,welder,synth
صحا، تحياتي ليكم,greeting_chitchat,none,synth
نحب نتعلم الحلاگه باش نحل صالون,out_of_scope,none,synth
3awnouni recharge gaz ta3 la clim w rani 7asel,urgent_service,ac_repair,synth
win n9era lanjelizia fi wheran?,out_of_scope,none,synth
البانيو مسدود والما ما ينزلش، شكون يعرف سباك مليح؟,find_worker,plumber,synth
combien coute un mol l placo?,price_inquiry,plasterer,synth
يعطيكم الصحة، نحوس خياطة ناشط في بجاية,find_worker,tailor,synth
"arjou lmsa3da bser3a, n7eb nrakeb lambat lid f dar kamel",urgent_service,electrician,synth
شحال يدير كوافور في ورقلة؟,price_inquiry,barber,synth
lfnitra ma tsekrech mli7!! n7taj wa7d yji fissa3,urgent_service,carpenter,synth
ch7al ykelfeni wa7d y3aweni f khdema f eddar llioum kamel?,price_inquiry,none,synth
les amis bonsoir,greeting_chitchat,none,synth
win n9era lanjelizia f skikda,out_of_scope,none,synth
يعيشك خويا,greeting_chitchat,none,synth
"bonjour, chhal nkhels bach nsel7 nheb dikour jbes fi es s9af?",price_inquiry,plasterer,synth
دورك دورك الكونتور يدق كي نشعلو زوج ماشينات,urgent_service,electrician,synth
rani n7awes 3la مول البلاكو f الشلف ya kho,find_worker,plasterer,synth
دورك دورك نحب حماية حديد للفنيترات,urgent_service,welder,synth
ya khouya combien pour la voiture t7bes f nos tri2?,price_inquiry,mechanic,synth
الدار فيها نغطيو البيام نتاع البلافون بالجبس من سيمانة كاملة,find_worker,plasterer,synth
يعطيكم الصحة، نحوس مول الصباغة ناشط في سكيكدة ياخو,find_worker,painter,synth
ch7al taman bach ndir peindre le plafond,price_inquiry,painter,synth
kifech nbeddel el mhena ta3i fi lbroufil?,app_question,none,synth
نحب نخيط اندورة للعيد!! نحتاج واحد يجي فيسع,urgent_service,tailor,synth
nebghi ncheri machina saboun jdida chhal el soum? merci,out_of_scope,none,synth
urgence!! nbeddel couleur nta3 salon f Constantine,urgent_service,painter,synth
الدار فيها نحتاج تنظيف الزجاج والفنيترات تاع الفيلا من سيمانة كاملة,find_worker,cleaner,synth
ya kho kifah nbeddel numero ta3i f compte?,app_question,none,synth
نبغي نركب تريات في السقف، شكون يعرف تريسيان مليح؟ والله غير حاصل,find_worker,electrician,synth
عندي شعري طويل ونحب تحفيفة ديغراديه في الدار، واش نديار,find_worker,barber,synth
من فضلكم لاباتري راهي ميتة,find_worker,mechanic,synth
ya kho win nechri machine a coudre f Bordj Bou Arreridj?,out_of_scope,none,synth
"svp نجار f عنابة vite, parquet mkhareb",urgent_service,carpenter,synth
ch7al nkhalles bach nsale7 peindre le plafond?,price_inquiry,painter,synth
دلوني على فام دو ميناج شاطر ومعقول,find_worker,cleaner,synth
عندي تنظيف بعد خدمة البناء في الدار، واش نديار؟,find_worker,cleaner,synth
nebghi net3allem la couture kayen des cours,out_of_scope,none,synth
عندي نحب نخيط ڨندورة للعيد في الدار، واش نديار؟,find_worker,tailor,synth
عندي فو بلافون مع اضاءة مخبية ونحتاج واحد يصلحهالي,find_worker,plasterer,synth
عندي الكليمة ما تبردش في الدار، واش نديار؟,find_worker,ac_repair,synth
ya cheikh kifach nfe3l lmou93 bach yle9aouni el 3mal?,app_question,none,synth
kifah nfe3l el moug3 bach ylegaouni l3mal?,app_question,none,synth
"3nedi n7taj arfef llebirou f dar, wech ndiar?",find_worker,carpenter,synth
نبغي نصبغ الدار قبل العيد,find_worker,painter,synth
nhawes 3la ch9a llekra fi jijl,out_of_scope,none,synth
les amis c'est quoi l'abonnement pro?,app_question,none,synth
راهي عندي حففلي راسي ديغراديه وحاصل,find_worker,barber,synth
"arjou lmsa3da bser3a, el lavabo rah yfouiti",urgent_service,plumber,synth
el rouba t7etaj tdii9 mn el jnab ya kho,find_worker,tailor,synth
"nsit klema lsr, wach ndiar?",app_question,none,synth
نحتاج طاكسي للمطار غدوة الصباح وشكرا مسبأا,out_of_scope,none,synth
jari gali nsegsi hna 3la najjar f Bejaia,find_worker,carpenter,synth
ya kho nkhayet 9andoura lel 3id!! chkoun yji fissa3?,urgent_service,tailor,synth
نبغي نديار فو بلافون بلاكو في الصالون فيسع فيسع,urgent_service,plasterer,synth
n9edr nle9a kahrabji yji lyoum l ghredaia?,find_worker,electrician,synth
win nechri machine a coudre f Biskra?,out_of_scope,none,synth
dlouni 3la moul el sbaka chatr wme3goul,find_worker,plumber,synth
عندي نبغي صباغة غرفة الأطفال بألوان شابة في الدار، واش نديار؟,find_worker,painter,synth
chhal lsoum ta3 kahrabaji?,price_inquiry,electrician,synth
win n9era lanjelizia fi batna? wallah ghir 7asel,out_of_scope,none,synth
gateaux traditionnels lel 3ers,find_worker,caterer,synth
chkoun 3nedou nimirou nta3 moul lkhiata f boumredas?,find_worker,tailor,synth
كليمة الطوموبيل ما تبردش!! نحتاج واحد يجي فيسع,urgent_service,mechanic,synth
"slm, wach kayen agent de nettoyage grib meni f Annaba?",find_worker,cleaner,synth
عندي نحتاج نتوايا وصيانة الكليمة قبل الصيف في الدار، واش نديار؟,find_worker,ac_repair,synth
"saha, chhal tkelf khdema: n7eb nrakeb triat fi es s9af?",price_inquiry,electrician,synth
شكرا بزااااف,greeting_chitchat,none,synth
نحتاج عمال ينزلولي العفش من الطابق الخامس شكون عندو حل,find_worker,mover,synth
نحتاج مول الصباغة يجي غدوة الصباح لـ ورقلة,find_worker,painter,synth
chhal nkhels bach nsel7 lrtouba 9oust el blakou ta3 lbit?,price_inquiry,plasterer,synth
win n9era lanjelizia f boumredas? merci,out_of_scope,none,synth
wech n9edr nset3eml el ttebi9 kdif bla kount?,app_question,none,synth
شحال يكلف نحب صباغة غرفة الأطفال بألوان شابة,price_inquiry,painter,synth
نحب نبدل لون الصالون ومازال ما لڨيتش لي يصلحها,find_worker,painter,synth
راني نحوس على خياط في بجاية,find_worker,tailor,synth
خويا نحب طباخة تجي تطيب في الدار لمناسبة شكون يجي يشوفها بارك الله فيكم,find_worker,caterer,synth
سلام، بليز تريتور في سطيف دوك دوك، طباخة لحفلة النجاح,urgent_service,caterer,synth
وين كاين أقرب صيدلية في الشلف؟,out_of_scope,none,synth
راني نحوس على طباخة في مستغانم,find_worker,caterer,synth
كيفاش نفعل الموقع باش يلقاوني العمال؟ ياخو,app_question,none,synth
wach negder ncancel demande b3aththa?,app_question,none,synth
يا خويا وين نلقى تكوين في النجارة؟,out_of_scope,none,synth
واش هي الأسعار نتاع واحد يعاونني في خدمة في الدار في تيارت؟,price_inquiry,none,synth
"saha, les haies y7tajo taille chkoun ydirha?",out_of_scope,none,synth
بشحال الخدمة تاع مول الصباغة تقريبا؟,price_inquiry,painter,synth
عاونوني! نديرو مارشات گدام باب الدار وراني حاصل,urgent_service,mason,synth
شكرا على المساعدة بارك الله فيكم,greeting_chitchat,none,synth
n7eb ndiar پlakar 3la gias 3aounouni,find_worker,carpenter,synth
راهي عندي لاباتري راهي ميتة وحاصل,find_worker,mechanic,synth
نحب ديكور جبس في السأف ومازال ما لأيتش لي يصلحها,find_worker,plasterer,synth
خويا الانتيريتور خسر ما يشعلش الضو شكون يجي يشوفها,find_worker,electrician,synth
البلاط تاع الساحة تحرك وتكسر واش نديار,find_worker,mason,synth
كاين رطوبة وتقشير في سقف البيت عاونوني,find_worker,painter,synth
تنظيف الموكيت والكناپي من فضلكم,find_worker,cleaner,synth
يا جماعة بليز مول الخياطة في مستغانم ضركا ضركا، نحب نخيط كسوة تقليدية للعرس,urgent_service,tailor,synth
شكون يركب سڨي أوتوماتيك في الجنينة,out_of_scope,none,synth
c'est quoi l'abonnement pro? wallah ghir 7asel,app_question,none,synth
n7taj msel7 tlajat mlih f bsekra,find_worker,appliance_repair,synth
شكون عندو نيميرو نتاع ناقل العفش في الجزائر العاصمة؟,find_worker,mover,synth
lfnitra ma tsekrech mlih!! n7taj wa7d yji fissa3,urgent_service,carpenter,synth
تصليح سودير في السلم الحديدي!! نحتاج واحد يجي فيسع وشكرا مسبقا,urgent_service,welder,synth
seche-linge khasser wach ndir,find_worker,appliance_repair,synth
طوفان الما في الكوزينة عاونوني,find_worker,plumber,synth
عندي حلاڨة اللحية والتحديد ونحتاج واحد يصلحهالي,find_worker,barber,synth
عندي مشكلة في الويفي نتاع دجيزي,out_of_scope,none,synth
كسكسي لخمسين نفر لصدقة عاونوني,find_worker,caterer,synth
شكون عندو نيميرو تاع منوزيي في مستغانم؟,find_worker,carpenter,synth
دورك دورك نحب نزيد بريزة جديدة في البيرو,urgent_service,electrician,synth
كسكسي لخمسين نفر لصدگه، شكون يعرف مول الطياب مليح؟,find_worker,caterer,synth
ltlaja tdir sout ghrib wne7taj li ysala7 el machinat dirket tawa,urgent_service,appliance_repair,synth
depuis 3 jours 3andna le portail khrej men blasstou svp,find_worker,welder,synth
ch7al ykelf lپarki ta3 lbit tkherb?,price_inquiry,carpenter,synth
شحال السوم تاع ميكانيكي؟ بارك الله فيكم,price_inquiry,mechanic,synth
الله يخليكم نحتاج نزيد بيت فوق السطح ومقدرتش نلقى حل,urgent_service,mason,synth
les prix ta3 mol l placo f Bordj Bou Arreridj?,price_inquiry,plasterer,synth
الكونجيلاتور ما يجمدش، شكون يعرف مصلح تلاجات مليح؟,find_worker,appliance_repair,synth
ngedr nlega kahrabaji yji lyoum l boumredas,find_worker,electrician,synth
عاونوني! حفرة كبيرة في حيط الجبس وراني حاصل,urgent_service,plasterer,synth
crepissage ta3 façade n7taj bennay tawa drouk,urgent_service,mason,synth
شحال يدير sebbagh في Batna؟ والله غير حاصل,price_inquiry,painter,synth
وين كاين أأرب صيدلية في الشلف؟,out_of_scope,none,synth
الله يخليكم نبغي نديار فو بلافون بلاكو في الصالون ومقدرتش نلقى حل,urgent_service,plasterer,synth
نحب نديار فو بلافون بلاكو في الصالون!! نحتاج واحد يجي فيسع,urgent_service,plasterer,synth
شحال السوم تاع عاملة تنظيف؟,price_inquiry,cleaner,synth
دلوني على واحد يعاونني في خدمة في الدار شاطر ومعقول,find_worker,none,synth
la peinture t9echret ... chkoun ysal7hali?,find_worker,painter,synth
واش هي الأسعار تاع واحد يعاونني في خدمة في الدار في بليدة,price_inquiry,none,synth
يا جماعة علاش ما يوصلنيش الإشعار كي يجاوبني عامل؟,app_question,none,synth
rani n7awes 3la agent de nettoyage f Bordj Bou Arreridj,find_worker,cleaner,synth
n7awes jardinier mli7 ytayye7li les mauvaises herbes merci,out_of_scope,none,synth
el karlaj ta3 le7mam tqel3 woula yjem3 el ma 3aounouni,find_worker,mason,synth
serwal twil nheb ngassrou!! chkoun yji fissa3?,urgent_service,tailor,synth
ya cheikh win nel9a pizzeria mli7a f سكيكدة?,out_of_scope,none,synth
serwal twil nheb n9assrou chkoun 3ando solution,find_worker,tailor,synth
واش هي الأسعار تاع واحد يعاونني في خدمة في الدار في غرداية؟,price_inquiry,none,synth
نحوس على شأة للكراء في تيزي وزو,out_of_scope,none,synth
"saha, kifach nbeddel el mhena ta3i f el broufil?",app_question,none,synth
humidité fel mur chkoun 3ando solution,find_worker,mason,synth
مستعجل: نحتاج كوافور اليوم في الشلف,urgent_service,barber,synth
drouk dork rampe d escalier en fer ya kho,urgent_service,welder,synth
"y3etikm ls7a, n7awes wa7d y3aweni fi khdema fi dar nacht f bjaia",find_worker,none,synth
devis approximatif: traiteur pour f tour ramadan?,price_inquiry,caterer,synth
نحوس وصفة طاجين حلو للعيد,out_of_scope,none,synth
شحال يدير لي يدير الميناج في جيجل؟,price_inquiry,cleaner,synth
الباب تاع الكوزينة تكسر,find_worker,carpenter,synth
ch7al ykalefni femme de ménage pour une journee? rabi y7afdkom,price_inquiry,cleaner,synth
ch7al taman bach ndir les murs mkharbchin ye7tajo enduit?,price_inquiry,painter,synth
faux plafond ba13 f salon men fadlkom,find_worker,plasterer,synth
wach kayen tabbakha 9rib meni f Chlef?,find_worker,caterer,synth
3awnouni toilette bouchée w el ma ytla3 w rani 7asel,urgent_service,plumber,synth
win nelqa les demandes li b3aththom?,app_question,none,synth
جاري قالي نسقسي هنا على صباغ في سطيف,find_worker,painter,synth
قنوات الما تاع الدار قدام يسقطو!! نحتاج واحد يجي فيسع,urgent_service,plumber,synth
شحال يكلفني كهربائي لليوم كامل؟,price_inquiry,electrician,synth
ارجو المساعدة بسرعة، الكشابية محتاجة ترڨيع,urgent_service,tailor,synth
نحوس على ريسطورون مليح للعشاء في Ghardaia,out_of_scope,none,synth
الدار فيها نبغي نزيد بريزة جديدة في البيرو من سيمانة كاملة,find_worker,electrician,synth
les prix nta3 électricien f Ouargla?,price_inquiry,electrician,synth
شحال تكلف خدمة: الطوموبيل ما تحبش تشعل؟,price_inquiry,mechanic,synth
ta7fifa w l7ya ... chkoun ysal7hali?,find_worker,barber,synth
win ncheri lzre3 walourd llejnan fi batna?,out_of_scope,none,synth
كيفاش نڨيّم العامل بعد الخدمة؟,app_question,none,synth
سلام يعطيكم الصحة,greeting_chitchat,none,synth
n7taj wa7d yqes el 7chich ta3 jardin,out_of_scope,none,synth
wach rahi akhbar lmatch ta3 el bar7?,out_of_scope,none,synth
دلوني على reparateur climatiseur شاطر ومعقول,find_worker,ac_repair,synth
واش التطبيڨ يخدم بلا انترنات,app_question,none,synth
kifach ndiar kount fisbouk?,out_of_scope,none,synth
n7taj kouafour yji lledar nhar l3res wmazal ma l9itch li ysel7eha,find_worker,barber,synth
les prix ta3 خياطة f غرداية,price_inquiry,tailor,synth
وين نشري ماكينة خياطة جديدة في مستغانم,out_of_scope,none,synth
disjoncteur yti7 kol chwiya 3awnouni,find_worker,electrician,synth
الدار فيها نبغي طباخة تجي تطيب في الدار لمناسبة من سيمانة كاملة,find_worker,caterer,synth
من فضلكم بريز محروقة من فضلكم,find_worker,electrician,synth
win kayen pharmacie qriba f Ouargla? rabi y7afdkom,out_of_scope,none,synth
wach el khlas ykoun kach wla balkarta?,app_question,none,synth
n7awes 3la appartement l kra f Biskra,out_of_scope,none,synth
win kayen pharmacie qriba f Chlef?,out_of_scope,none,synth
عندي نديرو حيط بلاكو نقسمو بيه البيت في الدار، واش نديار؟,find_worker,plasterer,synth
m3elich t9ouli kifech rah el t9es fi stif,out_of_scope,none,synth
7ala mset3ejla: lsbagha t9echret f lbit merci,urgent_service,painter,synth
نحتاج واحد يقص الحشيش تاع الجنان والله غير حاصل,out_of_scope,none,synth
الطوموبيل تحبس في نص الطريق,find_worker,mechanic,synth
جاري قالي نسقسي هنا على سباك في بسكرة,find_worker,plumber,synth
خويا الباب الحديدية خرجت من بلاصتها شكون يجي يشوفها,find_worker,welder,synth
شحال السوم تاع مول السباكة؟ الله يخليك,price_inquiry,plumber,synth
kayen ri7a mjari f le7mam 3aounouni,find_worker,plumber,synth
les amis kifach nfe3l el mou93 bach yle9aouni el 3mal?,app_question,none,synth
"svp mécanicien f Setif vite, clim ta3 tonobil ma tberredch",urgent_service,mechanic,synth
les prix ta3 peintre f Alger?,price_inquiry,painter,synth
3andi clim tetlok ri7a khayba,find_worker,ac_repair,synth
rani n7awes 3la coiffeur f Constantine,find_worker,barber,synth
"slm, wach kayen لي ينقل الأثاث 9rib meni f ورقلة?",find_worker,mover,synth
wach n9der nkoun worker w client f meme temps?,app_question,none,synth
3andi nbeddel couleur ta3 salon,find_worker,painter,synth
واش نڨدر نستعمل التطبيڨ كضيف بلا كونت؟ والله غير حاصل,app_question,none,synth
عندي نقل تلاجة وماشينة للطابق الثالث,find_worker,mover,synth
وين نگرا لانجليزية في غرداية؟,out_of_scope,none,synth
location camion m3a demenageurs ... chkoun ysal7hali?,find_worker,mover,synth
porte mkessra ... chkoun ysal7hali,find_worker,carpenter,synth
les prix ta3 mécanicien f Alger?,price_inquiry,mechanic,synth
coupe degradé m3a trait 3awnouni,find_worker,barber,synth
wach n2der nkoun worker w client f meme temps?,app_question,none,synth
نڨل تلاجة وماشينة للطابڨ الثالث ونحتاج ديمناجور ديركت دوك,urgent_service,mover,synth
sa7bi ch7al taman bach ndir porte en fer forgé lel 7ouch?,price_inquiry,welder,synth
n7taj wa7d y3aweni f khdema fi dar yji ghodwa el sba7 l batna,find_worker,none,synth
شكون ربح الكان هاد العام؟ الله يخليك,out_of_scope,none,synth
kifach nactivi la localisation fel appli?,app_question,none,synth
bche7al lkhdema ta3 demenageur tgeriba?,price_inquiry,mover,synth
ضروك دورك نبغي صبغة ومشطة في الدار,urgent_service,barber,synth
dlouni 3la naql el 3fech chatr wme3qoul,find_worker,mover,synth
kifach nactivi la localisation fel appli? ya kho,app_question,none,synth
peinture ta3 chambre d'enfants w ma 3reftch win nrou7,find_worker,painter,synth
ya khouya balselama,greeting_chitchat,none,synth
ch7al lsoum ta3 masoun?,price_inquiry,mason,synth
win kayen pharmacie 9riba f تيزي وزو?,out_of_scope,none,synth
n7awes 3la appartement l kra f Constantine,out_of_scope,none,synth
wech n9edr nleghi tleb b3ethtou?,app_question,none,synth
عاونوني! اللافابو راه يفويتي وراني حاصل,urgent_service,plumber,synth
bche7al el khdema nta3 soudour t9eriba?,price_inquiry,welder,synth
نگدر نلگى دهان يجي اليوم لـ غرداية؟,find_worker,painter,synth
wach ngder nkoun worker w client f meme temps? rabi y7afdkom,app_question,none,synth
rani n7awes 3la femme de ménage f Setif,find_worker,cleaner,synth
نحتاج عمال ينزلولي العفش من الطابق الخامس!! نحتاج واحد يجي فيسع,urgent_service,mover,synth
شحال يكلف نحتاج تريتور لفطور رمضان لعائلة كبيرة؟,price_inquiry,caterer,synth
الماشينة تاع الصابون تجري الما من تحت فيسع فيسع,urgent_service,appliance_repair,synth
tseb7ou 3la khir,greeting_chitchat,none,synth
"ya cheikh nsit klema el sr, wech ndiar?",app_question,none,synth
compte guest kifah ykhdem,app_question,none,synth
شحال يكلفني agent de nettoyage لليوم كامل؟,price_inquiry,cleaner,synth
n7taj arfef llebirou fissa3 fissa3,urgent_service,carpenter,synth
البيسي تاعي ولا ثأيل بزاف واش نديار؟,out_of_scope,none,synth
كيفاش نشوف تڨييمات العامل ڨبل ما نخدم معاه؟,app_question,none,synth
الطابلة تاع الصالون محتاجة تصليح شكون عندو حل,find_worker,carpenter,synth
طوفان الما في الكوزينة!! نحتاج واحد يجي فيسع,urgent_service,plumber,synth
"bliz masoun f tizi wzou dorka dork, plafond el gharaj tai7 mnou el asment wbain l7did",urgent_service,mason,synth
ya cheikh t7iati likm,greeting_chitchat,none,synth
llh ykhelikm tritour llekhtana nhar ljme3a wmegdertech nlega 7l,urgent_service,caterer,synth
عندي الدار محتاجة تنظيف عميڨ في الدار، واش نديار؟,find_worker,cleaner,synth
3nedi tritour llekhtana nhar ljme3a wne7taj wa7d ysel7ehali,find_worker,caterer,synth
واش هي الأسعار نتاع sebbagh في Jijel؟,price_inquiry,painter,synth
شحال تكلف خدمة: كليمة الطوموبيل ما تبردش؟,price_inquiry,mechanic,synth
من فضلكم عندي نبغي نديار باب حديد للحوش,find_worker,welder,synth
يا خويا واش راهي أخبار الماتش تاع البارح؟,out_of_scope,none,synth
moteur yeskhon yasser 3awnouni,find_worker,mechanic,synth
نحوس على ريسطورون زين للعشاء في مستغانم,out_of_scope,none,synth
وين نشري الزرع والورد للجنان في Oran؟,out_of_scope,none,synth
سلام خويا، شحال يكلف نحتاج تركيب كليمة جديدة؟,price_inquiry,ac_repair,synth
"bonjour, nheb net3allem la couture kayen des cours?",out_of_scope,none,synth
نحتاج طاكسي للمطار غدوة الصباح بارك الله فيكم,out_of_scope,none,synth
déplacer la clim l chambre okhra men fadlkom,find_worker,ac_repair,synth
شحال تكلف خدمة: نبغي نركب تريات في السڨف؟,price_inquiry,electrician,synth
sa7bi 3lach les notifications ma yjounich?,app_question,none,synth
ya cheikh ch7al ydir moul el jbes fi batna?,price_inquiry,plasterer,synth
win nel9a pizzeria mli7a f Tlemcen,out_of_scope,none,synth
شحال راهي الساعة؟ والله غير حاصل,out_of_scope,none,synth
repeindre la façade ta3 dar men fadlkom,find_worker,painter,synth
ngedr nlega kahrabji yji lyoum l Oran?,find_worker,electrician,synth
"slm, nb7ath 3la babysitter l wladi",out_of_scope,none,synth
شحال يكلف نحب نركب باب رئيسية جديدة؟,price_inquiry,carpenter,synth
n7taj sbagha plafond wne7taj dhan dirket tawa,urgent_service,painter,synth
كيفاش نبدل المهنة تاعي في البروفيل؟ يعطيكم الصحة,app_question,none,synth
cas urgent: etancheite ta3 stah ya kho,urgent_service,mason,synth
يا جماعة تقصير الكم تاع القميجة من فضلكم,find_worker,tailor,synth
3aounouni! el moutour ysekhn bezzaf wrani 7asl,urgent_service,mechanic,synth
n7eb nte3lem el khiata wech kayen tkouin 9rib?,out_of_scope,none,synth
الكم تاع الفيستة طويل ويحتاج تأصير شكون عندو حل,find_worker,tailor,synth
شحال يدير مول البناء في وهران؟,price_inquiry,mason,synth
win nechri machine a coudre f Bordj Bou Arreridj?,out_of_scope,none,synth
"svp sebbak f Annaba vite, chauffe-eau ma yeskhonch",urgent_service,plumber,synth
"svp sebbak f Bordj Bou Arreridj vite, ri7at el mjari fel hammam",urgent_service,plumber,synth
combien coute un reparateur climatiseur?,price_inquiry,ac_repair,synth
نحتاج نركب سخان الما جديد واش نديار,find_worker,plumber,synth
راني نحوس على مول السودير في بسكرة,find_worker,welder,synth
شكون عندو نيميرو تاع مول الجبس في بليدة؟,find_worker,plasterer,synth
عندي نحب صباغة غرفة الأطفال بألوان شابة ونحتاج واحد يصلحهالي,find_worker,painter,synth
الله يخليكم الديجونكتور يطيح ديما ومڨدرتش نلڨى حل,urgent_service,electrician,synth
devis approximatif: clim nta3 tonobil ma tberredch,price_inquiry,mechanic,synth
شحال يكلف نحتاج صباغة السقف؟,price_inquiry,painter,synth
escalier en bois yzegzeg!! chkoun yji fissa3?,urgent_service,carpenter,synth
ya khouya jari gali nsegsi hna 3la khiata f boumredas,find_worker,tailor,synth
مستعجل: نحتاج barbier اليوم في Alger,urgent_service,barber,synth
location camion m3a demenageurs wach ndir,find_worker,mover,synth
نحتاج كوافور يجي للدار نهار العرس!! نحتاج واحد يجي فيسع,urgent_service,barber,synth
شحال نخلص باش نصلح ريحة كابل محروگ؟ الله يخليك,price_inquiry,electrician,synth
جاري قالي نسقسي هنا على مصلح الأجهزه في عنابه,find_worker,appliance_repair,synth
bche7al el khdema ta3 khayat t9eriba?,price_inquiry,tailor,synth
les amis restaurant mli7 l le diner f Boumerdes?,out_of_scope,none,synth
win nle2a bitziria mli7a fi msetghanm?,out_of_scope,none,synth
wach kayen cuisiniere grib meni f Blida?,find_worker,caterer,synth
الدار فيها الكليمة ناأصها غاز من سيمانة كاملة,find_worker,ac_repair,synth
"saha, n7awes 3la appartement l kra f Ouargla",out_of_scope,none,synth
الكناپي ولا مصفر من الاولاد ويحتاج غسيل عميق من فضلكم وشكرا مسبقا,find_worker,cleaner,synth
الباب الحديدية خرجت من بلاصتها واش نديار,find_worker,welder,synth
n7awes 3la appartement l kra f Mostaganem ya kho,out_of_scope,none,synth
n7taj tiab lloulima nhar lsbet chkoun 3nedou 7l merci,find_worker,caterer,synth
راني نحوس على مصلح الأجهزه في غردايه,find_worker,appliance_repair,synth
نحوس على ريسطورون مليح للعشاء في تيزي وزو,out_of_scope,none,synth
نبغي نتعلم الكهرباء واش كاين تكوين؟ ياخو,out_of_scope,none,synth
chkoun 3nedou nimirou ta3 wa7d y3aweni f khdema fi eddar fi Tiaret? merci,find_worker,none,synth
el پarki ta3 lbit tkherb chkoun 3nedou 7l,find_worker,carpenter,synth
نحوس على ريسطورون مليح للعشاء في بسكرة,out_of_scope,none,synth
شحال نخلص باش نصلح نحب نخيط قندورة للعيد؟,price_inquiry,tailor,synth
واش هي الأسعار تاع حلاق في عنابة؟,price_inquiry,barber,synth
ecran ta3 telephone therres win nsal7ou? wallah ghir 7asel,out_of_scope,none,synth
السياج الأخضر تاع الجنان يحتاج تقليم وشكرا مسبقا,out_of_scope,none,synth
3andi gateaux traditionnels lel 3ers,find_worker,caterer,synth
واش هي الأسعار تاع صباغ في بسكرة,price_inquiry,painter,synth
ch7al nkhalles bach nsale7 escalier en bois yzegzeg?,price_inquiry,carpenter,synth
depuis 3 jours 3andna rampe d escalier en fer,find_worker,welder,synth
les prix ta3 menuisier f Tiaret?,price_inquiry,carpenter,synth
n7eb ncheri machina saboun jdida chhal el soum,out_of_scope,none,synth
شحال يكلف نحول من وهران للعاصمة ونحتاج نگل العفش؟ والله غير حاصل,price_inquiry,mover,synth
واش الخلاص يكون كاش ولا بالكارطة؟ ياخو,app_question,none,synth
نبغي نديار قفص حديد فوق السطح، شكون يعرف سودور مليح؟,find_worker,welder,synth
صاحبي عندي كاين ريحة مجاري في الحمام في الدار، واش نديار؟,find_worker,plumber,synth
restaurant mli7 l le diner f Blida?,out_of_scope,none,synth
شحال يكلفني مول الطياب لليوم كامل؟,price_inquiry,caterer,synth
ch7al taman bach ndir cuisine en bois sur mesure,price_inquiry,carpenter,synth
صحا خويا يعطيكم الصحة,greeting_chitchat,none,synth
compte guest kifach ykhdem,app_question,none,synth
شحال تكلف خدمة: طباخة تطيب الشخشوخة لمناسبة؟,price_inquiry,caterer,synth
urgence!! des etageres l biro f سطيف,urgent_service,carpenter,synth
ch7al ydir électricien f Annaba?,price_inquiry,electrician,synth
خويا الحيط فيه شأوأ كبار شكون يجي يشوفها,find_worker,mason,synth
kifach nbeddel r9em tilifouni f lkount?,app_question,none,synth
combien pour fissures kbar fel 7it?,price_inquiry,mason,synth
وين نشري ماكينة خياطة جديدة في Ghardaia؟,out_of_scope,none,synth
نديرو درابزين حديد للدرج!! نحتاج واحد يجي فيسع,urgent_service,welder,synth
كاين رطوبة وتقشير في سقف البيت، شكون يعرف مول الصباغة مليح؟,find_worker,painter,synth
وين نشري ماكينة خياطة جديدة في برج بوعريريج؟,out_of_scope,none,synth
الروبة تحتاج تضييگ من الجناب واش نديار,find_worker,tailor,synth
عندي كاين ريحة مجاري في الحمام ونحتاج واحد يصلحهالي الله يخليك,find_worker,plumber,synth
ch7al ykalefni مول الطياب pour une journee?,price_inquiry,caterer,synth
ارجو المساعدة بسرعة، الجبس تاع السڨف تشڨڨ ومحتاج تصليح,urgent_service,plasterer,synth
nbi3 telephone samsung presque jdid svp,out_of_scope,none,synth
nettoyage ta3 dar kamla men fadlkom,find_worker,cleaner,synth
ياخو نقدر نلقى واحد يعاونني في خدمة في الدار يجي اليوم لـ سكيكدة؟,find_worker,none,synth
lsbagha t9echret f el bit mn fdelkem,find_worker,painter,synth
3andi la roue tneffes,find_worker,mechanic,synth
"y3etikm el s7a, n7awes wa7d y3aweni f khdema f eddar nacht f boumredas",find_worker,none,synth
شحال تكلف خدمة: السڨف نتاع البلاكو طاح منو طرف؟,price_inquiry,plasterer,synth
شحال السوم تاع بلومبيي؟,price_inquiry,plumber,synth
"nsit klema el sr, wach ndiar",app_question,none,synth
le platre nta3 plafond tcheqqeq,find_worker,plasterer,synth
نحتاج كاميو صغير ننڨل بيه الأثاث عاونوني,find_worker,mover,synth
سلام عليكم وشكرا مسبقا,greeting_chitchat,none,synth
شحال يكلف حيط الحوش مايل وخايفين يطيح؟,price_inquiry,mason,synth
سلام خويا، شحال تكلف خدمة: نحب نكوموندي حلويات تقليدية للعرس؟,price_inquiry,caterer,synth
التيليفون تاعي تهرس الايكران وين نصلحو؟,out_of_scope,none,synth
kifech nkhedm bhad lttebiq,app_question,none,synth
dlouni 3la l7am chatr wme39oul,find_worker,welder,synth
"sa7bi bliz t9eni klimatizour f tizi wzou dork dork, el klima ttel9 ri7a kriha",urgent_service,ac_repair,synth
n7taj wa7d yqes el 7chich ta3 el jnan,out_of_scope,none,synth
واش الخلاص يكون كاش ولا بالكارطة,app_question,none,synth
toute la maison sans courant fissa3 svp,urgent_service,electrician,synth
n7eb nte3lem lkhiata wach kayen tkouin 9rib?,out_of_scope,none,synth
win nechri machine a coudre f Tlemcen?,out_of_scope,none,synth
شحال راهي الساعة؟ وشكرا مسبقا,out_of_scope,none,synth
شكون يركب سگي أوتوماتيك في الجنينة؟,out_of_scope,none,synth
يا جماعة جاري قالي نسقسي هنا على لي يصلح الماشينات في عنابة,find_worker,appliance_repair,synth
combien coute un couturiere? svp,price_inquiry,tailor,synth
يا شيخ كيفاش نشارك في العروض تاع الخدمات؟,app_question,none,synth
شحال السوم تاع ناقل العفش؟,price_inquiry,mover,synth
نقدر نلقى دهان يجي اليوم لـ بومرداس؟ ياخو,find_worker,painter,synth
n9edr nle9a mikanisian yji lyoum l wre9la?,find_worker,mechanic,synth
changer le cablage 9dim!! chkoun yji fissa3?,urgent_service,electrician,synth
jari 9ali nse9si hna 3la fam dou minaj f brej bou3ririj w chokran,find_worker,cleaner,synth
شحال تكلف خدمة: الما يقطر من سقف الحمام؟,price_inquiry,plumber,synth
n7oul mn wheran lle3asma wne7taj n9el el 3fech wne7taj dimnajour dirket tawa,urgent_service,mover,synth
وين نقرا لانجليزية في برج بوعريريج؟,out_of_scope,none,synth
el jnan m7etaj tne9ia w9azoun jdid,out_of_scope,none,synth
واش هي الأسعار تاع مول الضو في الجزائر العاصمة؟,price_inquiry,electrician,synth
دلوني على كوافور شاطر ومعأول,find_worker,barber,synth
شحال يدير نجار في مستغانم؟,price_inquiry,carpenter,synth
ضروك دورك الكشابية محتاجة ترڨيع,urgent_service,tailor,synth
"slm, wach kayen khayat 9rib meni f Boumerdes?",find_worker,tailor,synth
"bonjour, le paiement fel appli kifach ykoun?",app_question,none,synth
wach kayen wa7ed y3aweni f khedma f dar grib meni f جيجل?,find_worker,none,synth
بشحال الخدمة تاع لحّام تأريبا,price_inquiry,welder,synth
el lh ykhelikm tbakha l7efla el nja7 wmeqdertech nleqa 7l,urgent_service,caterer,synth
n7taj tarkib klima jdida chkoun 3nedou 7l,find_worker,ac_repair,synth
wach kayen réparateur électroménager grib meni f Oran?,find_worker,appliance_repair,synth
عندي الكناپي ولا مصفر من الاولاد ويحتاج غسيل عميق ونحتاج واحد يصلحهالي,find_worker,cleaner,synth
rani n7awes 3la li yne2l el athath fi batna,find_worker,mover,synth
شحال السوم تاع لي يصلح الماشينات؟,price_inquiry,appliance_repair,synth
صاحبي الله يخليكم السروال يحتاج تقصير ومقدرتش نلقى حل,urgent_service,tailor,synth
ya cheikh y3etik el s7a,greeting_chitchat,none,synth
شحال يدير مول الكليمة في تيزي وزو؟,price_inquiry,ac_repair,synth
طوفان الما في الكوزينه ونحتاج بلومبيي ديركت توا,urgent_service,plumber,synth
win kayen a9reb sidlia fi jijl?,out_of_scope,none,synth
la chape ta3 les chambres 9bel le parquet w ma 3reftch win nrou7,find_worker,mason,synth
سلام خويا، نحب نتعلم الكهرباء واش كاين تكوين؟,out_of_scope,none,synth
nheb réparateur électroménager yji lyoum l Setif,find_worker,appliance_repair,synth
ريحة كابل محروق فيسع فيسع,urgent_service,electrician,synth
rahi 3nedi ndirou drabzin 7did lledrej w7asl,find_worker,welder,synth
kifach nbeddel lmhena ta3i fi el broufil,app_question,none,synth
بشحال الخدمه تاع لي يصلح الكليمه تقريبا؟,price_inquiry,ac_repair,synth
"saha, win kayen pharmacie 9riba f Oran?",out_of_scope,none,synth
reparer les volets ta3 fenetres ... chkoun ysal7hali?,find_worker,carpenter,synth
"les amis j'ai oublié mon mot de passe, wach ndir?",app_question,none,synth
بشحال الخدمة تاع reparateur machine a laver تگريبا؟,price_inquiry,appliance_repair,synth
شحال السوم تاع mikanisyan؟,price_inquiry,mechanic,synth
urgence!! femme de menage teji kol jem3a f Tizi Ouzou,urgent_service,cleaner,synth
nhawes jnaini yqelm lachjar ta3 el jnan,out_of_scope,none,synth
وين نشري الزرع والورد للجنان في قسنطينة؟,out_of_scope,none,synth
kifach neb3et demande de service? svp,app_question,none,synth
مستعجل: نحتاج واحد يعاونني في خدمة في الدار اليوم في تلمسان يعطيكم الصحة,urgent_service,none,synth
راهي عندي نقل الحوايج من الدار القديمة للجديدة وحاصل,find_worker,mover,synth
سلام، وين نشري بلاكات بلاكو بالجملة؟,out_of_scope,none,synth
نقدر نلقى مول الكليمه يجي اليوم لـ بومرداس؟,find_worker,ac_repair,synth
"svp menuisier f Tizi Ouzou vite, placard sur mesure",urgent_service,carpenter,synth
win nechri gazon w les plantes f تيارت?,out_of_scope,none,synth
"y3etikm ls7a, nhawes trisyan nacht fi stif",find_worker,electrician,synth
3andi brushing w couleur f dar,find_worker,barber,synth
شحال نخلص باش نصلح نقل بيانو من الطابق الرابع؟,price_inquiry,mover,synth
شحال تكلف خدمة: الكوزينيار ما يشعلوش البلاكات تاعو؟,price_inquiry,appliance_repair,synth
شحال يكلف نحتاج نركب سخان الما جديد؟,price_inquiry,plumber,synth
عندي طوفان الما في الكوزينة ونحتاج واحد يصلحهالي,find_worker,plumber,synth
شحال تكلف خدمة: نحب نفصل كوستيم على قياسي؟,price_inquiry,tailor,synth
ma l9itch reparateur climatiseur disponible f Oran,find_worker,ac_repair,synth
jardin m7etaj tneqia wqazoun jdid,out_of_scope,none,synth
شحال نخلص باش نصلح الدرج الخشبي يزقزق؟,price_inquiry,carpenter,synth
les amis combien coute un 7addad?,price_inquiry,welder,synth
femme de menage l villa kol khemis fissa3 svp,urgent_service,cleaner,synth
سلام، نقل الحوايج من الدار القديمة للجديدة ونحتاج لي ينقل الأثاث ديركت دوك,urgent_service,mover,synth
"3andi portail ta3 garage mkasser, chkoun ye3ref 7addad zin",find_worker,welder,synth
win ncheri makina khiata jdida fi boumredas?,out_of_scope,none,synth
wach n9der nkoun worker w client f meme temps? merci,app_question,none,synth
صحا، وين نشري ماكينة خياطة جديدة في سكيكدة؟,out_of_scope,none,synth
win nechri gazon w les plantes f Alger?,out_of_scope,none,synth
lsiaj ta3 l7did tkesr wme7taj soudir wech ndiar,find_worker,welder,synth
ياخو واش راك؟,greeting_chitchat,none,synth
راني نحوس على منوزيي في مستغانم,find_worker,carpenter,synth
wach kayen sebbagh qrib meni f Setif,find_worker,painter,synth
نسيت كلمة السر، واش نديار؟ الله يخليك,app_question,none,synth
كيفاه نشوف تقييمات العامل قبل ما نخدم معاه,app_question,none,synth
wach kayen cuisiniere 9rib meni f Biskra?,find_worker,caterer,synth
"bonjour, bounjour",greeting_chitchat,none,synth
ya cheikh kifech nqim el 3aml b3ed el khdema?,app_question,none,synth
شحال يكلف قنوات الما تاع الدار قدام يسقطو؟,price_inquiry,plumber,synth
parquet mkhareb w ma 3reftch win nrou7,find_worker,carpenter,synth
نبغي نضيق الروبة من الجناب,find_worker,tailor,synth
عندي نحب نركب باب رئيسية جديدة,find_worker,carpenter,synth
وين كاين أقرب صيدلية في Ouargla؟,out_of_scope,none,synth
cas urgent: fenetre ma tetsakkarch mli7,urgent_service,carpenter,synth
combien pour les lampes yrigliw wa7edhom?,price_inquiry,electrician,synth
kayen riha mjari fi el hammam wech ndiar,find_worker,plumber,synth
الاومبرياج يزلق من فضلكم,find_worker,mechanic,synth
ch7al ydir mécanicien f Bordj Bou Arreridj?,price_inquiry,mechanic,synth
ياخو واش راهي أخبار الماتش نتاع البارح؟,out_of_scope,none,synth
كيفاش نديار كونت فيسبوك؟,out_of_scope,none,synth
chhal ykelfeni tritour llioum kamel?,price_inquiry,caterer,synth
wech kayen chi blakist qrib mn bjaia,find_worker,plasterer,synth
"arjou lmsa3da bser3a, tarkib blakou blatr m3 lsboutat",urgent_service,plasterer,synth
راني نحوس على مول الضو في عنابة,find_worker,electrician,synth
les murs mkharbchin ye7tajo enduit fissa3 svp,urgent_service,painter,synth
bslema,greeting_chitchat,none,synth
صاحبي نڨدر نلڨى واحد يعاونني في خدمة في الدار يجي اليوم لـ باتنة؟,find_worker,none,synth
نبغي وصفه كسكسي بالدجاج,out_of_scope,none,synth
rani n7awes 3la transport meubles f Boumerdes,find_worker,mover,synth
sa7bi chkoun rbe7 lkan had l3am?,out_of_scope,none,synth
fenetre ma tetsakkarch mli7 men fadlkom,find_worker,carpenter,synth
kifach rah el jaw f Tiaret?,out_of_scope,none,synth
دورك دورك الجبس تاع السڨف تشڨڨ ومحتاج تصليح,urgent_service,plasterer,synth
الطابلة تاع الصالون محتاجة تصليح,find_worker,carpenter,synth
راهي عندي تصليح سودير في السلم الحديدي وحاصل,find_worker,welder,synth
سلام خويا، وين نلقى تكوين في النجارة؟,out_of_scope,none,synth
نحتاج تنظيف الزجاج والفنيترات تاع الفيلا ونحتاج فام دو ميناج ديركت توا,urgent_service,cleaner,synth
شحال يكلف الطوموبيل ما تحبش تشعل؟,price_inquiry,mechanic,synth
douk dork nettoyage w entretien nta3 la clim,urgent_service,ac_repair,synth
وين نلقى بيتزيريا مليحة في سكيكدة؟,out_of_scope,none,synth
nebghi nte3lem el khiata wech kayen tkouin 9rib?,out_of_scope,none,synth
واش نڨدر نخدم كعامل وكليان في نفس الوڨت؟ والله غير حاصل,app_question,none,synth
ya khouya chkoun 3nedou nimirou ta3 reparateur machine a laver fi Annaba?,find_worker,appliance_repair,synth
سلام خويا، عاونوني! الضو مقطوع في الدار كامل وراني حاصل,urgent_service,electrician,synth
wach kayen kwafur 9rib meni f Ouargla?,find_worker,barber,synth
"saha, 3andi des etageres l biro",find_worker,carpenter,synth
ch7al ykelfeni reparateur machine a laver llioum kamel?,price_inquiry,appliance_repair,synth
n7taj tiab lloulima nhar el sbet 3aounouni,find_worker,caterer,synth
شحال يكلف حلاأة اللحية والتحديد؟,price_inquiry,barber,synth
عندي نحتاج طباخة لعرس مية نفر في الدار، واش نديار؟,find_worker,caterer,synth
ch7al nkhalles bach nsale7 moteur yeskhon bzzzaf?,price_inquiry,mechanic,synth
وين نشري ماكينة خياطة جديدة في تلمسان,out_of_scope,none,synth
شحال نخلص باش نصلح الفور ما يسخنش؟ ياخو,price_inquiry,appliance_repair,synth
دلوني على طباخة شاطر ومعقول,find_worker,caterer,synth
صحا، شكرا على المساعدة,greeting_chitchat,none,synth
سلام خويا، الباب تاع الكوزينة تكسر من فضلكم,find_worker,carpenter,synth
نحوس على ريسطورون مليح للعشاء في الشلف,out_of_scope,none,synth
يا شيخ ربي يحفظكم,greeting_chitchat,none,synth
نحوس على طبيب أسنان مليح في مستغانم,out_of_scope,none,synth
يا خويا نحتاج تركيب كليمة جديدة فيسع فيسع,urgent_service,ac_repair,synth
من فضلكم واش كاين شي مول الضو قريب من بليدة؟,find_worker,electrician,synth
"nebghi ncheri toumoubil mset3emla, wech tnes7ouni?",out_of_scope,none,synth
ndirou 7it blakou ngesmou bih el bit wmazal ma lgitch li ysel7eha,find_worker,plasterer,synth
cas urgent: placard sur mesure wallah ghir 7asel,urgent_service,carpenter,synth
les amis lsiaj lakhder ta3 el jnan y7etaj t9elim,out_of_scope,none,synth
يا جماعة طوفان الما في الكوزينة، شكون يعرف بلومبيي مليح؟,find_worker,plumber,synth
شحال السوم تاع منوزيي؟ بارك الله فيكم,price_inquiry,carpenter,synth
عندي فو بلافون مع اضاءة مخبية,find_worker,plasterer,synth
نگدر نلگى منوزيي يجي اليوم لـ باتنة؟,find_worker,carpenter,synth
راهي عندي نحب نضيگ الروبة من الجناب وحاصل,find_worker,tailor,synth
"slm, 3awnouni placo avec spots led w rani 7asel",urgent_service,plasterer,synth
win nel2a pizzeria mli7a f Oran?,out_of_scope,none,synth
"j'ai oublié mon mot de passe, wach ndir",app_question,none,synth
عندي نحتاج طباخة لعرس مية نفر,find_worker,caterer,synth
صحا، واش هي الأسعار تاع كهربائي في تلمسان؟,price_inquiry,electrician,synth
khouya fou blafoun m3 adaa mkhebia chkoun yji ychoufha,find_worker,plasterer,synth
depuis 3 jours 3andna decor jebs fel plafond,find_worker,plasterer,synth
وين نشري ماكينة خياطة جديدة في بسكرة؟,out_of_scope,none,synth
واش الأحوال؟ ياخو,greeting_chitchat,none,synth
شحال نخلص باش نصلح ريحة كابل محروق؟,price_inquiry,electrician,synth
svp recette ta3 couscous svp,out_of_scope,none,synth
les prix ta3 agent de nettoyage f Bordj Bou Arreridj?,price_inquiry,cleaner,synth
nettoyage w entretien ta3 la clim fissa3 svp ya kho,urgent_service,ac_repair,synth
chkoun 3ando numero ta3 technicien clim f Oran? merci,find_worker,ac_repair,synth
الكناپي ولا مصفر من الاولاد ويحتاج غسيل عميق,find_worker,cleaner,synth
ch7al nkhalles bach nsale7 le portail khrej men blasstou?,price_inquiry,welder,synth
devis approximatif: changer la fermeture ta3 pantalon?,price_inquiry,tailor,synth
win nechri machine a coudre f Ghardaia?,out_of_scope,none,synth
شحال نخلص باش نصلح نحتاج نبدل الكابلاج الڨديم نتاع الدار؟,price_inquiry,electrician,synth
chkoun 3ando numero ta3 menuisier f Setif? rabi y7afdkom,find_worker,carpenter,synth
demenagement ta3 bureau n7taj transport meubles tawa dorka,urgent_service,mover,synth
chhal ykelf l3jela tnefs,price_inquiry,mechanic,synth
ya khouya el jnan m7etaj tne9ia w9azoun jdid,out_of_scope,none,synth
congelateur ma yjamedch w ma 3reftch win nrou7,find_worker,appliance_repair,synth
"saha, arrosage automatique lel jnina chkoun yrakbou?",out_of_scope,none,synth
ch7al ykalefni مول الكليمة pour une journee? w chokran,price_inquiry,ac_repair,synth
"ya cheikh y3etikm el s7a, n7awes wa7d y3aweni f khdema fi eddar nacht fi skikda",find_worker,none,synth
ch7al ydir bennay f Tizi Ouzou?,price_inquiry,mason,synth
شحال تكلف خدمة: كاين ريحة مجاري في الحمام؟,price_inquiry,plumber,synth
ltablou el kahrabaji 9dim wikhouf wech ndiar,find_worker,electrician,synth
nebghi nte3lem lkhiata wach kayen tkouin qrib?,out_of_scope,none,synth
ma lqitch لي ينقل الأثاث disponible f تيارت,find_worker,mover,synth
يا خويا كيفاش نشارك في العروض تاع الخدمات؟,app_question,none,synth
svp ndirou 7it blakou ngesmou bih el bit wne7taj blakist dirket tawa,urgent_service,plasterer,synth
ya khouya saha khouya,greeting_chitchat,none,synth
depuis 3 jours 3andna reparer les volets nta3 fenetres,find_worker,carpenter,synth
نحوس على طبيب أسنان غايا في بومرداس,out_of_scope,none,synth
الكونجيلاتور ما يجمدش!! نحتاج واحد يجي فيسع,urgent_service,appliance_repair,synth
واش كاين شي دهان قريب من بومرداس,find_worker,painter,synth
نقدر نلقى plombier يجي اليوم لـ Setif؟,find_worker,plumber,synth
الكليمة ناقصها غاز ونحتاج تقني كليماتيزور ديركت توا,urgent_service,ac_repair,synth
نقدر نلقى حلاق يجي اليوم لـ سكيكدة؟,find_worker,barber,synth
كسكسي لخمسين نفر لصدگة فيسع فيسع,urgent_service,caterer,synth
"svp sebbagh f Chlef vite, peindre le plafond",urgent_service,painter,synth
nhawes 3la tbib asnan mlih f batna,out_of_scope,none,synth
نحتاج سباك زين في عنابة,find_worker,plumber,synth
بشحال الخدمة تاع سودور تقريبا,price_inquiry,welder,synth
عندي كليمة الطوموبيل ما تبردش في الدار، واش نديار؟,find_worker,mechanic,synth
يا خويا دوك دورك نبغي نخيط جبة قسنطينية للعرس,urgent_service,tailor,synth
كيفاش نقيّم العامل بعد الخدمه؟,app_question,none,synth
n7eb nte3lem lkhiata wech kayen tkouin 9rib,out_of_scope,none,synth
شحال تكلف خدمة: السياج تاع الحديد تكسر ومحتاج سودير؟,price_inquiry,welder,synth
urgence!! tableau electrique 9dim f Chlef,urgent_service,electrician,synth
douk dork faux plafond avec lumiere indirecte,urgent_service,plasterer,synth
rani n7awes 3la traiteur f Boumerdes,find_worker,caterer,synth
واش الخلاص يكون كاش ولا بالكارطة؟,app_question,none,synth
lave-vaisselle y7bes f nos wach ndir,find_worker,appliance_repair,synth
"n7eb ncheri toumoubil mset3emla, wach tnes7ouni?",out_of_scope,none,synth
tarqi3 ta3 kachabiya fissa3 svp,urgent_service,tailor,synth
restaurant mli7 l le diner f Setif,out_of_scope,none,synth
kifach n9im el 3aml b3ed el khdema?,app_question,none,synth
عندي نقل مكتب من وسط المدينة في الدار، واش نديار؟,find_worker,mover,synth
n7taj li yne2l lathath yji ghodwa lsba7 l tlemsan,find_worker,mover,synth
ma l9itch sebbak disponible f Mostaganem,find_worker,plumber,synth
واش هي الأسعار تاع واحد يعاونني في خدمة في الدار في باتنة,price_inquiry,none,synth
عندي الكوزينيار ما يشعلوش البلاكات تاعو في الدار، واش نديار؟,find_worker,appliance_repair,synth
يا شيخ شحال السوم تاع mason؟,price_inquiry,mason,synth
وين نشري الزرع والورد للجنان في عنابة؟,out_of_scope,none,synth
حالة مستعجلة: نحتاج طباخة لعرس مية نفر,urgent_service,caterer,synth
nebghi nte3lem el kherba wach kayen tkouin?,out_of_scope,none,synth
"svp لي يدير الميناج f عنابة vite, nettoyage des vitres ta3 villa",urgent_service,cleaner,synth
نحتاج نبدل الكابلاج القديم تاع الدار فيسع فيسع والله غير حاصل,urgent_service,electrician,synth
wach kayen réparateur électroménager grib meni f Chlef?,find_worker,appliance_repair,synth
شحال نخلص باش نصلح التابلو الكهربائي قديم ويخوف؟,price_inquiry,electrician,synth
besoin d un réparateur électroménager serieux f Ghardaia,find_worker,appliance_repair,synth
"saha, kifech nmes7 el 7sab ta3i?",app_question,none,synth
شحال يدير مول الخياطة في بسكرة,price_inquiry,tailor,synth
حالة مستعجلة: الفنيترة ما تسكرش مليح,urgent_service,carpenter,synth
الرطوبة گوست البلاكو تاع البيت فيسع فيسع,urgent_service,plasterer,synth
llh ykhelikm n7taj kouafour yji lledar nhar l3res wme9dertech nle9a 7l,urgent_service,barber,synth
نحتاج واحد يقص الحشيش تاع الجنان يعطيكم الصحة,out_of_scope,none,synth
3nedi mchekla fi lwifi nta3 djizi,out_of_scope,none,synth
nebghi nechri machine a laver jdida ch7al?,out_of_scope,none,synth
"slm, el rtouba klat el 7it ta3 el bit mn fdelkem",find_worker,mason,synth
صاحبي عاونوني! نحتاج كوافور يجي للدار نهار العرس وراني حاصل,urgent_service,barber,synth
svp ya3tik saha,greeting_chitchat,none,synth
سلام، شحال يكلف الاشتراك في الشهر؟,app_question,none,synth
بليز مول الميكانيك في عنابة دورك دورك، الطوموبيل ما تحبش تشعل,urgent_service,mechanic,synth
شحال يكلفني مول الضو لليوم كامل؟,price_inquiry,electrician,synth
"y3etikm ls7a, n7awes peintre nacht fi Oran",find_worker,painter,synth
الدار فيها الحيوط مخبشين ونحتاجو تصليح وصباغة من سيمانة كاملة,find_worker,painter,synth
"svp réparateur électroménager f Batna vite, frigo ydir bruit bizarre",urgent_service,appliance_repair,synth
nkhayet qandoura lel 3id fissa3 svp,urgent_service,tailor,synth
حالة مستعجلة: الكليماتيزور يدير صوت غريب,urgent_service,ac_repair,synth
راهي عندي نبغي بورطاي حديد للغاراج وحاصل,find_worker,welder,synth
"sa7bi arjou el msa3da bser3a, llafisal t7ebs fi ns el broughram",urgent_service,appliance_repair,synth
مستعجل: نحتاج لي يصلح الكليمة اليوم في بومرداس,urgent_service,ac_repair,synth
ياخو نقدر نلقى بنّاء يجي اليوم لـ غرداية؟,find_worker,mason,synth
عاونوني! الباب تاع الكوزينة تكسر وراني حاصل,urgent_service,carpenter,synth
meuble tv en placo fel mur ... chkoun ysal7hali?,find_worker,plasterer,synth
شكون عندو نيميرو تاع مصلح تلاجات في الشلف؟,find_worker,appliance_repair,synth
win ncheri makina khiata jdida f boumredas,out_of_scope,none,synth
راهي عندي الفنيترة ما تسكرش مليح وحاصل,find_worker,carpenter,synth
عندي كي نشعل الماشينة يطيح الضو في الدار، واش نديار؟,find_worker,electrician,synth
le paiement fel appli kifach ykoun? wallah ghir 7asel,app_question,none,synth
ههههه شابه,greeting_chitchat,none,synth
ch7al ykelfeni bloumbi llioum kamel?,price_inquiry,plumber,synth
بشحال الخدمة نتاع réparateur électroménager تقريبا؟,price_inquiry,appliance_repair,synth
chkoun 3nedou nimirou ta3 coiffeur fi Tizi Ouzou?,find_worker,barber,synth
دلوني على مول البناء شاطر ومعگول,find_worker,mason,synth
خويا حفرة كبيرة في حيط الجبس شكون يجي يشوفها,find_worker,plasterer,synth
el ma 7abes f dar kamla 3awnouni,find_worker,plumber,synth
دلوني على لي يدير الميناج شاطر ومعقول,find_worker,cleaner,synth
واش معنى الاشتراك برو للعامل؟,app_question,none,synth
خويا السطح يأطر ونحتاج ايتونشيتي شكون يجي يشوفها,find_worker,mason,synth
win n9era lanjelizia fi el chlef,out_of_scope,none,synth
ضركا دورك نهدمو حيط ونحلو باب,urgent_service,mason,synth
جاري االي نسأسي هنا على سباك في الشلف,find_worker,plumber,synth
3nedi n7taj kamiou sghir nneql bih el athath wne7taj wa7d ysel7ehali,find_worker,mover,synth
ch7al nkhels bach nsel7 sbagha labouab walfenitrat?,price_inquiry,painter,synth
ضروك دورك التلاجة ما تبردش والمأكلة تخسر الله يخليك,urgent_service,appliance_repair,synth
urgence!! peinture nta3 dar kamla f Bordj Bou Arreridj,urgent_service,painter,synth
عاونوني! الكوزينيار ما يشعلوش البلاكات تاعو وراني حاصل,urgent_service,appliance_repair,synth
الاومبرياج يزلق ونحتاج ميكانيكي ديركت توا,urgent_service,mechanic,synth
ch7al ykelfeni blakist llioum kamel,price_inquiry,plasterer,synth
مستعجل: نحتاج couturier اليوم في Oran,urgent_service,tailor,synth
معليش تقولي كيفاه راه الطقس في وهران؟,out_of_scope,none,synth
يعطيكم الصحة، نحوس مول السباكة ناشط في بليدة,find_worker,plumber,synth
الفرينات يديرو صوت يخوف عاونوني,find_worker,mechanic,synth
humidité fel mur 3awnouni,find_worker,mason,synth
وين نلگى بيتزيريا مليحة في غرداية؟ والله غير حاصل,out_of_scope,none,synth
n7awes 3la dentiste mli7 f Oran,out_of_scope,none,synth
wech el ttebig ykhedm bla anternat?,app_question,none,synth
الدار فيها التلاجة ما تبردش والمأكلة تخسر من سيمانة كاملة,find_worker,appliance_repair,synth
rahi 3nedi sbagha el abouab walfenitrat w7asl,find_worker,painter,synth
recette ta3 tajine 7lou lel 3id w chokran,out_of_scope,none,synth
نبغي ننقل العفش لدار جديدة!! نحتاج واحد يجي فيسع,urgent_service,mover,synth
نحتاج فيدونج وتبديل الفيلترات فيسع فيسع,urgent_service,mechanic,synth
wach hi las3ar ta3 7la9 fi bsekra?,price_inquiry,barber,synth
combien coute un kwafur?,price_inquiry,barber,synth
extension ta3 dar 3awnouni wallah ghir 7asel,find_worker,mason,synth
راهي عندي الما ضعيف ما يطلعش للطابق وحاصل,find_worker,plumber,synth
الطوموبيل ما تحبش تشعل عاونوني,find_worker,mechanic,synth
من فضلكم نبغي نتعلم الكهرباء واش كاين تكوين؟,out_of_scope,none,synth
buffet pour fete de fiançailles,find_worker,caterer,synth
نحتاج نركب سخان الما جديد عاونوني,find_worker,plumber,synth
شكون عندو نيميرو تاع مول الخياطة في سكيكدة؟,find_worker,tailor,synth
les prix ta3 دهان f جيجل? ya kho,price_inquiry,painter,synth
"arjou el msa3da bser3a, jbes plafond tai7 chouia chouia",urgent_service,plasterer,synth
حلاقة في الدار لشيخ كبير ما يقدرش يخرج فيسع فيسع,urgent_service,barber,synth
chkera 3la lmsa3da,greeting_chitchat,none,synth
سلام، وين نشري الزرع والورد للجنان في جيجل؟,out_of_scope,none,synth
rahi 3nedi la clim ma tsekhnech fi el chta w7asl,find_worker,ac_repair,synth
win nechri des plaques ba13 en gros? wallah ghir 7asel,out_of_scope,none,synth
شحال السوم تاع ديمناجور؟,price_inquiry,mover,synth
ch7al ydir plaquiste f Batna?,price_inquiry,plasterer,synth
fenetre ma tetsakkarch ghaya wach ndir,find_worker,carpenter,synth
يا شيخ وين نلقى بيتزيريا مليحة في وهران؟,out_of_scope,none,synth
تضييق القميجة من الجناب باش تجي على القد,find_worker,tailor,synth
شحال يدير بنّاء في غرداية؟,price_inquiry,mason,synth
cas urgent: lampe techmel w tetfa wa7edha,urgent_service,electrician,synth
نقدر نلقى مول البلاكو يجي اليوم لـ بجاية؟,find_worker,plasterer,synth
نحتاج نبدل الكابلاج القديم تاع الدار عاونوني,find_worker,electrician,synth
win nechri gazon w les plantes f Tiaret?,out_of_scope,none,synth
بونجور والله غير حاصل,greeting_chitchat,none,synth
مستعجل: نحتاج واحد يعاونني في خدمة في الدار اليوم في ورڨلة,urgent_service,none,synth
ch7al nkhalles bach nsale7 buffet pour fete de fiançailles?,price_inquiry,caterer,synth
depuis 3 jours 3andna la peinture t9echret,find_worker,painter,synth
واش التطبيق مجاني ولا بالخلاص؟ يعطيكم الصحة,app_question,none,synth
كيفاش نزيد تصاور لخدماتي,app_question,none,synth
combien pour traiteur pour f tour ramadan?,price_inquiry,caterer,synth
frigo ydir bruit bizarre w ma 3reftch win nrou7,find_worker,appliance_repair,synth
شحال يكلف الاشتراك في الشهر؟ والله غير حاصل,app_question,none,synth
دلوني على تريتور شاطر ومعقول,find_worker,caterer,synth
عاونوني! كليمة الطوموبيل ما تبردش وراني حاصل,urgent_service,mechanic,synth
"bonjour, kifach ndir compte facebook?",out_of_scope,none,synth
svp nbeddel couleur ta3 salon ... chkoun ysal7hali?,find_worker,painter,synth
ياخو شحال السوم تاع دهان؟,price_inquiry,painter,synth
soudure nta3 porte metallique ... chkoun ysal7hali?,find_worker,welder,synth
3nedi el moutour ysekhn bezzaf wne7taj wa7d ysel7ehali,find_worker,mechanic,synth
عندي نحب نبدل لون الصالون ونحتاج واحد يصلحهالي,find_worker,painter,synth
kifach rah el jaw f وهران?,out_of_scope,none,synth
kifah nbeddel numero ta3i f compte?,app_question,none,synth
mset3ejle: n7taj mol lkhiata lyoum fi bjaia,urgent_service,tailor,synth
"svp reparateur machine a laver f Tizi Ouzou vite, machine a laver ma tkhdemch",urgent_service,appliance_repair,synth
دلوني على مول السباكة شاطر ومعڨول,find_worker,plumber,synth
ya cheikh ch7al taman bach ndir tar9i3 ta3 serwal met9atta3 men rokba?,price_inquiry,tailor,synth
يا شيخ نحب نديار كوزينة خشب على قياس,find_worker,carpenter,synth
menage ba3d la fete men fadlkom,find_worker,cleaner,synth
الكليمة تطلأ ريحة كريهة واش نديار,find_worker,ac_repair,synth
السيفون نتاع التواليت خسر!! نحتاج واحد يجي فيسع,urgent_service,plumber,synth
من فضلكم يعطيكم الصحة، نحوس bennay ناشط في Bordj Bou Arreridj,find_worker,mason,synth
win kayen a9reb sidlia f bsekra?,out_of_scope,none,synth
صحا، صحا خويا,greeting_chitchat,none,synth
عندي نغطيو البيام تاع البلافون بالجبس ونحتاج واحد يصلحهالي,find_worker,plasterer,synth
wach men film mli7 nchoufou lyoum? w chokran,out_of_scope,none,synth
3nedi nebghi ndiar پlakar 3la 9ias,find_worker,carpenter,synth
سلام خويا، شكون عندو نيميرو تاع demenageur في Skikda؟,find_worker,mover,synth
وين نقرا لانجليزية في باتنة؟,out_of_scope,none,synth
"slm, wach n9der nkoun worker w client f meme temps?",app_question,none,synth
kifah nbeddel lmhena ta3i f el broufil?,app_question,none,synth
combien pour seche-linge khasser?,price_inquiry,appliance_repair,synth
نحوس على ريسطورون غايا للعشاء في Skikda,out_of_scope,none,synth
نقدر نلقى تريتور يجي اليوم لـ مستغانم؟ وشكرا مسبقا,find_worker,caterer,synth
win nechri gazon w les plantes f Bejaia,out_of_scope,none,synth
3andi retouche ta3 costume,find_worker,tailor,synth
شكون عندو نيميرو نتاع kahrabji في Jijel؟,find_worker,electrician,synth
جاري قالي نسقسي هنا على سودور في بليدة,find_worker,welder,synth
je cherche un mason à Bordj Bou Arreridj,find_worker,mason,synth
kifah nghayyer profession fel compte ta3i?,app_question,none,synth
kifach nbeddel r9em tilifouni fi el kount?,app_question,none,synth
"arjou lmsa3da bser3a, el klima ttel9 riha kriha",urgent_service,ac_repair,synth
je cherche un technicien clim à Tlemcen,find_worker,ac_repair,synth
ch7al ykalefni couturiere pour une journee?,price_inquiry,tailor,synth
besoin d un najjar serieux f Setif,find_worker,carpenter,synth
السحاب تاع الجاكيطة خسر ونحتاج خياط ديركت توا,urgent_service,tailor,synth
الله يخليكم تركيب بلاكو بلاتر مع السبوتات ومگدرتش نلگى حل,urgent_service,plasterer,synth
نحوس على شقة للكراء في Bejaia,out_of_scope,none,synth
n7awes 3la dentiste mli7 f Biskra,out_of_scope,none,synth
sa7bi bonsoir,greeting_chitchat,none,synth
نحب نديار مكتبه في الحيط بالبلاكو ومازال ما لقيتش لي يصلحها,find_worker,plasterer,synth
nhawes jnaini y9elm el achjar ta3 jardin,out_of_scope,none,synth
drouk dork nebghi nrakeb lafabou jdid f el hammam,urgent_service,plumber,synth
يا شيخ بونجور,greeting_chitchat,none,synth
sa7bi ch7al nkhalles bach nsale7 lave-vaisselle y7bes f nos?,price_inquiry,appliance_repair,synth
cas urgent: construire un garage f jardin,urgent_service,mason,synth
مستعجل: نحتاج بنّاء اليوم في بومرداس,urgent_service,mason,synth
"el siaj ta3 el 7did tkesr wme7taj soudir, chkoun y3erf moul el soudir mlih?",find_worker,welder,synth
es s2af ta3 lblakou ta7 mnou tref!! n7taj wa7d yji fissa3 ya kho,urgent_service,plasterer,synth
3nedi tnedif el four waltelaja walkouzina el kl 2bel rmedan wne7taj wa7d ysel7ehali svp,find_worker,cleaner,synth
m3elich t9ouli kifah rah el t9es fi wheran,out_of_scope,none,synth
نحتاج plakist مليح في Tiaret,find_worker,plasterer,synth
